-0.445187	0.0335005	0.225136
-0.463907	0.0349092	0.724783
-0.482627	0.0363179	1.22443
-0.501347	0.0377266	1.72408
-0.520067	0.0391353	2.22373
-0.538787	0.0405439	2.72337
-0.557507	0.0419526	3.22302
-0.576226	0.0433613	3.72267
-0.594946	0.04477	4.22232
-0.613666	0.0461786	4.72196
-0.632386	0.0475873	5.22161
-0.651106	0.048996	5.72126
-0.669826	0.0504047	6.22091
-0.688546	0.0518134	6.72055
-0.707266	0.053222	7.2202
-0.725985	0.0546307	7.71985
-0.744705	0.0560394	8.21949
-0.763425	0.0574481	8.71914
-0.782145	0.0588568	9.21879
-0.800865	0.0602654	9.71844
-0.819585	0.0616741	10.2181
-0.838305	0.0630828	10.7177
-0.857025	0.0644915	11.2174
-0.875744	0.0659002	11.717
-0.894464	0.0673088	12.2167
-0.913184	0.0687175	12.7163
-0.931904	0.0701262	13.216
-0.950624	0.0715349	13.7156
-0.969344	0.0729436	14.2153
-0.988064	0.0743522	14.7149
-1.00678	0.0757609	15.2146
-1.0255	0.0771696	15.7142
-1.04422	0.0785783	16.2139
-1.06294	0.0799869	16.7135
-1.08166	0.0813956	17.2131
-1.10038	0.0828043	17.7128
-1.1191	0.084213	18.2124
-1.13782	0.0856217	18.7121
-1.15654	0.0870303	19.2117
-1.17526	0.088439	19.7114
-1.19398	0.0898477	20.211
-1.2127	0.0912564	20.7107
-1.23142	0.0926651	21.2103
-1.25014	0.0940737	21.71
-1.26886	0.0954824	22.2096
-1.28758	0.0968911	22.7093
-1.3063	0.0982998	23.2089
-1.32502	0.0997085	23.7086
-1.34374	0.101117	24.2082
-1.36246	0.102526	24.7079
-1.38118	0.103934	25.2075
-1.3999	0.105343	25.7072
-1.41862	0.106752	26.2068
-1.43734	0.108161	26.7065
-1.45606	0.109569	27.2061
-1.47478	0.110978	27.7057
-1.4935	0.112387	28.2054
-1.51222	0.113795	28.705
-1.53094	0.115204	29.2047
-1.54966	0.116613	29.7043
-1.56838	0.118021	30.204
-1.5871	0.11943	30.7036
-1.60582	0.120839	31.2033
-1.62454	0.122247	31.7029
-1.64326	0.123656	32.2026
-1.66198	0.125065	32.7022
-1.6807	0.126473	33.2019
-1.69942	0.127882	33.7015
-1.71814	0.129291	34.2012
-1.73686	0.130699	34.7008
-1.75558	0.132108	35.2005
-1.7743	0.133517	35.7001
-1.79302	0.134925	36.1998
-1.81174	0.136334	36.6994
-1.83046	0.137743	37.199
-1.84918	0.139151	37.6987
-1.8679	0.14056	38.1983
-1.88662	0.141969	38.698
-1.90534	0.143378	39.1976
-1.92406	0.144786	39.6973
-1.94278	0.146195	40.1969
-1.9615	0.147604	40.6966
-1.98022	0.149012	41.1962
-1.99894	0.150421	41.6959
-2.01766	0.15183	42.1955
-2.03638	0.153238	42.6952
-2.0551	0.154647	43.1948
-2.07382	0.156056	43.6945
-2.09254	0.157464	44.1941
-2.11126	0.158873	44.6938
-2.12998	0.160282	45.1934
-2.1487	0.16169	45.6931
-2.16742	0.163099	46.1927
-2.18614	0.164508	46.6923
-2.20486	0.165916	47.192
-2.22358	0.167325	47.6916
-2.2423	0.168734	48.1913
-2.26102	0.170142	48.6909
-2.27974	0.171551	49.1906
-2.29846	0.17296	49.6902
-2.31718	0.174368	50.1899
-2.3359	0.175777	50.6895
-2.35462	0.177186	51.1892
-2.37333	0.178594	51.6888
-2.39205	0.180003	52.1885
-2.41077	0.181412	52.6881
-2.42949	0.182821	53.1878
-2.44821	0.184229	53.6874
-2.46693	0.185638	54.1871
-2.48565	0.187047	54.6867
-2.50437	0.188455	55.1864
-2.52309	0.189864	55.686
-2.54181	0.191273	56.1857
-2.56053	0.192681	56.6853
-2.57925	0.19409	57.1849
-2.59797	0.195499	57.6846
-2.61669	0.196907	58.1842
-2.63541	0.198316	58.6839
-2.65413	0.199725	59.1835
-2.67285	0.201133	59.6832
-2.69157	0.202542	60.1828
-2.71029	0.203951	60.6825
-2.72901	0.205359	61.1821
-2.74773	0.206768	61.6818
-2.76645	0.208177	62.1814
-2.78517	0.209585	62.6811
-2.80389	0.210994	63.1807
-2.82261	0.212403	63.6804
-2.84133	0.213811	64.18
-2.86005	0.21522	64.6797
-2.87877	0.216629	65.1793
-2.89749	0.218038	65.679
-2.91621	0.219446	66.1786
-2.93493	0.220855	66.6782
-2.95365	0.222264	67.1779
-2.97237	0.223672	67.6775
-2.99109	0.225081	68.1772
-3.00981	0.22649	68.6768
-3.02853	0.227898	69.1765
-3.04725	0.229307	69.6761
-3.06597	0.230716	70.1758
-3.08469	0.232124	70.6754
-3.10341	0.233533	71.1751
-3.12213	0.234942	71.6747
-3.14085	0.23635	72.1744
-3.15957	0.237759	72.674
-3.17829	0.239168	73.1737
-3.19701	0.240576	73.6733
-3.21573	0.241985	74.173
-3.23445	0.243394	74.6726
-3.25317	0.244802	75.1723
-3.27189	0.246211	75.6719
-3.29061	0.24762	76.1715
-3.30933	0.249028	76.6712
-3.32805	0.250437	77.1708
-3.34677	0.251846	77.6705
-3.36549	0.253254	78.1701
-3.38421	0.254663	78.6698
-3.40293	0.256072	79.1694
-3.42165	0.257481	79.6691
-3.44037	0.258889	80.1687
-3.45909	0.260298	80.6684
-3.47781	0.261707	81.168
-3.49653	0.263115	81.6677
-3.51525	0.264524	82.1673
-3.53397	0.265933	82.667
-3.55269	0.267341	83.1666
-3.57141	0.26875	83.6663
-3.59013	0.270159	84.1659
-3.60885	0.271567	84.6656
-3.62757	0.272976	85.1652
-3.64629	0.274385	85.6649
-3.66501	0.275793	86.1645
-3.68373	0.277202	86.6641
-3.70245	0.278611	87.1638
-3.72117	0.280019	87.6634
-3.73989	0.281428	88.1631
-3.75861	0.282837	88.6627
-3.77733	0.284245	89.1624
-3.79605	0.285654	89.662
-3.81477	0.287063	90.1617
-3.83349	0.288471	90.6613
-3.85221	0.28988	91.161
-3.87093	0.291289	91.6606
-3.88965	0.292698	92.1603
-3.90837	0.294106	92.6599
-3.92708	0.295515	93.1596
-3.9458	0.296924	93.6592
-3.96452	0.298332	94.1589
-3.98324	0.299741	94.6585
-4.00196	0.30115	95.1582
-4.02068	0.302558	95.6578
-4.0394	0.303967	96.1574
-4.05812	0.305376	96.6571
-4.07684	0.306784	97.1567
-4.09556	0.308193	97.6564
-4.11428	0.309602	98.156
-4.133	0.31101	98.6557
-4.15172	0.312419	99.1553
-4.17044	0.313828	99.655
-4.18916	0.315236	100.155
-4.20788	0.316645	100.654
-4.2266	0.318054	101.154
-4.24532	0.319462	101.654
-4.26404	0.320871	102.153
-4.28276	0.32228	102.653
-4.30148	0.323688	103.153
-4.3202	0.325097	103.652
-4.33892	0.326506	104.152
-4.35764	0.327914	104.651
-4.37636	0.329323	105.151
-4.39508	0.330732	105.651
-4.4138	0.332141	106.15
-4.43252	0.333549	106.65
-4.45124	0.334958	107.15
-4.46996	0.336367	107.649
-4.48868	0.337775	108.149
-4.5074	0.339184	108.649
-4.52612	0.340593	109.148
-4.54484	0.342001	109.648
-4.56356	0.34341	110.148
-4.58228	0.344819	110.647
-4.601	0.346227	111.147
-4.61972	0.347636	111.647
-4.63844	0.349045	112.146
-4.65716	0.350453	112.646
-4.67588	0.351862	113.145
-4.6946	0.353271	113.645
-4.71332	0.354679	114.145
-4.73204	0.356088	114.644
-4.75076	0.357497	115.144
-4.76948	0.358905	115.644
-4.7882	0.360314	116.143
-4.80692	0.361723	116.643
-4.82564	0.363131	117.143
-4.84436	0.36454	117.642
-4.86308	0.365949	118.142
-4.8818	0.367358	118.642
-4.90052	0.368766	119.141
-4.91924	0.370175	119.641
-4.93796	0.371584	120.141
-4.95668	0.372992	120.64
-4.9754	0.374401	121.14
-4.99412	0.37581	121.639
-5.01284	0.377218	122.139
-5.03156	0.378627	122.639
-5.05028	0.380036	123.138
-5.069	0.381444	123.638
-5.08772	0.382853	124.138
-5.10644	0.384262	124.637
-5.12516	0.38567	125.137
-5.14388	0.387079	125.637
-5.1626	0.388488	126.136
-5.18132	0.389896	126.636
-5.20004	0.391305	127.136
-5.21876	0.392714	127.635
-5.23748	0.394122	128.135
-5.2562	0.395531	128.635
-5.27492	0.39694	129.134
-5.29364	0.398348	129.634
-5.31236	0.399757	130.133
-5.33108	0.401166	130.633
-5.3498	0.402574	131.133
-5.36852	0.403983	131.632
-5.38724	0.405392	132.132
-5.40596	0.406801	132.632
-5.42468	0.408209	133.131
-5.4434	0.409618	133.631
-5.46212	0.411027	134.131
-5.48084	0.412435	134.63
-5.49955	0.413844	135.13
-5.51827	0.415253	135.63
-5.53699	0.416661	136.129
-5.55571	0.41807	136.629
-5.57443	0.419479	137.129
-5.59315	0.420887	137.628
-5.61187	0.422296	138.128
-5.63059	0.423705	138.627
-5.64931	0.425113	139.127
-5.66803	0.426522	139.627
-5.68675	0.427931	140.126
-5.70547	0.429339	140.626
-5.72419	0.430748	141.126
-5.74291	0.432157	141.625
-5.76163	0.433565	142.125
-5.78035	0.434974	142.625
-5.79907	0.436383	143.124
-5.81779	0.437791	143.624
-5.83651	0.4392	144.124
-5.85523	0.440609	144.623
-5.87395	0.442018	145.123
-5.89267	0.443426	145.623
-5.91139	0.444835	146.122
-5.93011	0.446244	146.622
-5.94883	0.447652	147.121
-5.96755	0.449061	147.621
-5.98627	0.45047	148.121
-6.00499	0.451878	148.62
-6.02371	0.453287	149.12
-6.04243	0.454696	149.62
-6.06115	0.456104	150.119
-6.07987	0.457513	150.619
-6.09859	0.458922	151.119
-6.11731	0.46033	151.618
-6.13603	0.461739	152.118
-6.15475	0.463148	152.618
-6.17347	0.464556	153.117
-6.19219	0.465965	153.617
-6.21091	0.467374	154.117
-6.22963	0.468782	154.616
-6.24835	0.470191	155.116
-6.26707	0.4716	155.615
-6.28579	0.473008	156.115
-6.30451	0.474417	156.615
-6.32323	0.475826	157.114
-6.34195	0.477234	157.614
-6.36067	0.478643	158.114
-6.37939	0.480052	158.613
-6.39811	0.481461	159.113
-6.41683	0.482869	159.613
-6.43555	0.484278	160.112
-6.45427	0.485687	160.612
-6.47299	0.487095	161.112
-6.49171	0.488504	161.611
-6.51043	0.489913	162.111
-6.52915	0.491321	162.611
-6.54787	0.49273	163.11
-6.56659	0.494139	163.61
-6.58531	0.495547	164.11
-6.60403	0.496956	164.609
-6.62275	0.498365	165.109
-6.64147	0.499773	165.608
-6.66019	0.501182	166.108
-6.67891	0.502591	166.608
-6.69763	0.503999	167.107
-6.71635	0.505408	167.607
-6.73507	0.506817	168.107
-6.75379	0.508225	168.606
-6.77251	0.509634	169.106
-6.79123	0.511043	169.606
-6.80995	0.512451	170.105
-6.82867	0.51386	170.605
-6.84739	0.515269	171.105
-6.86611	0.516678	171.604
-6.88483	0.518086	172.104
-6.90355	0.519495	172.604
-6.92227	0.520904	173.103
-6.94099	0.522312	173.603
-6.95971	0.523721	174.102
-6.97843	0.52513	174.602
-6.99715	0.526538	175.102
-7.01587	0.527947	175.601
-7.03459	0.529356	176.101
-7.0533	0.530764	176.601
-7.07202	0.532173	177.1
-7.09074	0.533582	177.6
-7.10946	0.53499	178.1
-7.12818	0.536399	178.599
-7.1469	0.537808	179.099
-7.16562	0.539216	179.599
-7.18434	0.540625	180.098
-7.20306	0.542034	180.598
-7.22178	0.543442	181.098
-7.2405	0.544851	181.597
-7.25922	0.54626	182.097
-7.27794	0.547668	182.596
-7.29666	0.549077	183.096
-7.31538	0.550486	183.596
-7.3341	0.551894	184.095
-7.35282	0.553303	184.595
-7.37154	0.554712	185.095
-7.39026	0.556121	185.594
-7.40898	0.557529	186.094
-7.4277	0.558938	186.594
-7.44642	0.560347	187.093
-7.46514	0.561755	187.593
-7.48386	0.563164	188.093
-7.50258	0.564573	188.592
-7.5213	0.565981	189.092
-7.54002	0.56739	189.592
-7.55874	0.568799	190.091
-7.57746	0.570207	190.591
-7.59618	0.571616	191.09
-7.6149	0.573025	191.59
-7.63362	0.574433	192.09
-7.65234	0.575842	192.589
-7.67106	0.577251	193.089
-7.68978	0.578659	193.589
-7.7085	0.580068	194.088
-7.72722	0.581477	194.588
-7.74594	0.582885	195.088
-7.76466	0.584294	195.587
-7.78338	0.585703	196.087
-7.8021	0.587111	196.587
-7.82082	0.58852	197.086
-7.83954	0.589929	197.586
-7.85826	0.591338	198.086
-7.87698	0.592746	198.585
-7.8957	0.594155	199.085
-7.91442	0.595564	199.584
-7.93314	0.596972	200.084
-7.95186	0.598381	200.584
-7.97058	0.59979	201.083
-7.9893	0.601198	201.583
-8.00802	0.602607	202.083
-8.02674	0.604016	202.582
-8.04546	0.605424	203.082
-8.06418	0.606833	203.582
-8.0829	0.608242	204.081
-8.10162	0.60965	204.581
-8.12034	0.611059	205.081
-8.13906	0.612468	205.58
-8.15778	0.613876	206.08
-8.1765	0.615285	206.58
-8.19522	0.616694	207.079
-8.21394	0.618102	207.579
-8.23266	0.619511	208.078
-8.25138	0.62092	208.578
-8.2701	0.622328	209.078
-8.28882	0.623737	209.577
-8.30754	0.625146	210.077
-8.32626	0.626554	210.577
-8.34498	0.627963	211.076
-8.3637	0.629372	211.576
-8.38242	0.630781	212.076
-8.40114	0.632189	212.575
-8.41986	0.633598	213.075
-8.43858	0.635007	213.575
-8.4573	0.636415	214.074
-8.47602	0.637824	214.574
-8.49474	0.639233	215.074
-8.51346	0.640641	215.573
-8.53218	0.64205	216.073
-8.5509	0.643459	216.572
-8.56962	0.644867	217.072
-8.58834	0.646276	217.572
-8.60706	0.647685	218.071
-8.62577	0.649093	218.571
-8.64449	0.650502	219.071
-8.66321	0.651911	219.57
-8.68193	0.653319	220.07
-8.70065	0.654728	220.57
-8.71937	0.656137	221.069
-8.73809	0.657545	221.569
-8.75681	0.658954	222.069
-8.77553	0.660363	222.568
-8.79425	0.661771	223.068
-8.81297	0.66318	223.568
-8.83169	0.664589	224.067
-8.85041	0.665998	224.567
-8.86913	0.667406	225.066
-8.88785	0.668815	225.566
-8.90657	0.670224	226.066
-8.92529	0.671632	226.565
-8.94401	0.673041	227.065
-8.96273	0.67445	227.565
-8.98145	0.675858	228.064
-9.00017	0.677267	228.564
-9.01889	0.678676	229.064
-9.03761	0.680084	229.563
-9.05633	0.681493	230.063
-9.07505	0.682902	230.563
-9.09377	0.68431	231.062
-9.11249	0.685719	231.562
-9.13121	0.687128	232.062
-9.14993	0.688536	232.561
-9.16865	0.689945	233.061
-9.18737	0.691354	233.56
-9.20609	0.692762	234.06
-9.22481	0.694171	234.56
-9.24353	0.69558	235.059
-9.26225	0.696988	235.559
-9.28097	0.698397	236.059
-9.29969	0.699806	236.558
-9.31841	0.701214	237.058
-9.33713	0.702623	237.558
-9.35585	0.704032	238.057
-9.37457	0.705441	238.557
-9.39329	0.706849	239.057
-9.41201	0.708258	239.556
-9.43073	0.709667	240.056
-9.44945	0.711075	240.556
-9.46817	0.712484	241.055
-9.48689	0.713893	241.555
-9.50561	0.715301	242.055
-9.52433	0.71671	242.554
-9.54305	0.718119	243.054
-9.56177	0.719527	243.553
-9.58049	0.720936	244.053
-9.59921	0.722345	244.553
-9.61793	0.723753	245.052
-9.63665	0.725162	245.552
-9.65537	0.726571	246.052
-9.67409	0.727979	246.551
-9.69281	0.729388	247.051
-9.71153	0.730797	247.551
-9.73025	0.732205	248.05
-9.74897	0.733614	248.55
-9.76769	0.735023	249.05
-9.78641	0.736431	249.549
-9.80513	0.73784	250.049
-9.82385	0.739249	250.549
-9.84257	0.740658	251.048
-9.86129	0.742066	251.548
-9.88001	0.743475	252.047
-9.89873	0.744884	252.547
-9.91745	0.746292	253.047
-9.93617	0.747701	253.546
-9.95489	0.74911	254.046
-9.97361	0.750518	254.546
-9.99233	0.751927	255.045
-10.011	0.753336	255.545
-10.0298	0.754744	256.045
-10.0485	0.756153	256.544
-10.0672	0.757562	257.044
-10.0859	0.75897	257.544
-10.1046	0.760379	258.043
-10.1234	0.761788	258.543
-10.1421	0.763196	259.043
-10.1608	0.764605	259.542
-10.1795	0.766014	260.042
-10.1982	0.767422	260.541
-10.217	0.768831	261.041
-10.2357	0.77024	261.541
-10.2544	0.771648	262.04
-10.2731	0.773057	262.54
-10.2918	0.774466	263.04
-10.3106	0.775874	263.539
-10.3293	0.777283	264.039
-10.348	0.778692	264.539
-10.3667	0.780101	265.038
-10.3854	0.781509	265.538
-10.4042	0.782918	266.038
-10.4229	0.784327	266.537
-10.4416	0.785735	267.037
-10.4603	0.787144	267.537
-10.479	0.788553	268.036
-10.4978	0.789961	268.536
-10.5165	0.79137	269.035
-10.5352	0.792779	269.535
-10.5539	0.794187	270.035
-10.5726	0.795596	270.534
-10.5914	0.797005	271.034
-10.6101	0.798413	271.534
-10.6288	0.799822	272.033
-10.6475	0.801231	272.533
-10.6662	0.802639	273.033
-10.685	0.804048	273.532
-10.7037	0.805457	274.032
-10.7224	0.806865	274.532
-10.7411	0.808274	275.031
-10.7598	0.809683	275.531
-10.7786	0.811091	276.031
-10.7973	0.8125	276.53
-10.816	0.813909	277.03
-10.8347	0.815318	277.529
-10.8534	0.816726	278.029
-10.8722	0.818135	278.529
-10.8909	0.819544	279.028
-10.9096	0.820952	279.528
-10.9283	0.822361	280.028
-10.947	0.82377	280.527
-10.9658	0.825178	281.027
-10.9845	0.826587	281.527
-11.0032	0.827996	282.026
-11.0219	0.829404	282.526
-11.0406	0.830813	283.026
-11.0594	0.832222	283.525
-11.0781	0.83363	284.025
-11.0968	0.835039	284.525
-11.1155	0.836448	285.024
-11.1342	0.837856	285.524
-11.153	0.839265	286.023
-11.1717	0.840674	286.523
-11.1904	0.842082	287.023
-11.2091	0.843491	287.522
-11.2278	0.8449	288.022
-11.2466	0.846308	288.522
-11.2653	0.847717	289.021
-11.284	0.849126	289.521
-11.3027	0.850534	290.021
-11.3214	0.851943	290.52
-11.3402	0.853352	291.02
-11.3589	0.854761	291.52
-11.3776	0.856169	292.019
-11.3963	0.857578	292.519
-11.415	0.858987	293.019
-11.4338	0.860395	293.518
-11.4525	0.861804	294.018
-11.4712	0.863213	294.517
-11.4899	0.864621	295.017
-11.5086	0.86603	295.517
-11.5274	0.867439	296.016
-11.5461	0.868847	296.516
-11.5648	0.870256	297.016
-11.5835	0.871665	297.515
-11.6022	0.873073	298.015
-11.621	0.874482	298.515
-11.6397	0.875891	299.014
-11.6584	0.877299	299.514
-11.6771	0.878708	300.014
-11.6958	0.880117	300.513
-11.7146	0.881525	301.013
-11.7333	0.882934	301.513
-11.752	0.884343	302.012
-11.7707	0.885751	302.512
-11.7894	0.88716	303.011
-11.8082	0.888569	303.511
-11.8269	0.889978	304.011
-11.8456	0.891386	304.51
-11.8643	0.892795	305.01
-11.883	0.894204	305.51
-11.9018	0.895612	306.009
-11.9205	0.897021	306.509
-11.9392	0.89843	307.009
-11.9579	0.899838	307.508
-11.9766	0.901247	308.008
-11.9954	0.902656	308.508
-12.0141	0.904064	309.007
-12.0328	0.905473	309.507
-12.0515	0.906882	310.007
-12.0702	0.90829	310.506
-12.089	0.909699	311.006
-12.1077	0.911108	311.506
-12.1264	0.912516	312.005
-12.1451	0.913925	312.505
-12.1638	0.915334	313.004
-12.1826	0.916742	313.504
-12.2013	0.918151	314.004
-12.22	0.91956	314.503
-12.2387	0.920968	315.003
-12.2574	0.922377	315.503
-12.2762	0.923786	316.002
-12.2949	0.925194	316.502
-12.3136	0.926603	317.002
-12.3323	0.928012	317.501
-12.351	0.929421	318.001
-12.3698	0.930829	318.501
-12.3885	0.932238	319
-12.4072	0.933647	319.5
-12.4259	0.935055	320
-12.4446	0.936464	320.499
-12.4634	0.937873	320.999
-12.4821	0.939281	321.498
-12.5008	0.94069	321.998
-12.5195	0.942099	322.498
-12.5382	0.943507	322.997
-12.5569	0.944916	323.497
-12.5757	0.946325	323.997
-12.5944	0.947733	324.496
-12.6131	0.949142	324.996
-12.6318	0.950551	325.496
-12.6505	0.951959	325.995
-12.6693	0.953368	326.495
-12.688	0.954777	326.995
-12.7067	0.956185	327.494
-12.7254	0.957594	327.994
-12.7441	0.959003	328.494
-12.7629	0.960411	328.993
-12.7816	0.96182	329.493
-12.8003	0.963229	329.992
-12.819	0.964638	330.492
-12.8377	0.966046	330.992
-12.8565	0.967455	331.491
-12.8752	0.968864	331.991
-12.8939	0.970272	332.491
-12.9126	0.971681	332.99
-12.9313	0.97309	333.49
-12.9501	0.974498	333.99
-12.9688	0.975907	334.489
-12.9875	0.977316	334.989
-13.0062	0.978724	335.489
-13.0249	0.980133	335.988
-13.0437	0.981542	336.488
-13.0624	0.98295	336.988
-13.0811	0.984359	337.487
-13.0998	0.985768	337.987
-13.1185	0.987176	338.486
-13.1373	0.988585	338.986
-13.156	0.989994	339.486
-13.1747	0.991402	339.985
-13.1934	0.992811	340.485
-13.2121	0.99422	340.985
-13.2309	0.995628	341.484
-13.2496	0.997037	341.984
-13.2683	0.998446	342.484
-13.287	0.999854	342.983
-13.3057	1.00126	343.483
-13.3245	1.00267	343.983
-13.3432	1.00408	344.482
-13.3619	1.00549	344.982
-13.3806	1.0069	345.482
-13.3993	1.00831	345.981
-13.4181	1.00972	346.481
-13.4368	1.01112	346.98
-13.4555	1.01253	347.48
-13.4742	1.01394	347.98
-13.4929	1.01535	348.479
-13.5117	1.01676	348.979
-13.5304	1.01817	349.479
-13.5491	1.01958	349.978
-13.5678	1.02098	350.478
-13.5865	1.02239	350.978
-13.6053	1.0238	351.477
-13.624	1.02521	351.977
-13.6427	1.02662	352.477
-13.6614	1.02803	352.976
-13.6801	1.02944	353.476
-13.6989	1.03085	353.976
-13.7176	1.03225	354.475
-13.7363	1.03366	354.975
-13.755	1.03507	355.474
-13.7737	1.03648	355.974
-13.7925	1.03789	356.474
-13.8112	1.0393	356.973
-13.8299	1.04071	357.473
-13.8486	1.04211	357.973
-13.8673	1.04352	358.472
-13.8861	1.04493	358.972
-13.9048	1.04634	359.472
-13.9235	1.04775	359.971
-13.9422	1.04916	360.471
-13.9609	1.05057	360.971
-13.9797	1.05198	361.47
-13.9984	1.05338	361.97
-14.0171	1.05479	362.47
-14.0358	1.0562	362.969
-14.0545	1.05761	363.469
-14.0733	1.05902	363.968
-14.092	1.06043	364.468
-14.1107	1.06184	364.968
-14.1294	1.06325	365.467
-14.1481	1.06465	365.967
-14.1669	1.06606	366.467
-14.1856	1.06747	366.966
-14.2043	1.06888	367.466
-14.223	1.07029	367.966
-14.2417	1.0717	368.465
-14.2605	1.07311	368.965
-14.2792	1.07451	369.465
-14.2979	1.07592	369.964
-14.3166	1.07733	370.464
-14.3353	1.07874	370.964
-14.3541	1.08015	371.463
-14.3728	1.08156	371.963
-14.3915	1.08297	372.462
-14.4102	1.08438	372.962
-14.4289	1.08578	373.462
-14.4477	1.08719	373.961
-14.4664	1.0886	374.461
-14.4851	1.09001	374.961
-14.5038	1.09142	375.46
-14.5225	1.09283	375.96
-14.5413	1.09424	376.46
-14.56	1.09564	376.959
-14.5787	1.09705	377.459
-14.5974	1.09846	377.959
-14.6161	1.09987	378.458
-14.6349	1.10128	378.958
-14.6536	1.10269	379.458
-14.6723	1.1041	379.957
-14.691	1.10551	380.457
-14.7097	1.10691	380.956
-14.7285	1.10832	381.456
-14.7472	1.10973	381.956
-14.7659	1.11114	382.455
-14.7846	1.11255	382.955
-14.8033	1.11396	383.455
-14.8221	1.11537	383.954
-14.8408	1.11677	384.454
-14.8595	1.11818	384.954
-14.8782	1.11959	385.453
-14.8969	1.121	385.953
-14.9157	1.12241	386.453
-14.9344	1.12382	386.952
-14.9531	1.12523	387.452
-14.9718	1.12664	387.952
-14.9905	1.12804	388.451
-15.0093	1.12945	388.951
-15.028	1.13086	389.451
-15.0467	1.13227	389.95
-15.0654	1.13368	390.45
-15.0841	1.13509	390.949
-15.1029	1.1365	391.449
-15.1216	1.13791	391.949
-15.1403	1.13931	392.448
-15.159	1.14072	392.948
-15.1777	1.14213	393.448
-15.1965	1.14354	393.947
-15.2152	1.14495	394.447
-15.2339	1.14636	394.947
-15.2526	1.14777	395.446
-15.2713	1.14917	395.946
-15.2901	1.15058	396.446
-15.3088	1.15199	396.945
-15.3275	1.1534	397.445
-15.3462	1.15481	397.945
-15.3649	1.15622	398.444
-15.3837	1.15763	398.944
-15.4024	1.15904	399.443
-15.4211	1.16044	399.943
-15.4398	1.16185	400.443
-15.4585	1.16326	400.942
-15.4773	1.16467	401.442
-15.496	1.16608	401.942
-15.5147	1.16749	402.441
-15.5334	1.1689	402.941
-15.5521	1.1703	403.441
-15.5709	1.17171	403.94
-15.5896	1.17312	404.44
-15.6083	1.17453	404.94
-15.627	1.17594	405.439
-15.6457	1.17735	405.939
-15.6644	1.17876	406.439
-15.6832	1.18017	406.938
-15.7019	1.18157	407.438
-15.7206	1.18298	407.937
-15.7393	1.18439	408.437
-15.758	1.1858	408.937
-15.7768	1.18721	409.436
-15.7955	1.18862	409.936
-15.8142	1.19003	410.436
-15.8329	1.19143	410.935
-15.8516	1.19284	411.435
-15.8704	1.19425	411.935
-15.8891	1.19566	412.434
-15.9078	1.19707	412.934
-15.9265	1.19848	413.434
-15.9452	1.19989	413.933
-15.964	1.2013	414.433
-15.9827	1.2027	414.933
-16.0014	1.20411	415.432
-16.0201	1.20552	415.932
-16.0388	1.20693	416.431
-16.0576	1.20834	416.931
-16.0763	1.20975	417.431
-16.095	1.21116	417.93
-16.1137	1.21257	418.43
-16.1324	1.21397	418.93
-16.1512	1.21538	419.429
-16.1699	1.21679	419.929
-16.1886	1.2182	420.429
-16.2073	1.21961	420.928
-16.226	1.22102	421.428
-16.2448	1.22243	421.928
-16.2635	1.22383	422.427
-16.2822	1.22524	422.927
-16.3009	1.22665	423.427
-16.3196	1.22806	423.926
-16.3384	1.22947	424.426
-16.3571	1.23088	424.925
-16.3758	1.23229	425.425
-16.3945	1.2337	425.925
-16.4132	1.2351	426.424
-16.432	1.23651	426.924
-16.4507	1.23792	427.424
-16.4694	1.23933	427.923
-16.4881	1.24074	428.423
-16.5068	1.24215	428.923
-16.5256	1.24356	429.422
-16.5443	1.24496	429.922
-16.563	1.24637	430.422
-16.5817	1.24778	430.921
-16.6004	1.24919	431.421
-16.6192	1.2506	431.921
-16.6379	1.25201	432.42
-16.6566	1.25342	432.92
-16.6753	1.25483	433.419
-16.694	1.25623	433.919
-16.7128	1.25764	434.419
-16.7315	1.25905	434.918
-16.7502	1.26046	435.418
-16.7689	1.26187	435.918
-16.7876	1.26328	436.417
-16.8064	1.26469	436.917
-16.8251	1.26609	437.417
-16.8438	1.2675	437.916
-16.8625	1.26891	438.416
-16.8812	1.27032	438.916
-16.9	1.27173	439.415
-16.9187	1.27314	439.915
-16.9374	1.27455	440.415
-16.9561	1.27596	440.914
-16.9748	1.27736	441.414
-16.9936	1.27877	441.913
-17.0123	1.28018	442.413
-17.031	1.28159	442.913
-17.0497	1.283	443.412
-17.0684	1.28441	443.912
-17.0872	1.28582	444.412
-17.1059	1.28723	444.911
-17.1246	1.28863	445.411
-17.1433	1.29004	445.911
-17.162	1.29145	446.41
-17.1808	1.29286	446.91
-17.1995	1.29427	447.41
-17.2182	1.29568	447.909
-17.2369	1.29709	448.409
-17.2556	1.29849	448.909
-17.2744	1.2999	449.408
-17.2931	1.30131	449.908
-17.3118	1.30272	450.407
-17.3305	1.30413	450.907
-17.3492	1.30554	451.407
-17.368	1.30695	451.906
-17.3867	1.30836	452.406
-17.4054	1.30976	452.906
-17.4241	1.31117	453.405
-17.4428	1.31258	453.905
-17.4616	1.31399	454.405
-17.4803	1.3154	454.904
-17.499	1.31681	455.404
-17.5177	1.31822	455.904
-17.5364	1.31962	456.403
-17.5552	1.32103	456.903
-17.5739	1.32244	457.403
-17.5926	1.32385	457.902
-17.6113	1.32526	458.402
-17.63	1.32667	458.902
-17.6488	1.32808	459.401
-17.6675	1.32949	459.901
-17.6862	1.33089	460.4
-17.7049	1.3323	460.9
-17.7236	1.33371	461.4
-17.7424	1.33512	461.899
-17.7611	1.33653	462.399
-17.7798	1.33794	462.899
-17.7985	1.33935	463.398
-17.8172	1.34075	463.898
-17.836	1.34216	464.398
-17.8547	1.34357	464.897
-17.8734	1.34498	465.397
-17.8921	1.34639	465.897
-17.9108	1.3478	466.396
-17.9296	1.34921	466.896
-17.9483	1.35062	467.396
-17.967	1.35202	467.895
-17.9857	1.35343	468.395
-18.0044	1.35484	468.894
-18.0232	1.35625	469.394
-18.0419	1.35766	469.894
-18.0606	1.35907	470.393
-18.0793	1.36048	470.893
-18.098	1.36189	471.393
-18.1168	1.36329	471.892
-18.1355	1.3647	472.392
-18.1542	1.36611	472.892
-18.1729	1.36752	473.391
-18.1916	1.36893	473.891
-18.2104	1.37034	474.391
-18.2291	1.37175	474.89
-18.2478	1.37315	475.39
-18.2665	1.37456	475.89
-18.2852	1.37597	476.389
-18.304	1.37738	476.889
-18.3227	1.37879	477.388
-18.3414	1.3802	477.888
-18.3601	1.38161	478.388
-18.3788	1.38302	478.887
-18.3976	1.38442	479.387
-18.4163	1.38583	479.887
-18.435	1.38724	480.386
-18.4537	1.38865	480.886
-18.4724	1.39006	481.386
-18.4912	1.39147	481.885
-18.5099	1.39288	482.385
-18.5286	1.39428	482.885
-18.5473	1.39569	483.384
-18.566	1.3971	483.884
-18.5848	1.39851	484.384
-18.6035	1.39992	484.883
-18.6222	1.40133	485.383
-18.6409	1.40274	485.882
-18.6596	1.40415	486.382
-18.6784	1.40555	486.882
-18.6971	1.40696	487.381
-18.7158	1.40837	487.881
-18.7345	1.40978	488.381
-18.7532	1.41119	488.88
-18.7719	1.4126	489.38
-18.7907	1.41401	489.88
-18.8094	1.41541	490.379
-18.8281	1.41682	490.879
-18.8468	1.41823	491.379
-18.8655	1.41964	491.878
-18.8843	1.42105	492.378
-18.903	1.42246	492.878
-18.9217	1.42387	493.377
-18.9404	1.42528	493.877
-18.9591	1.42668	494.376
-18.9779	1.42809	494.876
-18.9966	1.4295	495.376
-19.0153	1.43091	495.875
-19.034	1.43232	496.375
-19.0527	1.43373	496.875
-19.0715	1.43514	497.374
-19.0902	1.43655	497.874
-19.1089	1.43795	498.374
-19.1276	1.43936	498.873
-19.1463	1.44077	499.373
