INITIAL DISTRIBUTION	DELTA
BIN SIZE	0.188562
BIN	VMIN	VMAX	AVE	PROG_AVE_POFV	ERROR
0	0.188562	0.377124	0.038	0.038	0
1	0.377124	0.565685	0.0325	0.0325	0
2	0.565685	0.754247	0.038	0.038	0
3	0.754247	0.942809	0.153	0.153	0
4	0.942809	1.13137	0.666	0.666	0
5	1.13137	1.31993	0.9575	0.9575	0
6	1.31993	1.50849	81.538	81.538	0
7	1.50849	1.69706	17.84	17.84	0
8	1.69706	1.88562	5.408	5.408	0
9	1.88562	2.07418	1.2095	1.2095	0
10	2.07418	2.26274	0.079	0.079	0
11	2.26274	2.4513	0.016	0.016	0
12	2.4513	2.63987	0	0	0
13	2.63987	2.82843	0	0	0
14	2.82843	3.01699	0	0	0
15	3.01699	3.20555	0	0	0
16	3.20555	3.39411	0	0	0
17	3.39411	3.58267	0	0	0
18	3.58267	3.77124	0	0	0
19	3.77124	3.9598	0	0	0
20	3.9598	4.14836	0	0	0
21	4.14836	4.33692	0	0	0
22	4.33692	4.52548	0	0	0
23	4.52548	4.71405	0	0	0
24	4.71405	4.90261	0	0	0
25	4.90261	5.09117	0	0	0
26	5.09117	5.27973	0	0	0
27	5.27973	5.46829	0	0	0
28	5.46829	5.65685	0	0	0
29	5.65685	5.84542	0	0	0

0	0.188562	0.377124	0.296	0.167	0.0912168
1	0.377124	0.565685	1.018	0.52525	0.348427
2	0.565685	0.754247	1.6635	0.85075	0.574701
3	0.754247	0.942809	3.1945	1.67375	1.07533
4	0.942809	1.13137	7.9365	4.30125	2.57051
5	1.13137	1.31993	11.2255	6.0915	3.63029
6	1.31993	1.50849	26.94	54.239	19.3033
7	1.50849	1.69706	24.2305	21.0352	2.25938
8	1.69706	1.88562	11.7515	8.57975	2.24277
9	1.88562	2.07418	8.894	5.05175	2.71688
10	2.07418	2.26274	5.5925	2.83575	1.94932
11	2.26274	2.4513	1.816	0.916	0.636396
12	2.4513	2.63987	1.281	0.6405	0.452902
13	2.63987	2.82843	0.9845	0.49225	0.348073
14	2.82843	3.01699	0.349	0.1745	0.12339
15	3.01699	3.20555	0.0405	0.02025	0.0143189
16	3.20555	3.39411	0	0	0
17	3.39411	3.58267	0	0	0
18	3.58267	3.77124	0	0	0
19	3.77124	3.9598	0	0	0
20	3.9598	4.14836	0	0	0
21	4.14836	4.33692	0	0	0
22	4.33692	4.52548	0	0	0
23	4.52548	4.71405	0	0	0
24	4.71405	4.90261	0	0	0
25	4.90261	5.09117	0	0	0
26	5.09117	5.27973	0	0	0
27	5.27973	5.46829	0	0	0
28	5.46829	5.65685	0	0	0
29	5.65685	5.84542	0	0	0

0	0.188562	0.377124	1.595	0.643	0.393381
1	0.377124	0.565685	3.5495	1.53333	0.855245
2	0.565685	0.754247	5.7485	2.48333	1.38697
3	0.754247	0.942809	5.8885	3.07867	1.3527
4	0.942809	1.13137	8.4635	5.68867	2.05425
5	1.13137	1.31993	12.361	8.18133	2.96124
6	1.31993	1.50849	15.348	41.2753	16.6627
7	1.50849	1.69706	12.3345	18.135	2.8065
8	1.69706	1.88562	11.881	9.68017	1.74437
9	1.88562	2.07418	10.3895	6.831	2.32188
10	2.07418	2.26274	7.391	4.35417	1.79607
11	2.26274	2.4513	4.7145	2.18217	1.11749
12	2.4513	2.63987	3.2925	1.5245	0.782391
13	2.63987	2.82843	2.5575	1.18067	0.608105
14	2.82843	3.01699	1.2355	0.528167	0.300256
15	3.01699	3.20555	0.633	0.2245	0.167042
16	3.20555	3.39411	0.247	0.0823333	0.0672249
17	3.39411	3.58267	0.0705	0.0235	0.0191877
18	3.58267	3.77124	0	0	0
19	3.77124	3.9598	0	0	0
20	3.9598	4.14836	0	0	0
21	4.14836	4.33692	0	0	0
22	4.33692	4.52548	0	0	0
23	4.52548	4.71405	0	0	0
24	4.71405	4.90261	0	0	0
25	4.90261	5.09117	0	0	0
26	5.09117	5.27973	0	0	0
27	5.27973	5.46829	0	0	0
28	5.46829	5.65685	0	0	0
29	5.65685	5.84542	0	0	0

0	0.188562	0.377124	2.23	1.03975	0.452884
1	0.377124	0.565685	3.0495	1.91237	0.72055
2	0.565685	0.754247	4.474	2.981	1.12598
3	0.754247	0.942809	6.0155	3.81288	1.19731
4	0.942809	1.13137	12.085	7.28775	2.0716
5	1.13137	1.31993	12.555	9.27475	2.41437
6	1.31993	1.50849	10.2775	33.5259	14.1851
7	1.50849	1.69706	11.8205	16.5564	2.50989
8	1.69706	1.88562	11.756	10.1991	1.38332
9	1.88562	2.07418	11.293	7.9465	1.99142
10	2.07418	2.26274	8.28	5.33563	1.5928
11	2.26274	2.4513	5.7585	3.07625	1.14104
12	2.4513	2.63987	3.5295	2.02575	0.729907
13	2.63987	2.82843	2.2925	1.45863	0.515707
14	2.82843	3.01699	1.171	0.688875	0.264729
15	3.01699	3.20555	0.5415	0.30375	0.142849
16	3.20555	3.39411	0.257	0.126	0.0630248
17	3.39411	3.58267	0.039	0.027375	0.0147769
18	3.58267	3.77124	0	0	0
19	3.77124	3.9598	0	0	0
20	3.9598	4.14836	0	0	0
21	4.14836	4.33692	0	0	0
22	4.33692	4.52548	0	0	0
23	4.52548	4.71405	0	0	0
24	4.71405	4.90261	0	0	0
25	4.90261	5.09117	0	0	0
26	5.09117	5.27973	0	0	0
27	5.27973	5.46829	0	0	0
28	5.46829	5.65685	0	0	0
29	5.65685	5.84542	0	0	0

0	0.188562	0.377124	2.883	1.4084	0.489887
1	0.377124	0.565685	3.891	2.3081	0.676433
2	0.565685	0.754247	5.4115	3.4671	1.00022
3	0.754247	0.942809	7.9325	4.6368	1.20853
4	0.942809	1.13137	11.707	8.1716	1.83617
5	1.13137	1.31993	11.255	9.6708	1.96371
6	1.31993	1.50849	9.919	28.8045	12.1083
7	1.50849	1.69706	9.861	15.2173	2.33799
8	1.69706	1.88562	11.41	10.4413	1.12766
9	1.88562	2.07418	9.958	8.3488	1.63327
10	2.07418	2.26274	6.9895	5.6664	1.30813
11	2.26274	2.4513	7.5145	3.9639	1.2098
12	2.4513	2.63987	3.698	2.3602	0.656091
13	2.63987	2.82843	2.2605	1.619	0.436791
14	2.82843	3.01699	1.7245	0.896	0.281377
15	3.01699	3.20555	0.8965	0.4223	0.155894
16	3.20555	3.39411	0.281	0.157	0.0575409
17	3.39411	3.58267	0	0.0219	0.0127956
18	3.58267	3.77124	0	0	0
19	3.77124	3.9598	0	0	0
20	3.9598	4.14836	0	0	0
21	4.14836	4.33692	0	0	0
22	4.33692	4.52548	0	0	0
23	4.52548	4.71405	0	0	0
24	4.71405	4.90261	0	0	0
25	4.90261	5.09117	0	0	0
26	5.09117	5.27973	0	0	0
27	5.27973	5.46829	0	0	0
28	5.46829	5.65685	0	0	0
29	5.65685	5.84542	0	0	0

0	0.188562	0.377124	1.7265	1.46142	0.411098
1	0.377124	0.565685	2.485	2.33758	0.564336
2	0.565685	0.754247	7.0215	4.0595	0.993579
3	0.754247	0.942809	5.6745	4.80975	1.01941
4	0.942809	1.13137	10.0465	8.48408	1.55651
5	1.13137	1.31993	9.0145	9.56142	1.63947
6	1.31993	1.50849	12.267	26.0482	10.3992
7	1.50849	1.69706	14.196	15.0471	1.95451
8	1.69706	1.88562	11.135	10.5569	0.945623
9	1.88562	2.07418	9.412	8.526	1.37064
10	2.07418	2.26274	7.206	5.923	1.11499
11	2.26274	2.4513	8.0095	4.63817	1.18121
12	2.4513	2.63987	3.4675	2.54475	0.572109
13	2.63987	2.82843	2.4615	1.75942	0.385903
14	2.82843	3.01699	1.8775	1.05958	0.277994
15	3.01699	3.20555	0.5215	0.438833	0.130786
16	3.20555	3.39411	0.2195	0.167417	0.0488846
17	3.39411	3.58267	0.1085	0.0363333	0.01695
18	3.58267	3.77124	0	0	0
19	3.77124	3.9598	0	0	0
20	3.9598	4.14836	0	0	0
21	4.14836	4.33692	0	0	0
22	4.33692	4.52548	0	0	0
23	4.52548	4.71405	0	0	0
24	4.71405	4.90261	0	0	0
25	4.90261	5.09117	0	0	0
26	5.09117	5.27973	0	0	0
27	5.27973	5.46829	0	0	0
28	5.46829	5.65685	0	0	0
29	5.65685	5.84542	0	0	0

0	0.188562	0.377124	1.377	1.44936	0.352546
1	0.377124	0.565685	2.3095	2.33357	0.483731
2	0.565685	0.754247	5.3545	4.2445	0.868691
3	0.754247	0.942809	8.0755	5.27629	0.974709
4	0.942809	1.13137	11.092	8.85664	1.37801
5	1.13137	1.31993	10.6265	9.71357	1.4123
6	1.31993	1.50849	12.572	24.1231	9.09009
7	1.50849	1.69706	12.8995	14.7403	1.6992
8	1.69706	1.88562	11.8435	10.7407	0.828203
9	1.88562	2.07418	9.814	8.71	1.18712
10	2.07418	2.26274	6.585	6.01757	0.959711
11	2.26274	2.4513	6.264	4.87043	1.03505
12	2.4513	2.63987	4.405	2.8105	0.54864
13	2.63987	2.82843	2.926	1.92607	0.36499
14	2.82843	3.01699	1.215	1.08179	0.239166
15	3.01699	3.20555	0.285	0.416857	0.113934
16	3.20555	3.39411	0.1085	0.159	0.0426195
17	3.39411	3.58267	0.0835	0.0430714	0.0158112
18	3.58267	3.77124	0	0	0
19	3.77124	3.9598	0	0	0
20	3.9598	4.14836	0	0	0
21	4.14836	4.33692	0	0	0
22	4.33692	4.52548	0	0	0
23	4.52548	4.71405	0	0	0
24	4.71405	4.90261	0	0	0
25	4.90261	5.09117	0	0	0
26	5.09117	5.27973	0	0	0
27	5.27973	5.46829	0	0	0
28	5.46829	5.65685	0	0	0
29	5.65685	5.84542	0	0	0

0	0.188562	0.377124	1.0395	1.39813	0.312178
1	0.377124	0.565685	3.7325	2.50844	0.453772
2	0.565685	0.754247	7.832	4.69294	0.86817
3	0.754247	0.942809	6.9095	5.48044	0.873988
4	0.942809	1.13137	10.153	9.01869	1.21525
5	1.13137	1.31993	12.1555	10.0188	1.26832
6	1.31993	1.50849	12.9715	22.7291	8.06
7	1.50849	1.69706	9.9145	14.1371	1.59028
8	1.69706	1.88562	11.373	10.8198	0.728439
9	1.88562	2.07418	9.046	8.752	1.03947
10	2.07418	2.26274	6.7125	6.10444	0.843669
11	2.26274	2.4513	6.111	5.0255	0.91721
12	2.4513	2.63987	5.089	3.09531	0.549032
13	2.63987	2.82843	2.192	1.95931	0.320876
14	2.82843	3.01699	1.146	1.08981	0.209405
15	3.01699	3.20555	0.523	0.430125	0.100461
16	3.20555	3.39411	0.377	0.18625	0.0451712
17	3.39411	3.58267	0.502	0.100437	0.0554158
18	3.58267	3.77124	0.173	0.021625	0.0202283
19	3.77124	3.9598	0.027	0.003375	0.00315702
20	3.9598	4.14836	0	0	0
21	4.14836	4.33692	0	0	0
22	4.33692	4.52548	0	0	0
23	4.52548	4.71405	0	0	0
24	4.71405	4.90261	0	0	0
25	4.90261	5.09117	0	0	0
26	5.09117	5.27973	0	0	0
27	5.27973	5.46829	0	0	0
28	5.46829	5.65685	0	0	0
29	5.65685	5.84542	0	0	0

0	0.188562	0.377124	1.3955	1.39783	0.277492
1	0.377124	0.565685	3.4955	2.61811	0.416395
2	0.565685	0.754247	9.0105	5.17267	0.894483
3	0.754247	0.942809	10.194	6.00417	0.920519
4	0.942809	1.13137	8.3555	8.945	1.08246
5	1.13137	1.31993	10.7655	10.1018	1.13011
6	1.31993	1.50849	14.679	21.8347	7.21391
7	1.50849	1.69706	11.0035	13.7889	1.45119
8	1.69706	1.88562	8.507	10.5628	0.691344
9	1.88562	2.07418	10.7945	8.97894	0.948424
10	2.07418	2.26274	6.684	6.16883	0.752382
11	2.26274	2.4513	3.693	4.87744	0.827161
12	2.4513	2.63987	3.364	3.12517	0.48884
13	2.63987	2.82843	1.7645	1.93767	0.285953
14	2.82843	3.01699	2.401	1.2355	0.23133
15	3.01699	3.20555	0.6365	0.453056	0.0918788
16	3.20555	3.39411	0.202	0.188	0.0401861
17	3.39411	3.58267	0.651	0.161611	0.0758473
18	3.58267	3.77124	0.2675	0.0489444	0.0314123
19	3.77124	3.9598	0.0915	0.0131667	0.00964877
20	3.9598	4.14836	0	0	0
21	4.14836	4.33692	0	0	0
22	4.33692	4.52548	0	0	0
23	4.52548	4.71405	0	0	0
24	4.71405	4.90261	0	0	0
25	4.90261	5.09117	0	0	0
26	5.09117	5.27973	0	0	0
27	5.27973	5.46829	0	0	0
28	5.46829	5.65685	0	0	0
29	5.65685	5.84542	0	0	0

0	0.188562	0.377124	2.1685	1.4749	0.260224
1	0.377124	0.565685	4.786	2.8349	0.427481
2	0.565685	0.754247	7.6695	5.42235	0.839159
3	0.754247	0.942809	6.874	6.09115	0.832567
4	0.942809	1.13137	9.46	8.9965	0.975435
5	1.13137	1.31993	11.2765	10.2193	1.02318
6	1.31993	1.50849	11.0865	20.7599	6.5721
7	1.50849	1.69706	9.546	13.3646	1.36669
8	1.69706	1.88562	12.3365	10.7402	0.644561
9	1.88562	2.07418	13.697	9.45075	0.963816
10	2.07418	2.26274	8.2	6.37195	0.704027
11	2.26274	2.4513	3.6185	4.75155	0.753965
12	2.4513	2.63987	3.1055	3.1232	0.43996
13	2.63987	2.82843	1.7495	1.91885	0.257976
14	2.82843	3.01699	0.521	1.16405	0.218954
15	3.01699	3.20555	0.474	0.45515	0.0827148
16	3.20555	3.39411	0.863	0.2555	0.0735439
17	3.39411	3.58267	0.1155	0.157	0.0684026
18	3.58267	3.77124	0.104	0.05445	0.0287495
19	3.77124	3.9598	0.132	0.02505	0.0142303
20	3.9598	4.14836	0.05	0.005	0.00474342
21	4.14836	4.33692	0	0	0
22	4.33692	4.52548	0	0	0
23	4.52548	4.71405	0	0	0
24	4.71405	4.90261	0	0	0
25	4.90261	5.09117	0	0	0
26	5.09117	5.27973	0	0	0
27	5.27973	5.46829	0	0	0
28	5.46829	5.65685	0	0	0
29	5.65685	5.84542	0	0	0

0	0.188562	0.377124	1.2415	1.45368	0.237431
1	0.377124	0.565685	3.1075	2.85968	0.389336
2	0.565685	0.754247	5.718	5.44923	0.763302
3	0.754247	0.942809	8.772	6.33486	0.791746
4	0.942809	1.13137	12.2105	9.28868	0.92949
5	1.13137	1.31993	10.485	10.2434	0.930453
6	1.31993	1.50849	11.308	19.9006	6.03054
7	1.50849	1.69706	11.4605	13.1915	1.25336
8	1.69706	1.88562	13.1175	10.9563	0.621142
9	1.88562	2.07418	8.987	9.40859	0.877118
10	2.07418	2.26274	9.1385	6.62345	0.683473
11	2.26274	2.4513	5.5715	4.82609	0.689097
12	2.4513	2.63987	3.1175	3.12268	0.399964
13	2.63987	2.82843	1.3595	1.868	0.239482
14	2.82843	3.01699	0.977	1.14705	0.199708
15	3.01699	3.20555	0.167	0.428955	0.0792347
16	3.20555	3.39411	0.1165	0.242864	0.067935
17	3.39411	3.58267	0.1555	0.156864	0.0621843
18	3.58267	3.77124	0.204	0.0680455	0.0291739
19	3.77124	3.9598	0.478	0.0662273	0.0413374
20	3.9598	4.14836	0.1625	0.0193182	0.0143167
21	4.14836	4.33692	0	0	0
22	4.33692	4.52548	0	0	0
23	4.52548	4.71405	0	0	0
24	4.71405	4.90261	0	0	0
25	4.90261	5.09117	0	0	0
26	5.09117	5.27973	0	0	0
27	5.27973	5.46829	0	0	0
28	5.46829	5.65685	0	0	0
29	5.65685	5.84542	0	0	0

0	0.188562	0.377124	0.884	1.40621	0.222341
1	0.377124	0.565685	3.2635	2.89333	0.358343
2	0.565685	0.754247	6.8355	5.56475	0.708382
3	0.754247	0.942809	7.36	6.42029	0.730362
4	0.942809	1.13137	12.059	9.51954	0.880235
5	1.13137	1.31993	13.597	10.5229	0.8939
6	1.31993	1.50849	12.8845	19.3159	5.55627
7	1.50849	1.69706	9.843	12.9125	1.17957
8	1.69706	1.88562	9.45	10.8308	0.581925
9	1.88562	2.07418	7.7	9.26621	0.8155
10	2.07418	2.26274	8.5565	6.78454	0.645221
11	2.26274	2.4513	5.038	4.84375	0.631899
12	2.4513	2.63987	3.6535	3.16692	0.369071
13	2.63987	2.82843	2.1165	1.88871	0.220419
14	2.82843	3.01699	2.113	1.22754	0.198627
15	3.01699	3.20555	1.005	0.476958	0.0859518
16	3.20555	3.39411	0.4345	0.258833	0.0641233
17	3.39411	3.58267	0.1725	0.158167	0.0570159
18	3.58267	3.77124	0.057	0.067125	0.0267573
19	3.77124	3.9598	0.731	0.121625	0.0651845
20	3.9598	4.14836	0.149	0.030125	0.0167118
21	4.14836	4.33692	0.096	0.008	0.00765942
22	4.33692	4.52548	0	0	0
23	4.52548	4.71405	0	0	0
24	4.71405	4.90261	0	0	0
25	4.90261	5.09117	0	0	0
26	5.09117	5.27973	0	0	0
27	5.27973	5.46829	0	0	0
28	5.46829	5.65685	0	0	0
29	5.65685	5.84542	0	0	0

0	0.188562	0.377124	0.3295	1.32338	0.220124
1	0.377124	0.565685	2.536	2.86585	0.331831
2	0.565685	0.754247	4.9455	5.51712	0.655491
3	0.754247	0.942809	5.9565	6.38462	0.675051
4	0.942809	1.13137	9.841	9.54427	0.812872
5	1.13137	1.31993	14.9875	10.8663	0.888666
6	1.31993	1.50849	12.559	18.7962	5.15312
7	1.50849	1.69706	13.335	12.945	1.08928
8	1.69706	1.88562	10.1845	10.781	0.539281
9	1.88562	2.07418	10.381	9.35196	0.757264
10	2.07418	2.26274	8.5185	6.91792	0.609219
11	2.26274	2.4513	4.8	4.84038	0.5833
12	2.4513	2.63987	2.4305	3.11027	0.345001
13	2.63987	2.82843	1.8435	1.88523	0.203491
14	2.82843	3.01699	3.055	1.36812	0.227722
15	3.01699	3.20555	1.022	0.518885	0.0889801
16	3.20555	3.39411	0.3805	0.268192	0.0598699
17	3.39411	3.58267	0.2335	0.163962	0.0529237
18	3.58267	3.77124	0.1425	0.0729231	0.0253194
19	3.77124	3.9598	0.2005	0.127692	0.060452
20	3.9598	4.14836	0.086	0.0344231	0.0159694
21	4.14836	4.33692	0.025	0.00930769	0.00718099
22	4.33692	4.52548	0.1245	0.00957692	0.00920121
23	4.52548	4.71405	0	0	0
24	4.71405	4.90261	0	0	0
25	4.90261	5.09117	0	0	0
26	5.09117	5.27973	0	0	0
27	5.27973	5.46829	0	0	0
28	5.46829	5.65685	0	0	0
29	5.65685	5.84542	0	0	0

0	0.188562	0.377124	0.754	1.28271	0.208124
1	0.377124	0.565685	1.7145	2.78361	0.318156
2	0.565685	0.754247	5.5865	5.52207	0.608689
3	0.754247	0.942809	6.553	6.39664	0.62694
4	0.942809	1.13137	10.1245	9.58571	0.755866
5	1.13137	1.31993	11.6785	10.9243	0.827081
6	1.31993	1.50849	13.7985	18.4392	4.79739
7	1.50849	1.69706	11.3475	12.8309	1.01743
8	1.69706	1.88562	11.7215	10.8482	0.504927
9	1.88562	2.07418	12.02	9.54254	0.726758
10	2.07418	2.26274	9.11	7.0745	0.585479
11	2.26274	2.4513	4.2935	4.80132	0.542942
12	2.4513	2.63987	4.048	3.17725	0.326795
13	2.63987	2.82843	2.001	1.8935	0.189124
14	2.82843	3.01699	2.125	1.42218	0.217779
15	3.01699	3.20555	0.612	0.525536	0.0828726
16	3.20555	3.39411	0.2135	0.264286	0.0557208
17	3.39411	3.58267	0.159	0.163607	0.0491447
18	3.58267	3.77124	0.015	0.0687857	0.0238465
19	3.77124	3.9598	0	0.118571	0.0568179
20	3.9598	4.14836	0	0.0319643	0.0150169
21	4.14836	4.33692	0	0.00864286	0.00669877
22	4.33692	4.52548	0	0.00889286	0.00856937
23	4.52548	4.71405	0	0	0
24	4.71405	4.90261	0	0	0
25	4.90261	5.09117	0	0	0
26	5.09117	5.27973	0	0	0
27	5.27973	5.46829	0	0	0
28	5.46829	5.65685	0	0	0
29	5.65685	5.84542	0	0	0

0	0.188562	0.377124	1.6395	1.3065	0.195604
1	0.377124	0.565685	2.278	2.7499	0.298726
2	0.565685	0.754247	6.121	5.562	0.569417
3	0.754247	0.942809	7.4635	6.46777	0.589165
4	0.942809	1.13137	8.517	9.51447	0.708824
5	1.13137	1.31993	11.443	10.9589	0.772665
6	1.31993	1.50849	10.4615	17.9073	4.50694
7	1.50849	1.69706	15.051	12.9789	0.960309
8	1.69706	1.88562	10.496	10.8247	0.471811
9	1.88562	2.07418	8.628	9.48157	0.68086
10	2.07418	2.26274	10.449	7.29947	0.588082
11	2.26274	2.4513	5.1105	4.82193	0.507137
12	2.4513	2.63987	4.517	3.26657	0.31698
13	2.63987	2.82843	1.747	1.88373	0.176768
14	2.82843	3.01699	2.224	1.47563	0.209718
15	3.01699	3.20555	0.737	0.539633	0.0785377
16	3.20555	3.39411	0.2995	0.266633	0.0520555
17	3.39411	3.58267	0.4025	0.179533	0.0483801
18	3.58267	3.77124	0.132	0.073	0.0226261
19	3.77124	3.9598	0	0.110667	0.0535771
20	3.9598	4.14836	0	0.0298333	0.0141661
21	4.14836	4.33692	0	0.00806667	0.00627692
22	4.33692	4.52548	0	0.0083	0.00801856
23	4.52548	4.71405	0	0	0
24	4.71405	4.90261	0	0	0
25	4.90261	5.09117	0	0	0
26	5.09117	5.27973	0	0	0
27	5.27973	5.46829	0	0	0
28	5.46829	5.65685	0	0	0
29	5.65685	5.84542	0	0	0

0	0.188562	0.377124	1.08	1.29234	0.18389
1	0.377124	0.565685	2.3825	2.72694	0.280937
2	0.565685	0.754247	6.304	5.60837	0.535714
3	0.754247	0.942809	8.271	6.58047	0.563018
4	0.942809	1.13137	11.4845	9.63759	0.675132
5	1.13137	1.31993	12.873	11.0785	0.733576
6	1.31993	1.50849	11.6685	17.5174	4.24209
7	1.50849	1.69706	11.425	12.8818	0.905188
8	1.69706	1.88562	8.355	10.6704	0.466891
9	1.88562	2.07418	9.654	9.49234	0.638392
10	2.07418	2.26274	8.329	7.36381	0.554836
11	2.26274	2.4513	7.55	4.99244	0.503288
12	2.4513	2.63987	4.047	3.31534	0.300898
13	2.63987	2.82843	1.922	1.88613	0.165736
14	2.82843	3.01699	1.7455	1.4925	0.197288
15	3.01699	3.20555	0.4215	0.53225	0.0739753
16	3.20555	3.39411	0.1605	0.26	0.0492228
17	3.39411	3.58267	0.0705	0.172719	0.0458338
18	3.58267	3.77124	0.1285	0.0764688	0.0214762
19	3.77124	3.9598	0	0.10375	0.050673
20	3.9598	4.14836	0	0.0279688	0.0134029
21	4.14836	4.33692	0	0.0075625	0.00590482
22	4.33692	4.52548	0	0.00778125	0.00753416
23	4.52548	4.71405	0	0	0
24	4.71405	4.90261	0	0	0
25	4.90261	5.09117	0	0	0
26	5.09117	5.27973	0	0	0
27	5.27973	5.46829	0	0	0
28	5.46829	5.65685	0	0	0
29	5.65685	5.84542	0	0	0

0	0.188562	0.377124	1.187	1.28615	0.173177
1	0.377124	0.565685	2.0245	2.68562	0.267432
2	0.565685	0.754247	4.9575	5.57009	0.505568
3	0.754247	0.942809	7.0875	6.61029	0.530689
4	0.942809	1.13137	8.763	9.58615	0.637376
5	1.13137	1.31993	14.2675	11.2661	0.714006
6	1.31993	1.50849	12.8535	17.2431	4.00142
7	1.50849	1.69706	12.74	12.8734	0.85198
8	1.69706	1.88562	11.659	10.7285	0.443033
9	1.88562	2.07418	9.27	9.47926	0.600973
10	2.07418	2.26274	7.609	7.37824	0.522386
11	2.26274	2.4513	5.1935	5.00426	0.473822
12	2.4513	2.63987	3.696	3.33774	0.28403
13	2.63987	2.82843	2.603	1.92829	0.161262
14	2.82843	3.01699	1.5305	1.49474	0.185696
15	3.01699	3.20555	0.854	0.551176	0.0720043
16	3.20555	3.39411	0.5445	0.276735	0.0490899
17	3.39411	3.58267	0.4665	0.19	0.0462811
18	3.58267	3.77124	0.12	0.0790294	0.020365
19	3.77124	3.9598	0.3005	0.115324	0.0489961
20	3.9598	4.14836	0.1085	0.0327059	0.0134256
21	4.14836	4.33692	0.1245	0.0144412	0.00868438
22	4.33692	4.52548	0.04	0.00967647	0.00732547
23	4.52548	4.71405	0	0	0
24	4.71405	4.90261	0	0	0
25	4.90261	5.09117	0	0	0
26	5.09117	5.27973	0	0	0
27	5.27973	5.46829	0	0	0
28	5.46829	5.65685	0	0	0
29	5.65685	5.84542	0	0	0

0	0.188562	0.377124	0.086	1.21947	0.175924
1	0.377124	0.565685	0.6125	2.57044	0.276265
2	0.565685	0.754247	5.5325	5.568	0.477485
3	0.754247	0.942809	9.47	6.76917	0.524448
4	0.942809	1.13137	12.1785	9.73017	0.618023
5	1.13137	1.31993	12.47	11.333	0.677464
6	1.31993	1.50849	14.147	17.0711	3.78282
7	1.50849	1.69706	11.602	12.8028	0.80757
8	1.69706	1.88562	9.6595	10.6691	0.422383
9	1.88562	2.07418	9.888	9.50197	0.568015
10	2.07418	2.26274	6.645	7.3375	0.49495
11	2.26274	2.4513	4.1295	4.95567	0.449984
12	2.4513	2.63987	4.8455	3.4215	0.28033
13	2.63987	2.82843	2.6055	1.96592	0.15663
14	2.82843	3.01699	1.6265	1.50206	0.175523
15	3.01699	3.20555	1.0365	0.578139	0.0728775
16	3.20555	3.39411	0.2505	0.275278	0.0463843
17	3.39411	3.58267	0.5045	0.207472	0.0468921
18	3.58267	3.77124	0.519	0.103472	0.0305645
19	3.77124	3.9598	0.019	0.109972	0.0465654
20	3.9598	4.14836	0.0035	0.0310833	0.0127774
21	4.14836	4.33692	0.144	0.0216389	0.0107796
22	4.33692	4.52548	0.022	0.0103611	0.00695042
23	4.52548	4.71405	0	0	0
24	4.71405	4.90261	0	0	0
25	4.90261	5.09117	0	0	0
26	5.09117	5.27973	0	0	0
27	5.27973	5.46829	0	0	0
28	5.46829	5.65685	0	0	0
29	5.65685	5.84542	0	0	0

0	0.188562	0.377124	0.611	1.18745	0.169555
1	0.377124	0.565685	2.4305	2.56308	0.261823
2	0.565685	0.754247	4.6325	5.51876	0.454886
3	0.754247	0.942809	10.977	6.99063	0.541591
4	0.942809	1.13137	11.4425	9.82029	0.59203
5	1.13137	1.31993	11.7905	11.3571	0.642236
6	1.31993	1.50849	11.424	16.7738	3.59538
7	1.50849	1.69706	10.882	12.7017	0.771368
8	1.69706	1.88562	9.816	10.6242	0.402531
9	1.88562	2.07418	10.013	9.52887	0.538756
10	2.07418	2.26274	7.7655	7.36003	0.469412
11	2.26274	2.4513	5.6365	4.9915	0.427725
12	2.4513	2.63987	3.7735	3.44003	0.266188
13	2.63987	2.82843	2.886	2.01434	0.155693
14	2.82843	3.01699	1.7945	1.51745	0.166959
15	3.01699	3.20555	0.687	0.583868	0.0692667
16	3.20555	3.39411	0.428	0.283316	0.0446341
17	3.39411	3.58267	0.142	0.204026	0.0445506
18	3.58267	3.77124	0.015	0.0988158	0.0293084
19	3.77124	3.9598	0.002	0.104289	0.04446
20	3.9598	4.14836	0.002	0.0295526	0.0121962
21	4.14836	4.33692	0.5895	0.0515263	0.0308308
22	4.33692	4.52548	0.1135	0.0157895	0.00844235
23	4.52548	4.71405	0.096	0.00505263	0.00491787
24	4.71405	4.90261	0	0	0
25	4.90261	5.09117	0	0	0
26	5.09117	5.27973	0	0	0
27	5.27973	5.46829	0	0	0
28	5.46829	5.65685	0	0	0
29	5.65685	5.84542	0	0	0

0	0.188562	0.377124	1.7675	1.21645	0.163538
1	0.377124	0.565685	4.1935	2.6446	0.261114
2	0.565685	0.754247	5.975	5.54157	0.432713
3	0.754247	0.942809	6.348	6.9585	0.515464
4	0.942809	1.13137	10.1465	9.8366	0.562653
5	1.13137	1.31993	9.1635	11.2474	0.619419
6	1.31993	1.50849	13.48	16.6091	3.41938
7	1.50849	1.69706	13.2455	12.7289	0.733279
8	1.69706	1.88562	9.3375	10.5599	0.387512
9	1.88562	2.07418	10.496	9.57723	0.513984
10	2.07418	2.26274	7.621	7.37308	0.446123
11	2.26274	2.4513	5.9105	5.03745	0.408799
12	2.4513	2.63987	3.6915	3.4526	0.253175
13	2.63987	2.82843	2.9825	2.06275	0.155251
14	2.82843	3.01699	2.109	1.54703	0.16121
15	3.01699	3.20555	0.7715	0.59325	0.0664357
16	3.20555	3.39411	0.334	0.28585	0.0424743
17	3.39411	3.58267	0.2215	0.2049	0.0423316
18	3.58267	3.77124	0.0175	0.09475	0.0281236
19	3.77124	3.9598	0	0.099075	0.0425417
20	3.9598	4.14836	0	0.028075	0.0116756
21	4.14836	4.33692	0	0.04895	0.0293967
22	4.33692	4.52548	0	0.015	0.00805706
23	4.52548	4.71405	0	0.0048	0.00467846
24	4.71405	4.90261	0	0	0
25	4.90261	5.09117	0	0	0
26	5.09117	5.27973	0	0	0
27	5.27973	5.46829	0	0	0
28	5.46829	5.65685	0	0	0
29	5.65685	5.84542	0	0	0

0	0.188562	0.377124	1.249	1.218	0.155758
1	0.377124	0.565685	4.584	2.73695	0.264508
2	0.565685	0.754247	6.4835	5.58643	0.414426
3	0.754247	0.942809	10.4165	7.12317	0.51655
4	0.942809	1.13137	12.2935	9.9536	0.547889
5	1.13137	1.31993	11.3905	11.2542	0.58996
6	1.31993	1.50849	11.4865	16.3652	3.26524
7	1.50849	1.69706	11.8975	12.6893	0.699429
8	1.69706	1.88562	7.1995	10.3999	0.400739
9	1.88562	2.07418	7.307	9.46912	0.500748
10	2.07418	2.26274	7.565	7.38221	0.424973
11	2.26274	2.4513	4.348	5.00462	0.390649
12	2.4513	2.63987	3.998	3.47857	0.242448
13	2.63987	2.82843	2.586	2.08767	0.149844
14	2.82843	3.01699	1.2585	1.53329	0.154117
15	3.01699	3.20555	1.7	0.645952	0.0815391
16	3.20555	3.39411	0.901	0.315143	0.0495333
17	3.39411	3.58267	0.7815	0.232357	0.0484083
18	3.58267	3.77124	0.3745	0.108071	0.0297727
19	3.77124	3.9598	0.0555	0.097	0.0405665
20	3.9598	4.14836	0.018	0.0275952	0.0111294
21	4.14836	4.33692	0	0.046619	0.0280891
22	4.33692	4.52548	0	0.0142857	0.00770499
23	4.52548	4.71405	0	0.00457143	0.00446126
24	4.71405	4.90261	0	0	0
25	4.90261	5.09117	0	0	0
26	5.09117	5.27973	0	0	0
27	5.27973	5.46829	0	0	0
28	5.46829	5.65685	0	0	0
29	5.65685	5.84542	0	0	0

0	0.188562	0.377124	1.2235	1.21825	0.148679
1	0.377124	0.565685	4.5395	2.81889	0.264871
2	0.565685	0.754247	6.497	5.62782	0.39765
3	0.754247	0.942809	5.399	7.0448	0.498981
4	0.942809	1.13137	11.5755	10.0273	0.527921
5	1.13137	1.31993	12.93	11.3304	0.56804
6	1.31993	1.50849	13.812	16.2492	3.11888
7	1.50849	1.69706	12.4115	12.6767	0.66775
8	1.69706	1.88562	8.549	10.3158	0.391255
9	1.88562	2.07418	7.5625	9.38245	0.485428
10	2.07418	2.26274	6.351	7.33534	0.408233
11	2.26274	2.4513	6.1595	5.05711	0.376403
12	2.4513	2.63987	3.038	3.45855	0.232253
13	2.63987	2.82843	2.968	2.12768	0.14828
14	2.82843	3.01699	1.8665	1.54843	0.147854
15	3.01699	3.20555	1.583	0.688545	0.088259
16	3.20555	3.39411	0.9225	0.34275	0.0544342
17	3.39411	3.58267	0.371	0.238659	0.0466163
18	3.58267	3.77124	0.1185	0.108545	0.0284232
19	3.77124	3.9598	0.0145	0.09325	0.0388955
20	3.9598	4.14836	0.0185	0.0271818	0.0106312
21	4.14836	4.33692	0.03	0.0458636	0.0268225
22	4.33692	4.52548	0.0125	0.0142045	0.00735519
23	4.52548	4.71405	0.0155	0.00506818	0.00428604
24	4.71405	4.90261	0	0	0
25	4.90261	5.09117	0	0	0
26	5.09117	5.27973	0	0	0
27	5.27973	5.46829	0	0	0
28	5.46829	5.65685	0	0	0
29	5.65685	5.84542	0	0	0

0	0.188562	0.377124	1.5015	1.23057	0.142723
1	0.377124	0.565685	2.806	2.81833	0.253356
2	0.565685	0.754247	5.954	5.642	0.380613
3	0.754247	0.942809	6.768	7.03276	0.477431
4	0.942809	1.13137	10.948	10.0673	0.506484
5	1.13137	1.31993	12.4835	11.3805	0.54555
6	1.31993	1.50849	13.999	16.1513	2.98481
7	1.50849	1.69706	9.1235	12.5222	0.656345
8	1.69706	1.88562	8.8545	10.2522	0.379367
9	1.88562	2.07418	9.0825	9.36941	0.464498
10	2.07418	2.26274	5.9045	7.27313	0.395195
11	2.26274	2.4513	6.1765	5.10578	0.36317
12	2.4513	2.63987	6.132	3.57478	0.249552
13	2.63987	2.82843	3.745	2.198	0.157627
14	2.82843	3.01699	2.7845	1.60217	0.150877
15	3.01699	3.20555	0.921	0.698652	0.0849984
16	3.20555	3.39411	0.103	0.332326	0.0530562
17	3.39411	3.58267	0.093	0.232326	0.0450176
18	3.58267	3.77124	0.055	0.106217	0.0272825
19	3.77124	3.9598	0.0415	0.091	0.0372694
20	3.9598	4.14836	0	0.026	0.0102345
21	4.14836	4.33692	0	0.0438696	0.0257303
22	4.33692	4.52548	0	0.013587	0.00706128
23	4.52548	4.71405	0	0.00484783	0.00410535
24	4.71405	4.90261	0	0	0
25	4.90261	5.09117	0	0	0
26	5.09117	5.27973	0	0	0
27	5.27973	5.46829	0	0	0
28	5.46829	5.65685	0	0	0
29	5.65685	5.84542	0	0	0

0	0.188562	0.377124	2.2325	1.27231	0.142752
1	0.377124	0.565685	3.602	2.85098	0.244895
2	0.565685	0.754247	4.354	5.58833	0.368519
3	0.754247	0.942809	9.488	7.13506	0.46837
4	0.942809	1.13137	11.1195	10.1112	0.487274
5	1.13137	1.31993	10.8835	11.3598	0.523212
6	1.31993	1.50849	10.406	15.9119	2.87003
7	1.50849	1.69706	11.12	12.4637	0.631592
8	1.69706	1.88562	9.9505	10.2396	0.363768
9	1.88562	2.07418	7.0535	9.27292	0.455057
10	2.07418	2.26274	8.5135	7.32481	0.382093
11	2.26274	2.4513	6.791	5.176	0.354761
12	2.4513	2.63987	5.1855	3.6419	0.248015
13	2.63987	2.82843	3.4605	2.2506	0.159596
14	2.82843	3.01699	1.8575	1.61281	0.144965
15	3.01699	3.20555	0.6195	0.695354	0.0815207
16	3.20555	3.39411	0.346	0.332896	0.0508485
17	3.39411	3.58267	0.271	0.233937	0.0431707
18	3.58267	3.77124	0.3245	0.115313	0.0276202
19	3.77124	3.9598	0.034	0.088625	0.0357921
20	3.9598	4.14836	0.0145	0.0255208	0.00981926
21	4.14836	4.33692	0	0.0420417	0.024723
22	4.33692	4.52548	0	0.0130208	0.00678972
23	4.52548	4.71405	0	0.00464583	0.00393926
24	4.71405	4.90261	0	0	0
25	4.90261	5.09117	0	0	0
26	5.09117	5.27973	0	0	0
27	5.27973	5.46829	0	0	0
28	5.46829	5.65685	0	0	0
29	5.65685	5.84542	0	0	0

0	0.188562	0.377124	1.105	1.26562	0.137198
1	0.377124	0.565685	2.168	2.82366	0.236618
2	0.565685	0.754247	7.451	5.66284	0.361231
3	0.754247	0.942809	7.495	7.14946	0.449856
4	0.942809	1.13137	10.336	10.1202	0.467866
5	1.13137	1.31993	10.308	11.3177	0.503972
6	1.31993	1.50849	13.321	15.8083	2.7571
7	1.50849	1.69706	9.5955	12.349	0.616661
8	1.69706	1.88562	12.9055	10.3463	0.364512
9	1.88562	2.07418	9.168	9.26872	0.436874
10	2.07418	2.26274	7.021	7.31266	0.367003
11	2.26274	2.4513	7.048	5.25088	0.348384
12	2.4513	2.63987	4.222	3.6651	0.239177
13	2.63987	2.82843	1.713	2.2291	0.154654
14	2.82843	3.01699	1.9605	1.62672	0.139832
15	3.01699	3.20555	1.078	0.71066	0.0796838
16	3.20555	3.39411	0.418	0.3363	0.0489284
17	3.39411	3.58267	0.168	0.2313	0.0415244
18	3.58267	3.77124	0.0885	0.11424	0.0265362
19	3.77124	3.9598	0.046	0.08692	0.034401
20	3.9598	4.14836	0.057	0.02678	0.00950689
21	4.14836	4.33692	0	0.04036	0.0237912
22	4.33692	4.52548	0	0.0125	0.00653807
23	4.52548	4.71405	0	0.00446	0.00378607
24	4.71405	4.90261	0	0	0
25	4.90261	5.09117	0	0	0
26	5.09117	5.27973	0	0	0
27	5.27973	5.46829	0	0	0
28	5.46829	5.65685	0	0	0
29	5.65685	5.84542	0	0	0

0	0.188562	0.377124	1.463	1.27321	0.132131
1	0.377124	0.565685	3.4645	2.84831	0.228797
2	0.565685	0.754247	5.6165	5.66106	0.347342
3	0.754247	0.942809	7.0645	7.14619	0.432566
4	0.942809	1.13137	12.1995	10.2002	0.456655
5	1.13137	1.31993	11.373	11.3199	0.484593
6	1.31993	1.50849	13.485	15.7189	2.6525
7	1.50849	1.69706	9.087	12.2236	0.605571
8	1.69706	1.88562	9.4025	10.31	0.352295
9	1.88562	2.07418	6.6665	9.16863	0.431383
10	2.07418	2.26274	6.614	7.28579	0.35387
11	2.26274	2.4513	7.452	5.33554	0.345117
12	2.4513	2.63987	5.7035	3.7435	0.242487
13	2.63987	2.82843	4.239	2.3064	0.166911
14	2.82843	3.01699	1.6955	1.62937	0.134479
15	3.01699	3.20555	1.476	0.740096	0.0818758
16	3.20555	3.39411	0.448	0.340596	0.0472348
17	3.39411	3.58267	0.419	0.238519	0.04055
18	3.58267	3.77124	0.116	0.114308	0.0255157
19	3.77124	3.9598	0	0.0835769	0.0332399
20	3.9598	4.14836	0	0.02575	0.00919686
21	4.14836	4.33692	0	0.0388077	0.0229268
22	4.33692	4.52548	0	0.0120192	0.00630426
23	4.52548	4.71405	0	0.00428846	0.00364434
24	4.71405	4.90261	0	0	0
25	4.90261	5.09117	0	0	0
26	5.09117	5.27973	0	0	0
27	5.27973	5.46829	0	0	0
28	5.46829	5.65685	0	0	0
29	5.65685	5.84542	0	0	0

0	0.188562	0.377124	1.2365	1.27185	0.127245
1	0.377124	0.565685	5.457	2.94493	0.239858
2	0.565685	0.754247	7.2525	5.72	0.339442
3	0.754247	0.942809	8.7995	7.20743	0.420857
4	0.942809	1.13137	11.217	10.2378	0.441292
5	1.13137	1.31993	10.405	11.286	0.467829
6	1.31993	1.50849	10.3105	15.5186	2.56181
7	1.50849	1.69706	9.358	12.1174	0.59237
8	1.69706	1.88562	10.988	10.3351	0.340141
9	1.88562	2.07418	7.039	9.08976	0.422555
10	2.07418	2.26274	8.401	7.32709	0.343165
11	2.26274	2.4513	6.1435	5.36546	0.33363
12	2.4513	2.63987	4.0785	3.75591	0.233824
13	2.63987	2.82843	3.158	2.33794	0.163682
14	2.82843	3.01699	1.5105	1.62496	0.12957
15	3.01699	3.20555	0.9935	0.749481	0.0793794
16	3.20555	3.39411	0.07	0.330574	0.0465364
17	3.39411	3.58267	0.5555	0.250259	0.0407122
18	3.58267	3.77124	0.8405	0.141204	0.0360599
19	3.77124	3.9598	0.162	0.0864815	0.0321355
20	3.9598	4.14836	0	0.0247963	0.00890555
21	4.14836	4.33692	0	0.0373704	0.0221226
22	4.33692	4.52548	0	0.0115741	0.00608647
23	4.52548	4.71405	0	0.00412963	0.00351282
24	4.71405	4.90261	0	0	0
25	4.90261	5.09117	0	0	0
26	5.09117	5.27973	0	0	0
27	5.27973	5.46829	0	0	0
28	5.46829	5.65685	0	0	0
29	5.65685	5.84542	0	0	0

0	0.188562	0.377124	0.9125	1.25902	0.123346
1	0.377124	0.565685	3.8815	2.97838	0.233612
2	0.565685	0.754247	6.2425	5.73866	0.327831
3	0.754247	0.942809	8.6715	7.25971	0.409062
4	0.942809	1.13137	12.6955	10.3256	0.434173
5	1.13137	1.31993	11.581	11.2965	0.451239
6	1.31993	1.50849	11.794	15.3856	2.47377
7	1.50849	1.69706	13.2285	12.1571	0.572542
8	1.69706	1.88562	10.3405	10.3353	0.327993
9	1.88562	2.07418	9.2985	9.09721	0.40753
10	2.07418	2.26274	5.158	7.24962	0.339541
11	2.26274	2.4513	5.3525	5.365	0.321715
12	2.4513	2.63987	2.4715	3.71004	0.229928
13	2.63987	2.82843	1.468	2.30688	0.160758
14	2.82843	3.01699	1.7295	1.6287	0.124997
15	3.01699	3.20555	0.7065	0.747946	0.0765593
16	3.20555	3.39411	0.377	0.332232	0.0449039
17	3.39411	3.58267	0.0425	0.242839	0.0399286
18	3.58267	3.77124	0.4475	0.152143	0.0363935
19	3.77124	3.9598	0.2225	0.0913393	0.0313528
20	3.9598	4.14836	0.5885	0.0449286	0.0215541
21	4.14836	4.33692	0.384	0.04975	0.0245532
22	4.33692	4.52548	0.0585	0.01325	0.00609546
23	4.52548	4.71405	0.174	0.0101964	0.00685316
24	4.71405	4.90261	0.1095	0.00391071	0.00384025
25	4.90261	5.09117	0	0	0
26	5.09117	5.27973	0	0	0
27	5.27973	5.46829	0	0	0
28	5.46829	5.65685	0	0	0
29	5.65685	5.84542	0	0	0

0	0.188562	0.377124	0.97	1.24905	0.119494
1	0.377124	0.565685	3.7385	3.00459	0.227022
2	0.565685	0.754247	7.5715	5.80186	0.322562
3	0.754247	0.942809	10.5835	7.37433	0.410699
4	0.942809	1.13137	12.423	10.3979	0.425183
5	1.13137	1.31993	11.3935	11.2999	0.435691
6	1.31993	1.50849	10.3365	15.2115	2.39459
7	1.50849	1.69706	10.2365	12.0909	0.556616
8	1.69706	1.88562	12.1075	10.3964	0.322326
9	1.88562	2.07418	7.984	9.05883	0.395281
10	2.07418	2.26274	5.234	7.18012	0.334871
11	2.26274	2.4513	5.677	5.37576	0.310801
12	2.4513	2.63987	2.7995	3.67864	0.224133
13	2.63987	2.82843	2.0905	2.29941	0.155388
14	2.82843	3.01699	1.2275	1.61486	0.121449
15	3.01699	3.20555	1.3585	0.769	0.0767596
16	3.20555	3.39411	0.199	0.327638	0.0435899
17	3.39411	3.58267	0.005	0.234638	0.039385
18	3.58267	3.77124	0.25	0.155517	0.0352947
19	3.77124	3.9598	0.057	0.0901552	0.030294
20	3.9598	4.14836	0.561	0.0627241	0.0271818
21	4.14836	4.33692	0.0915	0.0511897	0.0237487
22	4.33692	4.52548	0.163	0.0184138	0.00777057
23	4.52548	4.71405	0.6555	0.0324483	0.0228441
24	4.71405	4.90261	0.201	0.0107069	0.00763828
25	4.90261	5.09117	0	0	0
26	5.09117	5.27973	0	0	0
27	5.27973	5.46829	0	0	0
28	5.46829	5.65685	0	0	0
29	5.65685	5.84542	0	0	0

0	0.188562	0.377124	1.218	1.24802	0.115516
1	0.377124	0.565685	3.439	3.01907	0.219916
2	0.565685	0.754247	6.598	5.8284	0.312899
3	0.754247	0.942809	13.2085	7.5688	0.440653
4	0.942809	1.13137	10.7405	10.4093	0.411164
5	1.13137	1.31993	11.2505	11.2982	0.421171
6	1.31993	1.50849	8.9565	15.003	2.32383
7	1.50849	1.69706	11.696	12.0777	0.538218
8	1.69706	1.88562	8.5925	10.3363	0.31714
9	1.88562	2.07418	6.369	8.96917	0.392142
10	2.07418	2.26274	7.318	7.18472	0.32374
11	2.26274	2.4513	5.792	5.38963	0.300751
12	2.4513	2.63987	4.3985	3.70263	0.217943
13	2.63987	2.82843	2.923	2.3202	0.151592
14	2.82843	3.01699	1.4525	1.60945	0.117522
15	3.01699	3.20555	1.3875	0.789617	0.0769198
16	3.20555	3.39411	1.045	0.35155	0.0482519
17	3.39411	3.58267	0.2595	0.235467	0.0380809
18	3.58267	3.77124	0.613	0.170767	0.0372672
19	3.77124	3.9598	0.11	0.0908167	0.0292914
20	3.9598	4.14836	0.0675	0.0628833	0.0262763
21	4.14836	4.33692	0.0025	0.0495667	0.0230125
22	4.33692	4.52548	0.003	0.0179	0.00752852
23	4.52548	4.71405	0.1995	0.0380167	0.0227512
24	4.71405	4.90261	0.07	0.0126833	0.0076351
25	4.90261	5.09117	0.0305	0.00101667	0.000999579
26	5.09117	5.27973	0	0	0
27	5.27973	5.46829	0	0	0
28	5.46829	5.65685	0	0	0
29	5.65685	5.84542	0	0	0

