migr	rank0	rank1	rank2	rank3	
0	286.377	277.514	275.316	305.229	
1	192.794	216.184	215.833	228.265	
2	157.249	183.487	182.257	178.323	
3	142.049	168.359	162.871	159.911	
4	131.706	149.598	153.915	148.941	
5	123.586	136.914	147.132	137.164	
6	115.263	131.475	137.747	125.05	
7	111.998	126.631	126.54	114.296	
8	108.349	122.454	120.208	109.684	
9	104.371	117.326	110.638	101.849	
10	101.468	112.898	105.495	97.5111	
11	98.1176	109.082	101.208	96.5845	
12	93.679	107.173	97.1344	95.2281	
13	91.195	103.471	93.5604	91.3305	
14	90.1405	101.479	91.5971	91.3118	
15	87.9692	99.7904	88.4275	90.3715	
16	86.2378	92.1803	86.1285	89.283	
17	85.354	90.319	85.1003	89.0802	
18	84.6263	88.2467	83.1099	88.624	
19	83.9617	86.1913	82.7924	87.9302	
20	82.4898	84.5942	81.0872	87.6487	
21	82.4898	83.2984	78.7095	83.8066	
22	82.3366	83.2411	78.7095	83.1261	
23	78.5376	82.8226	78.0513	82.679	
24	77.6831	82.3602	77.4901	79.4424	
25	78.5376	81.8205	77.3759	77.1192	
26	77.8261	80.8844	77.1701	76.8034	
27	77.5227	80.19	77.1701	76.6166	
28	76.9964	79.7627	76.4214	76.2932	
29	76.6908	79.4393	76.4214	76.2302	
30	76.6908	79.0521	76.2896	76.2302	
31	76.6908	78.4575	75.54	76.2302	
32	76.6908	78.3988	74.814	76.2302	
33	76.5776	78.3988	74.6343	76.1439	
34	76.5776	78.0554	74.2302	76.1439	
35	76.253	78.3988	74.2302	76.1439	
36	76.253	77.6842	74.2302	75.2865	
37	76.1385	77.6786	74.1863	75.1743	
38	76.1385	77.3719	73.7608	75.1743	
39	75.7772	76.8852	73.7608	75.1743	
40	75.7198	76.8852	73.7608	74.9451	
41	75.7198	76.8852	73.7608	74.9451	
42	75.7198	76.8852	73.7608	74.9451	
43	75.7198	76.8852	73.7426	74.9451	
44	75.4739	76.6605	73.7426	74.5532	
45	75.1487	76.4021	73.1207	74.5532	
46	75.1487	75.9196	72.7186	74.5532	
47	75.0849	75.8292	72.462	74.5532	
48	74.9093	75.8292	72.462	74.5532	
49	74.5866	75.8292	72.462	74.5532	
50	74.3976	75.6746	72.462	74.4959	
51	73.7218	75.6746	72.462	74.4959	
52	73.6888	75.6746	72.2601	74.4959	
53	73.6888	75.6746	71.6348	74.4959	
54	73.5443	75.6746	71.6167	74.3815	
55	73.5406	75.3304	71.6086	74.3815	
56	72.8566	74.4755	71.0233	74.0452	
57	72.3744	74.4755	71.0233	73.5616	
58	72.3591	74.4755	71.0233	73.5616	
59	72.3591	74.2265	71.0233	73.5616	
60	72.3591	74.2265	70.5165	73.5616	
61	72.3591	74.2265	70.5165	73.3029	
62	72.2961	74.1978	70.5165	73.3029	
63	72.2961	73.9356	70.5165	73.1612	
64	72.2961	73.9356	70.5165	73.1612	
65	72.2038	73.9356	70.1185	73.1612	
66	72.2038	73.6154	70.1185	73.1552	
67	72.2038	73.6154	70.1185	73.0928	
68	72.2038	73.6154	70.1185	73.0928	
69	72.1193	73.6154	70.1185	73.0928	
70	72.1193	73.6154	70.1185	73.0928	
71	72.1193	73.6044	70.1185	73.0928	
72	72.1193	73.6044	70.1185	73.0928	
73	72.1193	73.6044	70.1185	73.0928	
74	72.1193	73.6044	70.1185	73.0928	
75	72.1193	73.6044	70.1185	73.0928	
76	72.1193	73.6044	70.1185	73.0928	
77	72.1193	73.6044	70.1185	73.0928	
78	72.1193	73.6044	69.2005	73.0928	
79	72.1193	73.6044	69.2005	73.0928	
80	72.1193	73.6044	69.2005	73.0928	
81	72.1193	73.6044	69.2005	73.0928	
82	72.1193	73.6044	69.2005	73.0928	
83	72.1193	73.6044	69.2005	73.0928	
84	72.1193	73.4114	69.2005	73.0928	
85	72.1193	73.4114	69.2005	73.0928	
86	72.1193	73.4114	69.2005	73.0586	
87	72.1193	73.3933	69.2005	73.0586	
88	72.1193	73.3933	69.2005	73.0586	
89	72.1193	73.3933	69.2005	73.0297	
90	72.1193	73.3933	69.2005	73.0297	
91	72.1193	73.2603	69.2005	73.0297	
92	72.0493	73.2603	69.2005	73.0297	
93	72.0493	73.2603	69.2005	73.0297	
94	72.0493	73.2603	69.2005	73.0297	
95	72.0493	73.2561	69.0167	73.0297	
96	72.0493	73.2561	68.8996	73.0297	
97	72.0493	73.2561	68.8996	73.0297	
98	72.0493	73.2561	68.8996	73.0297	
99	72.0493	73.2561	68.8996	72.7653	
100	72.0493	73.2223	68.8996	72.7653	
101	72.0493	73.2223	68.8996	72.7653	
102	72.0493	73.2223	68.8996	72.3959	
103	72.0493	73.2223	68.8996	72.3959	
104	71.9863	73.2223	68.8996	72.0818	
105	71.9863	73.2223	68.8996	72.0818	
106	71.9863	73.2223	68.8996	72.0818	
107	71.9863	73.2223	68.8996	72.0818	
108	71.9863	73.2223	68.8996	72.0818	
109	71.1319	73.2223	68.8996	72.0818	
110	70.5765	73.0167	68.8996	72.0818	
111	70.1569	73.0167	68.8996	72.0818	
112	69.9458	73.0167	68.8996	72.0818	
113	69.8332	73.0167	68.8996	72.0818	
114	69.8332	72.8263	68.8996	72.0818	
115	69.8332	72.5302	68.8996	72.0818	
116	69.5316	72.5302	68.8996	72.0818	
117	69.0421	72.5302	68.8996	72.0818	
118	69.0421	72.5302	68.8996	72.0818	
119	68.8353	72.5302	68.8996	72.0818	
120	68.6159	72.5302	68.8996	72.0818	
121	68.5126	71.5132	68.8996	72.0818	
122	68.5126	71.4102	68.8996	72.0818	
123	68.5126	71.4102	68.8996	72.0818	
124	68.5126	71.2932	68.8996	72.0818	
125	68.5126	71.2932	68.8996	72.0818	
126	68.5126	71.2932	68.8996	72.0818	
127	68.5126	71.2932	68.8996	72.0818	
128	68.5126	70.9416	68.8996	72.0818	
129	68.5126	70.9416	68.8996	72.0818	
130	68.5126	70.738	68.8996	72.0818	
131	68.4553	70.7355	68.8996	72.0818	
132	68.4553	70.7355	68.8996	72.0818	
133	68.4553	70.7355	68.8996	72.0818	
134	68.4553	70.6261	68.8996	72.0818	
135	68.4553	70.6261	68.8996	72.0818	
136	68.4553	70.6261	68.8996	72.0818	
137	68.4553	70.6261	68.8996	72.0818	
138	68.4553	70.6261	68.8996	72.0818	
139	68.4553	70.6261	68.8996	72.0818	
140	68.4553	70.6261	68.8996	72.0818	
141	68.4553	70.6261	68.8996	72.0818	
142	68.4553	70.6261	68.8996	72.0818	
143	68.4553	70.6261	68.8996	72.0818	
144	68.4553	70.6261	68.8996	72.0818	
145	68.4553	70.6261	68.8996	72.0818	
146	68.4553	70.6261	68.6097	72.0818	
147	68.4553	70.6261	68.6097	72.0818	
148	68.4553	70.6261	68.6097	72.0818	
149	68.4553	70.6008	68.6097	72.0818	
150	68.4553	70.6008	68.6097	72.0818	
151	68.4553	70.6008	68.6097	72.0818	
152	68.4553	70.4904	68.6097	72.0818	
153	68.4553	70.4904	68.6097	72.0818	
154	68.4553	70.4904	68.6097	72.0818	
155	68.4553	70.4904	68.6097	72.0818	
156	68.4553	70.4904	68.6097	72.0818	
157	68.4553	70.4904	68.6097	72.0818	
158	68.4553	70.4904	68.6097	72.0818	
159	68.4553	70.4904	68.6097	72.0818	
160	68.4553	70.4904	68.6097	72.0818	
161	68.4553	70.4904	68.6097	72.0818	
162	68.4553	70.4904	68.6097	72.0818	
163	68.4553	70.4904	68.6097	72.0818	
164	68.4553	70.4904	68.6097	72.0818	
165	68.4553	70.4904	68.6097	72.0818	
166	68.4553	70.4904	68.6097	72.0818	
167	68.4553	70.4904	68.6097	72.0818	
168	68.4553	70.4904	68.6097	72.0818	
169	68.4553	70.4904	68.6097	72.0818	
170	68.4553	70.4904	68.6097	72.0818	
171	68.4553	70.4904	68.6097	72.0818	
172	68.4553	70.4904	68.6097	72.0818	
173	68.4553	70.4904	68.6097	72.0818	
174	68.4553	70.4904	68.6097	72.0818	
175	68.4553	70.4904	68.6097	72.0818	
176	68.4553	70.4904	68.6097	72.0818	
177	68.4553	70.4904	68.6097	72.0818	
178	68.4553	70.4904	68.6097	72.0818	
179	68.4553	70.4904	68.6097	72.0818	
180	68.4553	70.4904	68.6097	72.0818	
181	68.4553	70.4904	68.6097	72.0818	
182	68.4553	70.4904	68.6097	72.0818	
183	68.4553	70.4904	68.6097	72.0818	
184	68.4553	70.4904	68.6097	72.0818	
185	68.4553	70.4904	68.6097	72.0818	
186	68.4553	70.4904	68.6097	72.0818	
187	68.4553	70.4904	68.6097	72.0818	
188	68.4553	70.4904	68.6097	72.0818	
189	68.4553	70.4904	68.6097	72.0818	
190	68.4553	70.4904	68.6097	72.0818	
191	68.4553	70.3378	68.6083	72.0818	
192	68.4553	70.3378	68.6083	72.0818	
193	68.4553	70.3378	68.6083	72.0818	
194	68.4553	70.3378	68.5876	72.0818	
195	68.4553	70.3378	68.5696	72.0818	
196	68.4553	70.3378	68.5696	72.0818	
197	68.4553	70.3378	68.5696	72.0818	
198	68.4553	70.3378	68.5696	72.0818	
199	68.4553	70.3378	68.5696	72.0818	
