Step	Energy
0	-6.65334
1	-6.50345
2	-6.40553
3	-6.25273
4	-6.19464
5	-6.16151
6	-6.10775
7	-6.10333
8	-6.03218
9	-5.99475
10	-5.96118
11	-5.95668
12	-6.05635
13	-5.96219
14	-5.87698
15	-5.85458
16	-5.82354
17	-5.88445
18	-5.84728
19	-5.83168
20	-5.88839
21	-5.80176
22	-5.82439
23	-5.91075
24	-5.95579
25	-5.87549
26	-5.82628
27	-5.84171
28	-5.78735
29	-5.76641
30	-5.73151
31	-5.71491
32	-5.74262
33	-5.81706
34	-5.7943
35	-5.79509
36	-5.80361
37	-5.74683
38	-5.75912
39	-5.74489
40	-5.74022
41	-5.71243
42	-5.66663
43	-5.69574
44	-5.66845
45	-5.69701
46	-5.7154
47	-5.71793
48	-5.70228
49	-5.73836
50	-5.73994
51	-5.75889
52	-5.79649
53	-5.82095
54	-5.82619
55	-5.78177
56	-5.71668
57	-5.63237
58	-5.70986
59	-5.68778
60	-5.67024
61	-5.65285
62	-5.6774
63	-5.76318
64	-5.7509
65	-5.80874
66	-5.75148
67	-5.77916
68	-5.77304
69	-5.77356
70	-5.74964
71	-5.68875
72	-5.5652
73	-5.71365
74	-5.6716
75	-5.63027
76	-5.57875
77	-5.63939
78	-5.57582
79	-5.50512
80	-5.4931
81	-5.61749
82	-5.53137
83	-5.54208
84	-5.58586
85	-5.55802
86	-5.62597
87	-5.56806
88	-5.574
89	-5.47268
90	-5.47028
91	-5.49678
92	-5.55821
93	-5.55383
94	-5.56708
95	-5.60232
96	-5.41807
97	-5.48121
98	-5.54163
99	-5.53631
100	-5.46441
101	-5.46043
102	-5.50397
103	-5.42402
104	-5.47805
105	-5.57907
106	-5.56042
107	-5.51918
108	-5.45265
109	-5.54567
110	-5.58639
111	-5.56135
112	-5.56993
113	-5.63765
114	-5.58427
115	-5.52728
116	-5.51733
117	-5.52355
118	-5.49157
119	-5.65323
120	-5.62617
121	-5.59261
122	-5.50287
123	-5.61253
124	-5.62938
125	-5.5683
126	-5.63368
127	-5.66529
128	-5.67791
129	-5.65452
130	-5.53699
131	-5.59517
132	-5.57134
133	-5.60399
134	-5.68158
135	-5.55521
136	-5.55723
137	-5.58516
138	-5.61347
139	-5.56328
140	-5.61339
141	-5.626
142	-5.57619
143	-5.52286
144	-5.57899
145	-5.45962
146	-5.46688
147	-5.61802
148	-5.58943
149	-5.57162
150	-5.57414
151	-5.51976
152	-5.44181
153	-5.50261
154	-5.54752
155	-5.45397
156	-5.53254
157	-5.57977
158	-5.65039
159	-5.59281
160	-5.71354
161	-5.62505
162	-5.5435
163	-5.5876
164	-5.58078
165	-5.59049
166	-5.59576
167	-5.59408
168	-5.58179
169	-5.49213
170	-5.50656
171	-5.50845
172	-5.49944
173	-5.47164
174	-5.42073
175	-5.5126
176	-5.5116
177	-5.58254
178	-5.5592
179	-5.52705
180	-5.47074
181	-5.49835
182	-5.45407
183	-5.45143
184	-5.5238
185	-5.46352
186	-5.4567
187	-5.5343
188	-5.53358
189	-5.5358
190	-5.57085
191	-5.41336
192	-5.50645
193	-5.44936
194	-5.48604
195	-5.40289
196	-5.39145
197	-5.42328
198	-5.44984
199	-5.41455
200	-5.54424
201	-5.55878
202	-5.55619
203	-5.46231
204	-5.53208
205	-5.42657
206	-5.35597
207	-5.36755
208	-5.38709
209	-5.34409
210	-5.43447
211	-5.46312
212	-5.53361
213	-5.57841
214	-5.56937
215	-5.68758
216	-5.67767
217	-5.66858
218	-5.79162
219	-5.75413
220	-5.62717
221	-5.63212
222	-5.66331
223	-5.6734
224	-5.68316
225	-5.61527
226	-5.6009
227	-5.46986
228	-5.34044
229	-5.37698
230	-5.36161
231	-5.53358
232	-5.54461
233	-5.52467
234	-5.59679
235	-5.48467
236	-5.47773
237	-5.45381
238	-5.41339
239	-5.40484
240	-5.41106
241	-5.42755
242	-5.46898
243	-5.48729
244	-5.50901
245	-5.55198
246	-5.51072
247	-5.50324
248	-5.36729
249	-5.43702
250	-5.35922
251	-5.34302
252	-5.41984
253	-5.47247
254	-5.4556
255	-5.47366
256	-5.44757
257	-5.41468
258	-5.41411
259	-5.4242
260	-5.39469
261	-5.38607
262	-5.48083
263	-5.403
264	-5.4363
265	-5.29941
266	-5.362
267	-5.42073
268	-5.37238
269	-5.3817
270	-5.3565
271	-5.35534
272	-5.40312
273	-5.3869
274	-5.40551
275	-5.48145
276	-5.31005
277	-5.2375
278	-5.2617
279	-5.31216
280	-5.42772
281	-5.43567
282	-5.41196
283	-5.38133
284	-5.31845
285	-5.38819
286	-5.37133
287	-5.45022
288	-5.48533
289	-5.46543
290	-5.33153
291	-5.30623
292	-5.31063
293	-5.31932
294	-5.40583
295	-5.44576
296	-5.5301
297	-5.49446
298	-5.43274
299	-5.39025
300	-5.37902
301	-5.50908
302	-5.50001
303	-5.43371
304	-5.49469
305	-5.48354
306	-5.42811
307	-5.45866
308	-5.46615
309	-5.50035
310	-5.4067
311	-5.4418
312	-5.54103
313	-5.55653
314	-5.45533
315	-5.45532
316	-5.48426
317	-5.4285
318	-5.46186
319	-5.50192
320	-5.44509
321	-5.40625
322	-5.33974
323	-5.47899
324	-5.39837
325	-5.50867
326	-5.43339
327	-5.48562
328	-5.40249
329	-5.37297
330	-5.41025
331	-5.41582
332	-5.5485
333	-5.50258
334	-5.55241
335	-5.44965
336	-5.45162
337	-5.53749
338	-5.5196
339	-5.4596
340	-5.49307
341	-5.52729
342	-5.46574
343	-5.4588
344	-5.43696
345	-5.36104
346	-5.41157
347	-5.48678
348	-5.44703
349	-5.53162
350	-5.47154
351	-5.37784
352	-5.39155
353	-5.42493
354	-5.48661
355	-5.57583
356	-5.57765
357	-5.63782
358	-5.6534
359	-5.5297
360	-5.47017
361	-5.45359
362	-5.56733
363	-5.63408
364	-5.51164
365	-5.54584
366	-5.57597
367	-5.55805
368	-5.52374
369	-5.49594
370	-5.53426
371	-5.59156
372	-5.57816
373	-5.56963
374	-5.49517
375	-5.53343
376	-5.48986
377	-5.54823
378	-5.45387
379	-5.50499
380	-5.49831
381	-5.36114
382	-5.39412
383	-5.50979
384	-5.44622
385	-5.42138
386	-5.42793
387	-5.43856
388	-5.50493
389	-5.47168
390	-5.43406
391	-5.44835
392	-5.52235
393	-5.48129
394	-5.45957
395	-5.50688
396	-5.5344
397	-5.51882
398	-5.45679
399	-5.52089
400	-5.60114
401	-5.5877
402	-5.54739
403	-5.50643
404	-5.60088
405	-5.65622
406	-5.64869
407	-5.55969
408	-5.46978
409	-5.59984
410	-5.52728
411	-5.38575
412	-5.51662
413	-5.48123
414	-5.53521
415	-5.4913
416	-5.51564
417	-5.53423
418	-5.55511
419	-5.51277
420	-5.41241
421	-5.36087
422	-5.42361
423	-5.43955
424	-5.32961
425	-5.38927
426	-5.41198
427	-5.47788
428	-5.4433
429	-5.45472
430	-5.60044
431	-5.53023
432	-5.54864
433	-5.58868
434	-5.52337
435	-5.49071
436	-5.45504
437	-5.40936
438	-5.40742
439	-5.44711
440	-5.4226
441	-5.45189
442	-5.48543
443	-5.61737
444	-5.45316
445	-5.49691
446	-5.39072
447	-5.42129
448	-5.48379
449	-5.43747
450	-5.39363
451	-5.38719
452	-5.41709
453	-5.39566
454	-5.42848
455	-5.49867
456	-5.45349
457	-5.45874
458	-5.46568
459	-5.49767
460	-5.50557
461	-5.56278
462	-5.48704
463	-5.49923
464	-5.50674
465	-5.49944
466	-5.40028
467	-5.51236
468	-5.48245
469	-5.53719
470	-5.45206
471	-5.44495
472	-5.43275
473	-5.37795
474	-5.45612
475	-5.37521
476	-5.32703
477	-5.3993
478	-5.43468
479	-5.48659
480	-5.51948
481	-5.50692
482	-5.54946
483	-5.57135
484	-5.56384
485	-5.58326
486	-5.53946
487	-5.68992
488	-5.72786
489	-5.69774
490	-5.6396
491	-5.56365
492	-5.55507
493	-5.46216
494	-5.50033
495	-5.59388
496	-5.55857
497	-5.54935
498	-5.52917
499	-5.50921
500	-5.55495
501	-5.44216
502	-5.48768
503	-5.49039
504	-5.45958
505	-5.35575
506	-5.37247
507	-5.42206
508	-5.51081
509	-5.51543
510	-5.45523
511	-5.48177
512	-5.43679
513	-5.46055
514	-5.43143
515	-5.4591
516	-5.43657
517	-5.58502
518	-5.44311
519	-5.43477
520	-5.43275
521	-5.35796
522	-5.41173
523	-5.47015
524	-5.40877
525	-5.33893
526	-5.31968
527	-5.34776
528	-5.33608
529	-5.29687
530	-5.28876
531	-5.348
532	-5.38678
533	-5.41652
534	-5.40246
535	-5.47541
536	-5.36498
537	-5.34007
538	-5.4683
539	-5.48086
540	-5.40512
541	-5.40643
542	-5.35698
543	-5.39878
544	-5.35795
545	-5.4152
546	-5.37904
547	-5.37824
548	-5.48076
549	-5.37561
550	-5.35589
551	-5.39653
552	-5.48345
553	-5.44618
554	-5.44672
555	-5.42992
556	-5.42294
557	-5.36346
558	-5.32311
559	-5.38952
560	-5.47884
561	-5.51056
562	-5.58254
563	-5.51753
564	-5.4827
565	-5.46678
566	-5.61094
567	-5.58174
568	-5.46716
569	-5.39927
570	-5.38261
571	-5.38871
572	-5.31025
573	-5.35834
574	-5.38006
575	-5.36707
576	-5.4435
577	-5.46495
578	-5.50055
579	-5.43212
580	-5.50937
581	-5.50801
582	-5.4783
583	-5.52627
584	-5.52794
585	-5.4437
586	-5.47868
587	-5.45925
588	-5.42579
589	-5.50967
590	-5.51386
591	-5.4959
592	-5.52267
593	-5.48716
594	-5.59288
595	-5.55166
596	-5.58173
597	-5.60425
598	-5.53874
599	-5.51884
600	-5.67536
601	-5.66075
602	-5.62698
603	-5.59511
604	-5.56969
605	-5.53046
606	-5.49894
607	-5.47433
608	-5.48652
609	-5.41071
610	-5.35576
611	-5.40883
612	-5.48251
613	-5.49525
614	-5.35903
615	-5.44139
616	-5.41098
617	-5.50914
618	-5.45051
619	-5.42393
620	-5.4004
621	-5.4115
622	-5.37222
623	-5.37527
624	-5.45742
625	-5.47956
626	-5.47431
627	-5.46941
628	-5.55509
629	-5.56907
630	-5.51868
631	-5.55119
632	-5.57499
633	-5.56422
634	-5.51632
635	-5.51195
636	-5.48929
637	-5.41653
638	-5.4179
639	-5.49346
640	-5.43327
641	-5.43571
642	-5.43902
643	-5.49703
644	-5.47962
645	-5.56185
646	-5.60677
647	-5.62626
648	-5.67223
649	-5.58861
650	-5.60242
651	-5.48274
652	-5.5164
653	-5.43553
654	-5.35838
655	-5.47518
656	-5.49355
657	-5.46304
658	-5.44986
659	-5.32623
660	-5.29215
661	-5.339
662	-5.39963
663	-5.35293
664	-5.30503
665	-5.40307
666	-5.4503
667	-5.31991
668	-5.34263
669	-5.33871
670	-5.48449
671	-5.53749
672	-5.53209
673	-5.52462
674	-5.63705
675	-5.52799
676	-5.64662
677	-5.63222
678	-5.65476
679	-5.67637
680	-5.67034
681	-5.77916
682	-5.72385
683	-5.61784
684	-5.73243
685	-5.72476
686	-5.74929
687	-5.71048
688	-5.66905
689	-5.60625
690	-5.58628
691	-5.49348
692	-5.53388
693	-5.61279
694	-5.52244
695	-5.5917
696	-5.56849
697	-5.58588
698	-5.59253
699	-5.564
700	-5.48186
701	-5.44959
702	-5.53182
703	-5.55753
704	-5.61554
705	-5.60683
706	-5.68942
707	-5.67237
708	-5.7387
709	-5.68905
710	-5.71906
711	-5.55984
712	-5.60282
713	-5.60523
714	-5.57158
715	-5.45581
716	-5.30193
717	-5.41473
718	-5.34281
719	-5.38951
720	-5.37417
721	-5.39215
722	-5.29354
723	-5.43469
724	-5.38154
725	-5.243
726	-5.21965
727	-5.21267
728	-5.41223
729	-5.53465
730	-5.49542
731	-5.44899
732	-5.38528
733	-5.45879
734	-5.41484
735	-5.45011
736	-5.37557
737	-5.39968
738	-5.36623
739	-5.52116
740	-5.51966
741	-5.6142
742	-5.57717
743	-5.60938
744	-5.68924
745	-5.66993
746	-5.72765
747	-5.8006
748	-5.78732
749	-5.79066
750	-5.73868
751	-5.66214
752	-5.54332
753	-5.5578
754	-5.64753
755	-5.61142
756	-5.658
757	-5.62682
758	-5.64289
759	-5.6064
760	-5.6106
761	-5.50336
762	-5.57188
763	-5.66781
764	-5.59114
765	-5.48596
766	-5.54068
767	-5.50387
768	-5.45774
769	-5.50577
770	-5.49943
771	-5.53115
772	-5.53718
773	-5.57959
774	-5.61761
775	-5.55993
776	-5.59246
777	-5.51855
778	-5.574
779	-5.52423
780	-5.43924
781	-5.43412
782	-5.49633
783	-5.49493
784	-5.55218
785	-5.59245
786	-5.5861
787	-5.62667
788	-5.55078
789	-5.51408
790	-5.54461
791	-5.42477
792	-5.46759
793	-5.54585
794	-5.4276
795	-5.53989
796	-5.56779
797	-5.61045
798	-5.58406
799	-5.64479
800	-5.62072
801	-5.49162
802	-5.5415
803	-5.46144
804	-5.43747
805	-5.47338
806	-5.46329
807	-5.42124
808	-5.25626
809	-5.31784
810	-5.36621
811	-5.38256
812	-5.34445
813	-5.35382
814	-5.43
815	-5.3906
816	-5.42586
817	-5.50924
818	-5.51779
819	-5.51421
820	-5.49655
821	-5.4903
822	-5.4672
823	-5.42607
824	-5.58986
825	-5.58936
826	-5.49677
827	-5.38691
828	-5.3569
829	-5.40557
830	-5.43576
831	-5.58072
832	-5.5663
833	-5.65582
834	-5.62772
835	-5.53258
836	-5.60177
837	-5.4935
838	-5.51937
839	-5.5515
840	-5.52746
841	-5.56297
842	-5.45434
843	-5.4588
844	-5.40978
845	-5.47438
846	-5.41445
847	-5.52454
848	-5.42246
849	-5.48315
850	-5.50276
851	-5.55038
852	-5.54432
853	-5.54919
854	-5.45194
855	-5.42873
856	-5.41334
857	-5.41489
858	-5.30138
859	-5.23485
860	-5.31042
861	-5.39533
862	-5.45206
863	-5.46654
864	-5.46848
865	-5.5014
866	-5.51208
867	-5.51156
868	-5.3459
869	-5.30583
870	-5.4822
871	-5.47262
872	-5.44317
873	-5.4723
874	-5.51163
875	-5.51837
876	-5.50631
877	-5.46115
878	-5.52204
879	-5.5103
880	-5.47813
881	-5.43414
882	-5.41885
883	-5.3759
884	-5.41827
885	-5.35751
886	-5.3578
887	-5.41181
888	-5.42848
889	-5.39945
890	-5.37442
891	-5.34282
892	-5.41225
893	-5.40161
894	-5.4437
895	-5.45658
896	-5.46453
897	-5.53913
898	-5.46648
899	-5.56648
900	-5.61468
901	-5.61593
902	-5.63741
903	-5.53081
904	-5.34517
905	-5.37508
906	-5.40428
907	-5.44786
908	-5.33831
909	-5.32001
910	-5.28301
911	-5.32034
912	-5.37221
913	-5.41249
914	-5.30809
915	-5.41781
916	-5.45872
917	-5.49753
918	-5.51247
919	-5.51744
920	-5.51632
921	-5.54174
922	-5.5494
923	-5.43696
924	-5.40072
925	-5.36694
926	-5.29387
927	-5.38132
928	-5.31254
929	-5.24818
930	-5.31681
931	-5.32288
932	-5.29122
933	-5.34451
934	-5.35438
935	-5.35722
936	-5.35479
937	-5.33692
938	-5.29457
939	-5.34412
940	-5.38186
941	-5.40634
942	-5.4395
943	-5.52933
944	-5.34755
945	-5.37171
946	-5.31315
947	-5.33857
948	-5.40073
949	-5.55349
950	-5.51361
951	-5.52312
952	-5.62255
953	-5.64301
954	-5.65676
955	-5.68457
956	-5.67087
957	-5.49145
958	-5.58039
959	-5.56436
960	-5.55988
961	-5.58883
962	-5.57067
963	-5.49215
964	-5.56239
965	-5.56391
966	-5.3976
967	-5.33924
968	-5.48057
969	-5.54679
970	-5.4776
971	-5.50776
972	-5.52168
973	-5.57049
974	-5.4867
975	-5.36667
976	-5.28092
977	-5.39725
978	-5.33888
979	-5.38805
980	-5.44087
981	-5.41659
982	-5.43951
983	-5.42064
984	-5.42312
985	-5.40731
986	-5.46032
987	-5.56814
988	-5.55778
989	-5.70657
990	-5.64031
991	-5.58531
992	-5.48127
993	-5.51235
994	-5.42867
995	-5.46291
996	-5.35109
997	-5.34745
998	-5.4669
999	-5.53808
1000	-5.44921
1001	-5.42082
1002	-5.36563
1003	-5.3663
1004	-5.29303
1005	-5.31756
1006	-5.35847
1007	-5.33121
1008	-5.36232
1009	-5.38033
1010	-5.38276
1011	-5.4688
1012	-5.58688
1013	-5.48296
1014	-5.48571
1015	-5.49313
1016	-5.52492
1017	-5.51952
1018	-5.49624
1019	-5.50526
1020	-5.45028
1021	-5.43951
1022	-5.35472
1023	-5.41504
1024	-5.46054
1025	-5.45145
1026	-5.46963
1027	-5.38563
1028	-5.28054
1029	-5.28511
1030	-5.3416
1031	-5.3258
1032	-5.33915
1033	-5.45692
1034	-5.44103
1035	-5.48889
1036	-5.54259
1037	-5.56041
1038	-5.51773
1039	-5.5944
1040	-5.6394
1041	-5.66007
1042	-5.61171
1043	-5.60241
1044	-5.55066
1045	-5.55138
1046	-5.59384
1047	-5.51627
1048	-5.4971
1049	-5.52438
1050	-5.549
1051	-5.5643
1052	-5.57564
1053	-5.48671
1054	-5.55899
1055	-5.57295
1056	-5.58959
1057	-5.57714
1058	-5.56556
1059	-5.50904
1060	-5.4754
1061	-5.39692
1062	-5.38045
1063	-5.37517
1064	-5.38848
1065	-5.44019
1066	-5.36028
1067	-5.38671
1068	-5.47579
1069	-5.43307
1070	-5.4452
1071	-5.40484
1072	-5.48627
1073	-5.56268
1074	-5.58188
1075	-5.62647
1076	-5.52262
1077	-5.48944
1078	-5.48003
1079	-5.51309
1080	-5.56699
1081	-5.56962
1082	-5.52093
1083	-5.52765
1084	-5.47069
1085	-5.54822
1086	-5.44828
1087	-5.43097
1088	-5.44387
1089	-5.45427
1090	-5.4938
1091	-5.51024
1092	-5.40847
1093	-5.44271
1094	-5.4419
1095	-5.37627
1096	-5.35513
1097	-5.31178
1098	-5.34053
1099	-5.29268
1100	-5.48507
1101	-5.48705
1102	-5.52109
1103	-5.45475
1104	-5.40114
1105	-5.41186
1106	-5.47821
1107	-5.55389
1108	-5.47836
1109	-5.43493
1110	-5.51385
1111	-5.46393
1112	-5.4349
1113	-5.38736
1114	-5.39492
1115	-5.42968
1116	-5.46811
1117	-5.47872
1118	-5.50642
1119	-5.48081
1120	-5.55791
1121	-5.52373
1122	-5.44903
1123	-5.49249
1124	-5.64237
1125	-5.63685
1126	-5.45786
1127	-5.43503
1128	-5.44041
1129	-5.43999
1130	-5.49882
1131	-5.43916
1132	-5.42324
1133	-5.38578
1134	-5.43593
1135	-5.45444
1136	-5.47239
1137	-5.49214
1138	-5.49841
1139	-5.62759
1140	-5.63945
1141	-5.58439
1142	-5.61374
1143	-5.58033
1144	-5.51906
1145	-5.50527
1146	-5.52237
1147	-5.52611
1148	-5.47851
1149	-5.58446
1150	-5.55011
1151	-5.59341
1152	-5.57241
1153	-5.54372
1154	-5.58414
1155	-5.5123
1156	-5.50144
1157	-5.44053
1158	-5.37368
1159	-5.36491
1160	-5.41736
1161	-5.45634
1162	-5.31789
1163	-5.38056
1164	-5.38732
1165	-5.46608
1166	-5.36753
1167	-5.33757
1168	-5.45242
1169	-5.40594
1170	-5.47566
1171	-5.40801
1172	-5.42466
1173	-5.49578
1174	-5.47244
1175	-5.51654
1176	-5.57646
1177	-5.59882
1178	-5.56664
1179	-5.47561
1180	-5.41342
1181	-5.408
1182	-5.4073
1183	-5.53519
1184	-5.57137
1185	-5.52341
1186	-5.59197
1187	-5.4197
1188	-5.42995
1189	-5.57542
1190	-5.60331
1191	-5.56208
1192	-5.5714
1193	-5.57649
1194	-5.60614
1195	-5.54019
1196	-5.5212
1197	-5.51693
1198	-5.58466
1199	-5.47345
1200	-5.52028
1201	-5.4826
1202	-5.45032
1203	-5.45059
1204	-5.51606
1205	-5.5094
1206	-5.5439
1207	-5.57752
1208	-5.62347
1209	-5.56335
1210	-5.62575
1211	-5.69822
1212	-5.65036
1213	-5.52366
1214	-5.43039
1215	-5.49716
1216	-5.48785
1217	-5.46801
1218	-5.38128
1219	-5.36414
1220	-5.35473
1221	-5.3717
1222	-5.42237
1223	-5.43047
1224	-5.47137
1225	-5.4525
1226	-5.42776
1227	-5.3972
1228	-5.48277
1229	-5.53437
1230	-5.54717
1231	-5.38977
1232	-5.38718
1233	-5.39399
1234	-5.3836
1235	-5.29474
1236	-5.34369
1237	-5.35892
1238	-5.35807
1239	-5.31085
1240	-5.25964
1241	-5.30702
1242	-5.36511
1243	-5.27715
1244	-5.1784
1245	-5.27292
1246	-5.37192
1247	-5.42743
1248	-5.32446
1249	-5.37387
1250	-5.54028
1251	-5.37041
1252	-5.36933
1253	-5.37209
1254	-5.32143
1255	-5.45553
1256	-5.40923
1257	-5.45012
1258	-5.47725
1259	-5.48845
1260	-5.45302
1261	-5.52848
1262	-5.59764
1263	-5.50672
1264	-5.57818
1265	-5.50725
1266	-5.39751
1267	-5.47198
1268	-5.37768
1269	-5.42896
1270	-5.39451
1271	-5.39441
1272	-5.44827
1273	-5.50835
1274	-5.49354
1275	-5.41081
1276	-5.49352
1277	-5.52809
1278	-5.47251
1279	-5.40303
1280	-5.52478
1281	-5.38959
1282	-5.37959
1283	-5.35167
1284	-5.34809
1285	-5.40536
1286	-5.44294
1287	-5.41967
1288	-5.46163
1289	-5.39782
1290	-5.40379
1291	-5.37552
1292	-5.44443
1293	-5.48821
1294	-5.44187
1295	-5.25096
1296	-5.33851
1297	-5.42069
1298	-5.42076
1299	-5.45117
1300	-5.47596
1301	-5.54236
1302	-5.52409
1303	-5.53894
1304	-5.48964
1305	-5.50815
1306	-5.50523
1307	-5.41686
1308	-5.52606
1309	-5.48458
1310	-5.58382
1311	-5.62282
1312	-5.60433
1313	-5.50784
1314	-5.43682
1315	-5.36238
1316	-5.3677
1317	-5.33344
1318	-5.42911
1319	-5.4462
1320	-5.45092
1321	-5.39289
1322	-5.52605
1323	-5.52481
1324	-5.55401
1325	-5.51642
1326	-5.55903
1327	-5.48849
1328	-5.45229
1329	-5.44094
1330	-5.43469
1331	-5.43265
1332	-5.41633
1333	-5.42028
1334	-5.44631
1335	-5.50924
1336	-5.60036
1337	-5.5771
1338	-5.59116
1339	-5.61999
1340	-5.59315
1341	-5.68214
1342	-5.64018
1343	-5.62374
1344	-5.455
1345	-5.40656
1346	-5.42443
1347	-5.40917
1348	-5.31534
1349	-5.3253
1350	-5.40467
1351	-5.43853
1352	-5.42131
1353	-5.53436
1354	-5.53681
1355	-5.48166
1356	-5.49091
1357	-5.55878
1358	-5.45898
1359	-5.44278
1360	-5.49193
1361	-5.39561
1362	-5.48138
1363	-5.44629
1364	-5.34618
1365	-5.27311
1366	-5.37287
1367	-5.3515
1368	-5.39838
1369	-5.32743
1370	-5.32943
1371	-5.30495
1372	-5.36209
1373	-5.41971
1374	-5.34064
1375	-5.41833
1376	-5.4376
1377	-5.38571
1378	-5.3488
1379	-5.39335
1380	-5.42332
1381	-5.42625
1382	-5.40243
1383	-5.35439
1384	-5.40751
1385	-5.40961
1386	-5.4861
1387	-5.46409
1388	-5.30008
1389	-5.34151
1390	-5.33383
1391	-5.28947
1392	-5.33976
1393	-5.46298
1394	-5.46875
1395	-5.43235
1396	-5.33199
1397	-5.39737
1398	-5.4363
1399	-5.45238
1400	-5.56803
1401	-5.58398
1402	-5.59729
1403	-5.57842
1404	-5.52709
1405	-5.49673
1406	-5.59345
1407	-5.5291
1408	-5.43051
1409	-5.50929
1410	-5.49177
1411	-5.50182
1412	-5.47568
1413	-5.44579
1414	-5.48717
1415	-5.46983
1416	-5.51766
1417	-5.46173
1418	-5.41882
1419	-5.50333
1420	-5.44321
1421	-5.51903
1422	-5.47041
1423	-5.48368
1424	-5.55529
1425	-5.3417
1426	-5.44631
1427	-5.46882
1428	-5.47902
1429	-5.46535
1430	-5.50639
1431	-5.45251
1432	-5.50958
1433	-5.45129
1434	-5.39254
1435	-5.36426
1436	-5.39995
1437	-5.35999
1438	-5.39258
1439	-5.34258
1440	-5.25194
1441	-5.21134
1442	-5.21869
1443	-5.35104
1444	-5.29769
1445	-5.23016
1446	-5.26873
1447	-5.24631
1448	-5.22941
1449	-5.25979
1450	-5.35315
1451	-5.33814
1452	-5.32795
1453	-5.29824
1454	-5.28521
1455	-5.37201
1456	-5.38094
1457	-5.43213
1458	-5.41467
1459	-5.41685
1460	-5.3944
1461	-5.34357
1462	-5.34498
1463	-5.39586
1464	-5.46253
1465	-5.49023
1466	-5.44569
1467	-5.47227
1468	-5.42533
1469	-5.4837
1470	-5.35102
1471	-5.32971
1472	-5.22012
1473	-5.32436
1474	-5.35965
1475	-5.33934
1476	-5.40966
1477	-5.44197
1478	-5.35059
1479	-5.34357
1480	-5.32417
1481	-5.32366
1482	-5.28257
1483	-5.29278
1484	-5.26946
1485	-5.34483
1486	-5.33143
1487	-5.43198
1488	-5.29987
1489	-5.23457
1490	-5.29146
1491	-5.26996
1492	-5.37369
1493	-5.33005
1494	-5.28401
1495	-5.38775
1496	-5.40196
1497	-5.45124
1498	-5.46046
1499	-5.45011
1500	-5.42003
1501	-5.44554
1502	-5.4183
1503	-5.35335
1504	-5.32564
1505	-5.35336
1506	-5.38959
1507	-5.45734
1508	-5.40899
1509	-5.38437
1510	-5.38286
1511	-5.37121
1512	-5.40012
1513	-5.3432
1514	-5.38535
1515	-5.31068
1516	-5.19542
1517	-5.22286
1518	-5.25248
1519	-5.20784
1520	-5.27981
1521	-5.21773
1522	-5.22949
1523	-5.37256
1524	-5.34121
1525	-5.44648
1526	-5.42749
1527	-5.51997
1528	-5.47362
1529	-5.52447
1530	-5.45633
1531	-5.39297
1532	-5.42659
1533	-5.38244
1534	-5.41277
1535	-5.37761
1536	-5.49845
1537	-5.4525
1538	-5.49479
1539	-5.44218
1540	-5.37002
1541	-5.4268
1542	-5.40614
1543	-5.36607
1544	-5.37059
1545	-5.40042
1546	-5.44882
1547	-5.3971
1548	-5.37067
1549	-5.48304
1550	-5.47344
1551	-5.47497
1552	-5.44648
1553	-5.54023
1554	-5.64767
1555	-5.52596
1556	-5.62479
1557	-5.58748
1558	-5.54371
1559	-5.4854
1560	-5.38306
1561	-5.35697
1562	-5.37318
1563	-5.32359
1564	-5.3326
1565	-5.20046
1566	-5.21766
1567	-5.3118
1568	-5.30273
1569	-5.38656
1570	-5.32166
1571	-5.30055
1572	-5.36335
1573	-5.34935
1574	-5.41055
1575	-5.27823
1576	-5.32631
1577	-5.32934
1578	-5.23203
1579	-5.26867
1580	-5.41285
1581	-5.4733
1582	-5.48272
1583	-5.53166
1584	-5.51833
1585	-5.51169
1586	-5.5073
1587	-5.45121
1588	-5.3234
1589	-5.29967
1590	-5.30709
1591	-5.30376
1592	-5.23527
1593	-5.37462
1594	-5.40673
1595	-5.4196
1596	-5.33642
1597	-5.47543
1598	-5.46096
1599	-5.41894
1600	-5.46993
1601	-5.54847
1602	-5.56061
1603	-5.61474
1604	-5.62287
1605	-5.65782
1606	-5.68884
1607	-5.59122
1608	-5.63739
1609	-5.48649
1610	-5.46779
1611	-5.46119
1612	-5.53558
1613	-5.55931
1614	-5.52682
1615	-5.46302
1616	-5.48253
1617	-5.50534
1618	-5.52745
1619	-5.50288
1620	-5.49093
1621	-5.40621
1622	-5.41508
1623	-5.53159
1624	-5.58061
1625	-5.50075
1626	-5.43374
1627	-5.34085
1628	-5.28943
1629	-5.40487
1630	-5.39948
1631	-5.37168
1632	-5.32835
1633	-5.389
1634	-5.3078
1635	-5.31464
1636	-5.45349
1637	-5.39621
1638	-5.4016
1639	-5.42983
1640	-5.34996
1641	-5.34882
1642	-5.26724
1643	-5.38278
1644	-5.35845
1645	-5.39775
1646	-5.36729
1647	-5.42556
1648	-5.43542
1649	-5.28041
1650	-5.18679
1651	-5.32236
1652	-5.32379
1653	-5.30103
1654	-5.30847
1655	-5.35808
1656	-5.32488
1657	-5.33194
1658	-5.38088
1659	-5.38049
1660	-5.39204
1661	-5.38054
1662	-5.43261
1663	-5.39445
1664	-5.42778
1665	-5.53115
1666	-5.47626
1667	-5.48731
1668	-5.42423
1669	-5.55006
1670	-5.5923
1671	-5.46292
1672	-5.44031
1673	-5.41561
1674	-5.45423
1675	-5.38164
1676	-5.3949
1677	-5.37061
1678	-5.31886
1679	-5.46588
1680	-5.39112
1681	-5.40622
1682	-5.453
1683	-5.47818
1684	-5.50888
1685	-5.49577
1686	-5.34376
1687	-5.42259
1688	-5.39115
1689	-5.34629
1690	-5.40296
1691	-5.43621
1692	-5.47752
1693	-5.46129
1694	-5.44013
1695	-5.44779
1696	-5.41866
1697	-5.50368
1698	-5.49183
1699	-5.44465
1700	-5.4149
1701	-5.36471
1702	-5.36131
1703	-5.43224
1704	-5.47193
1705	-5.48664
1706	-5.42955
1707	-5.38862
1708	-5.47982
1709	-5.46951
1710	-5.44626
1711	-5.49279
1712	-5.45863
1713	-5.48247
1714	-5.4613
1715	-5.43392
1716	-5.36357
1717	-5.39649
1718	-5.47386
1719	-5.38342
1720	-5.40144
1721	-5.32249
1722	-5.44862
1723	-5.40513
1724	-5.32813
1725	-5.38263
1726	-5.33964
1727	-5.37344
1728	-5.40078
1729	-5.39876
1730	-5.35719
1731	-5.46336
1732	-5.41461
1733	-5.34921
1734	-5.29686
1735	-5.46531
1736	-5.49159
1737	-5.44607
1738	-5.49562
1739	-5.44653
1740	-5.53459
1741	-5.56674
1742	-5.57356
1743	-5.56155
1744	-5.50874
1745	-5.5412
1746	-5.61363
1747	-5.56565
1748	-5.63779
1749	-5.57113
1750	-5.48558
1751	-5.52575
1752	-5.58116
1753	-5.55208
1754	-5.61758
1755	-5.56696
1756	-5.55836
1757	-5.53146
1758	-5.48692
1759	-5.50527
1760	-5.58396
1761	-5.56522
1762	-5.54739
1763	-5.52015
1764	-5.45763
1765	-5.40474
1766	-5.43692
1767	-5.55232
1768	-5.52323
1769	-5.53262
1770	-5.46949
1771	-5.5428
1772	-5.50787
1773	-5.50378
1774	-5.3876
1775	-5.43252
1776	-5.39014
1777	-5.42776
1778	-5.37592
1779	-5.39706
1780	-5.42761
1781	-5.3025
1782	-5.4205
1783	-5.47388
1784	-5.41118
1785	-5.46691
1786	-5.45475
1787	-5.36234
1788	-5.42522
1789	-5.35321
1790	-5.36396
1791	-5.44677
1792	-5.45887
1793	-5.44371
1794	-5.50436
1795	-5.42555
1796	-5.45677
1797	-5.42392
1798	-5.35466
1799	-5.31345
1800	-5.42053
1801	-5.48835
1802	-5.50797
1803	-5.30154
1804	-5.29464
1805	-5.33012
1806	-5.32073
1807	-5.27912
1808	-5.3402
1809	-5.25465
1810	-5.17737
1811	-5.28262
1812	-5.31019
1813	-5.26456
1814	-5.25717
1815	-5.36777
1816	-5.32943
1817	-5.26836
1818	-5.16669
1819	-5.31629
1820	-5.38909
1821	-5.44277
1822	-5.40338
1823	-5.27906
1824	-5.33584
1825	-5.28253
1826	-5.30685
1827	-5.23262
1828	-5.24041
1829	-5.29006
1830	-5.39275
1831	-5.35059
1832	-5.40246
1833	-5.4303
1834	-5.40217
1835	-5.41821
1836	-5.46958
1837	-5.4102
1838	-5.40203
1839	-5.39627
1840	-5.4285
1841	-5.41298
1842	-5.3975
1843	-5.41779
1844	-5.41808
1845	-5.44425
1846	-5.43243
1847	-5.48966
1848	-5.48563
1849	-5.43587
1850	-5.43679
1851	-5.48875
1852	-5.46714
1853	-5.50289
1854	-5.4888
1855	-5.48599
1856	-5.44535
1857	-5.412
1858	-5.22476
1859	-5.29471
1860	-5.28871
1861	-5.36744
1862	-5.26878
1863	-5.14382
1864	-5.244
1865	-5.32562
1866	-5.32245
1867	-5.32775
1868	-5.45636
1869	-5.52522
1870	-5.51162
1871	-5.51853
1872	-5.50359
1873	-5.46644
1874	-5.498
1875	-5.55912
1876	-5.43783
1877	-5.46521
1878	-5.41446
1879	-5.32133
1880	-5.48872
1881	-5.52272
1882	-5.50653
1883	-5.48012
1884	-5.38801
1885	-5.45237
1886	-5.48249
1887	-5.60024
1888	-5.67385
1889	-5.56716
1890	-5.50699
1891	-5.5444
1892	-5.54878
1893	-5.46469
1894	-5.41361
1895	-5.41711
1896	-5.42889
1897	-5.53093
1898	-5.58742
1899	-5.55628
1900	-5.58478
1901	-5.59833
1902	-5.5441
1903	-5.56775
1904	-5.50942
1905	-5.5241
1906	-5.47106
1907	-5.45704
1908	-5.47866
1909	-5.54026
1910	-5.5448
1911	-5.51114
1912	-5.53628
1913	-5.57209
1914	-5.61761
1915	-5.64974
1916	-5.60437
1917	-5.61613
1918	-5.58345
1919	-5.58423
1920	-5.55885
1921	-5.4812
1922	-5.53267
1923	-5.53695
1924	-5.42157
1925	-5.37864
1926	-5.42726
1927	-5.51592
1928	-5.51728
1929	-5.53561
1930	-5.4084
1931	-5.48462
1932	-5.48697
1933	-5.5027
1934	-5.42679
1935	-5.43602
1936	-5.53058
1937	-5.42343
1938	-5.45187
1939	-5.40316
1940	-5.5694
1941	-5.57801
1942	-5.46398
1943	-5.49377
1944	-5.43903
1945	-5.5523
1946	-5.51013
1947	-5.51952
1948	-5.47849
1949	-5.51078
1950	-5.44497
1951	-5.52067
1952	-5.49311
1953	-5.6048
1954	-5.5348
1955	-5.50342
1956	-5.48952
1957	-5.53404
1958	-5.49669
1959	-5.53043
1960	-5.55983
1961	-5.52807
1962	-5.57799
1963	-5.52072
1964	-5.51144
1965	-5.5077
1966	-5.49369
1967	-5.49897
1968	-5.49958
1969	-5.40339
1970	-5.45529
1971	-5.3658
1972	-5.42552
1973	-5.45626
1974	-5.54236
1975	-5.45233
1976	-5.44633
1977	-5.48861
1978	-5.45709
1979	-5.53347
1980	-5.52657
1981	-5.52384
1982	-5.38176
1983	-5.38562
1984	-5.31084
1985	-5.27928
1986	-5.44449
1987	-5.46406
1988	-5.38778
1989	-5.38289
1990	-5.42437
1991	-5.37268
1992	-5.34811
1993	-5.41954
1994	-5.37453
1995	-5.36862
1996	-5.3759
1997	-5.33672
1998	-5.34664
1999	-5.44869
2000	-5.50227
2001	-5.3769
2002	-5.49667
2003	-5.48941
2004	-5.40354
2005	-5.47665
2006	-5.54106
2007	-5.49795
2008	-5.44745
2009	-5.47104
2010	-5.5226
2011	-5.47984
2012	-5.59236
2013	-5.55395
2014	-5.58109
2015	-5.54108
2016	-5.54396
2017	-5.5771
2018	-5.54332
2019	-5.52289
2020	-5.62747
2021	-5.55475
2022	-5.44777
2023	-5.37077
2024	-5.3727
2025	-5.43885
2026	-5.36099
2027	-5.33386
2028	-5.43928
2029	-5.33154
2030	-5.38043
2031	-5.49848
2032	-5.42423
2033	-5.45039
2034	-5.53672
2035	-5.48214
2036	-5.50475
2037	-5.49338
2038	-5.40365
2039	-5.4799
2040	-5.53187
2041	-5.58788
2042	-5.51115
2043	-5.51144
2044	-5.49545
2045	-5.48382
2046	-5.54318
2047	-5.39733
2048	-5.50559
2049	-5.56149
2050	-5.49364
2051	-5.51393
2052	-5.44714
2053	-5.47381
2054	-5.47897
2055	-5.37361
2056	-5.38907
2057	-5.46493
2058	-5.45846
2059	-5.37214
2060	-5.30256
2061	-5.18882
2062	-5.28145
2063	-5.3004
2064	-5.35893
2065	-5.39961
2066	-5.39901
2067	-5.32672
2068	-5.25102
2069	-5.32872
2070	-5.34065
2071	-5.45518
2072	-5.45395
2073	-5.4459
2074	-5.46483
2075	-5.42976
2076	-5.41372
2077	-5.45425
2078	-5.46445
2079	-5.4631
2080	-5.47911
2081	-5.5307
2082	-5.47059
2083	-5.48202
2084	-5.4421
2085	-5.45712
2086	-5.51142
2087	-5.4844
2088	-5.48518
2089	-5.46262
2090	-5.44462
2091	-5.40835
2092	-5.45551
2093	-5.36719
2094	-5.46536
2095	-5.45236
2096	-5.44916
2097	-5.50147
2098	-5.4963
2099	-5.54652
2100	-5.5203
2101	-5.57781
2102	-5.63882
2103	-5.48595
2104	-5.59566
2105	-5.63624
2106	-5.69173
2107	-5.62851
2108	-5.55853
2109	-5.5312
2110	-5.57587
2111	-5.60672
2112	-5.53183
2113	-5.41876
2114	-5.49873
2115	-5.53297
2116	-5.49147
2117	-5.49236
2118	-5.50613
2119	-5.41821
2120	-5.41912
2121	-5.43959
2122	-5.42692
2123	-5.44554
2124	-5.47795
2125	-5.51858
2126	-5.5537
2127	-5.51964
2128	-5.46502
2129	-5.39565
2130	-5.51939
2131	-5.43216
2132	-5.4527
2133	-5.40156
2134	-5.40015
2135	-5.45044
2136	-5.46963
2137	-5.48633
2138	-5.41305
2139	-5.43762
2140	-5.46149
2141	-5.58008
2142	-5.562
2143	-5.52812
2144	-5.50831
2145	-5.54683
2146	-5.50746
2147	-5.45475
2148	-5.40704
2149	-5.38718
2150	-5.37932
2151	-5.33668
2152	-5.33956
2153	-5.30346
2154	-5.26536
2155	-5.32383
2156	-5.34211
2157	-5.43741
2158	-5.53242
2159	-5.46062
2160	-5.46959
2161	-5.54098
2162	-5.4539
2163	-5.47154
2164	-5.42195
2165	-5.39048
2166	-5.41808
2167	-5.36683
2168	-5.29812
2169	-5.39796
2170	-5.27795
2171	-5.17629
2172	-5.30007
2173	-5.31882
2174	-5.2829
2175	-5.35
2176	-5.33379
2177	-5.34108
2178	-5.40806
2179	-5.39893
2180	-5.49235
2181	-5.54846
2182	-5.55766
2183	-5.58401
2184	-5.51273
2185	-5.51902
2186	-5.56101
2187	-5.55161
2188	-5.54249
2189	-5.42221
2190	-5.47935
2191	-5.44959
2192	-5.40597
2193	-5.46188
2194	-5.4991
2195	-5.48829
2196	-5.46284
2197	-5.5024
2198	-5.47044
2199	-5.46099
2200	-5.58037
2201	-5.59855
2202	-5.55749
2203	-5.57368
2204	-5.58103
2205	-5.55458
2206	-5.39531
2207	-5.44288
2208	-5.37198
2209	-5.36198
2210	-5.46641
2211	-5.50904
2212	-5.52548
2213	-5.49632
2214	-5.34959
2215	-5.42486
2216	-5.32038
2217	-5.37753
2218	-5.41827
2219	-5.3455
2220	-5.28741
2221	-5.34599
2222	-5.3798
2223	-5.47576
2224	-5.50054
2225	-5.42131
2226	-5.4657
2227	-5.39636
2228	-5.31642
2229	-5.3486
2230	-5.3556
2231	-5.30523
2232	-5.37231
2233	-5.38229
2234	-5.48371
2235	-5.42464
2236	-5.48956
2237	-5.47041
2238	-5.4558
2239	-5.49791
2240	-5.49399
2241	-5.41568
2242	-5.49124
2243	-5.36704
2244	-5.46538
2245	-5.42334
2246	-5.52725
2247	-5.55768
2248	-5.46157
2249	-5.43061
2250	-5.40516
2251	-5.41504
2252	-5.50088
2253	-5.46903
2254	-5.51217
2255	-5.46315
2256	-5.37061
2257	-5.4679
2258	-5.5326
2259	-5.54768
2260	-5.53655
2261	-5.55218
2262	-5.48281
2263	-5.52628
2264	-5.53119
2265	-5.50616
2266	-5.55915
2267	-5.55557
2268	-5.62975
2269	-5.55616
2270	-5.53072
2271	-5.44942
2272	-5.39723
2273	-5.39993
2274	-5.4806
2275	-5.56053
2276	-5.48815
2277	-5.47789
2278	-5.52449
2279	-5.51872
2280	-5.56594
2281	-5.53894
2282	-5.40491
2283	-5.35572
2284	-5.42315
2285	-5.39841
2286	-5.4048
2287	-5.45278
2288	-5.42545
2289	-5.42272
2290	-5.45594
2291	-5.39992
2292	-5.48441
2293	-5.40229
2294	-5.42496
2295	-5.56074
2296	-5.58777
2297	-5.62082
2298	-5.58532
2299	-5.46587
2300	-5.47234
2301	-5.54846
2302	-5.57289
2303	-5.48021
2304	-5.50625
2305	-5.54596
2306	-5.59308
2307	-5.42211
2308	-5.44135
2309	-5.33917
2310	-5.29475
2311	-5.40087
2312	-5.42237
2313	-5.38127
2314	-5.32378
2315	-5.49876
2316	-5.51967
2317	-5.56711
2318	-5.58856
2319	-5.42138
2320	-5.49271
2321	-5.56941
2322	-5.5308
2323	-5.59448
2324	-5.55703
2325	-5.53121
2326	-5.49147
2327	-5.44588
2328	-5.33508
2329	-5.33661
2330	-5.28491
2331	-5.36822
2332	-5.36228
2333	-5.42643
2334	-5.51126
2335	-5.48622
2336	-5.47424
2337	-5.54677
2338	-5.49595
2339	-5.48147
2340	-5.52585
2341	-5.53793
2342	-5.63296
2343	-5.67069
2344	-5.65843
2345	-5.58616
2346	-5.49882
2347	-5.50324
2348	-5.54504
2349	-5.52287
2350	-5.53049
2351	-5.43706
2352	-5.36494
2353	-5.42767
2354	-5.44493
2355	-5.47067
2356	-5.45497
2357	-5.41611
2358	-5.46807
2359	-5.52416
2360	-5.49328
2361	-5.44331
2362	-5.37468
2363	-5.43987
2364	-5.44395
2365	-5.48831
2366	-5.48466
2367	-5.42742
2368	-5.38896
2369	-5.50098
2370	-5.45956
2371	-5.5029
2372	-5.50814
2373	-5.54016
2374	-5.59373
2375	-5.53068
2376	-5.56578
2377	-5.6484
2378	-5.59443
2379	-5.53522
2380	-5.58029
2381	-5.49829
2382	-5.4855
2383	-5.41703
2384	-5.39477
2385	-5.3901
2386	-5.35591
2387	-5.38221
2388	-5.27556
2389	-5.3205
2390	-5.27886
2391	-5.3335
2392	-5.29166
2393	-5.30597
2394	-5.33228
2395	-5.38704
2396	-5.38613
2397	-5.37466
2398	-5.41683
2399	-5.41411
2400	-5.4335
2401	-5.39114
2402	-5.40037
2403	-5.46959
2404	-5.40644
2405	-5.46628
2406	-5.40949
2407	-5.4073
2408	-5.42874
2409	-5.39942
2410	-5.47703
2411	-5.45257
2412	-5.4718
2413	-5.4623
2414	-5.43463
2415	-5.49892
2416	-5.57057
2417	-5.50748
2418	-5.56186
2419	-5.54092
2420	-5.50063
2421	-5.41867
2422	-5.51452
2423	-5.56974
2424	-5.57928
2425	-5.58353
2426	-5.562
2427	-5.53187
2428	-5.47294
2429	-5.426
2430	-5.4281
2431	-5.42389
2432	-5.45871
2433	-5.40704
2434	-5.50641
2435	-5.52369
2436	-5.5601
2437	-5.52025
2438	-5.53231
2439	-5.45192
2440	-5.4092
2441	-5.43965
2442	-5.47815
2443	-5.60221
2444	-5.65506
2445	-5.70769
2446	-5.6006
2447	-5.60538
2448	-5.5834
2449	-5.54442
2450	-5.51004
2451	-5.55149
2452	-5.63866
2453	-5.62093
2454	-5.51318
2455	-5.44011
2456	-5.4062
2457	-5.44725
2458	-5.4593
2459	-5.41225
2460	-5.45075
2461	-5.53223
2462	-5.50878
2463	-5.62435
2464	-5.57679
2465	-5.64181
2466	-5.51681
2467	-5.54802
2468	-5.58371
2469	-5.52711
2470	-5.49159
2471	-5.52639
2472	-5.54742
2473	-5.42159
2474	-5.42004
2475	-5.30705
2476	-5.3265
2477	-5.46931
2478	-5.47461
2479	-5.47338
2480	-5.46855
2481	-5.44053
2482	-5.40269
2483	-5.37659
2484	-5.44655
2485	-5.45547
2486	-5.486
2487	-5.49944
2488	-5.4321
2489	-5.37835
2490	-5.3533
2491	-5.30684
2492	-5.4267
2493	-5.53597
2494	-5.554
2495	-5.55873
2496	-5.55819
2497	-5.63006
2498	-5.56331
2499	-5.56263
2500	-5.53558
2501	-5.62866
2502	-5.57848
2503	-5.49358
2504	-5.48939
2505	-5.46525
2506	-5.39671
2507	-5.42993
2508	-5.46455
2509	-5.52695
2510	-5.50258
2511	-5.54275
2512	-5.44646
2513	-5.5276
2514	-5.57939
2515	-5.47914
2516	-5.56096
2517	-5.51945
2518	-5.52488
2519	-5.49117
2520	-5.46281
2521	-5.48595
2522	-5.4303
2523	-5.38315
2524	-5.34568
2525	-5.28725
2526	-5.31874
2527	-5.40282
2528	-5.4156
2529	-5.49629
2530	-5.47619
2531	-5.6094
2532	-5.70262
2533	-5.62652
2534	-5.64569
2535	-5.5432
2536	-5.38745
2537	-5.35924
2538	-5.44154
2539	-5.34848
2540	-5.30373
2541	-5.32349
2542	-5.29357
2543	-5.30375
2544	-5.23682
2545	-5.39422
2546	-5.36249
2547	-5.36518
2548	-5.32595
2549	-5.33759
2550	-5.35359
2551	-5.3498
2552	-5.37439
2553	-5.42353
2554	-5.44134
2555	-5.46694
2556	-5.29862
2557	-5.26922
2558	-5.31218
2559	-5.43608
2560	-5.47507
2561	-5.40012
2562	-5.46505
2563	-5.47158
2564	-5.42964
2565	-5.47646
2566	-5.48763
2567	-5.50434
2568	-5.36239
2569	-5.31469
2570	-5.39513
2571	-5.40401
2572	-5.45115
2573	-5.40666
2574	-5.33853
2575	-5.29743
2576	-5.44081
2577	-5.46533
2578	-5.50391
2579	-5.51169
2580	-5.54549
2581	-5.54803
2582	-5.53583
2583	-5.49056
2584	-5.39274
2585	-5.28334
2586	-5.29805
2587	-5.29745
2588	-5.23042
2589	-5.24692
2590	-5.35629
2591	-5.32648
2592	-5.25743
2593	-5.26811
2594	-5.31152
2595	-5.32937
2596	-5.41828
2597	-5.46051
2598	-5.42863
2599	-5.48786
2600	-5.37772
2601	-5.3463
2602	-5.30376
2603	-5.36712
2604	-5.34842
2605	-5.37644
2606	-5.47076
2607	-5.52459
2608	-5.53951
2609	-5.55714
2610	-5.52738
2611	-5.46551
2612	-5.3942
2613	-5.45262
2614	-5.4259
2615	-5.43092
2616	-5.38585
2617	-5.34967
2618	-5.44349
2619	-5.39062
2620	-5.38557
2621	-5.43913
2622	-5.45801
2623	-5.50311
2624	-5.44049
2625	-5.41068
2626	-5.35528
2627	-5.43582
2628	-5.39858
2629	-5.46903
2630	-5.42899
2631	-5.39026
2632	-5.40434
2633	-5.42361
2634	-5.37196
2635	-5.45857
2636	-5.49453
2637	-5.5109
2638	-5.55628
2639	-5.45762
2640	-5.44722
2641	-5.35352
2642	-5.32953
2643	-5.42586
2644	-5.42587
2645	-5.51337
2646	-5.36588
2647	-5.37692
2648	-5.43513
2649	-5.41536
2650	-5.48387
2651	-5.48338
2652	-5.61518
2653	-5.51518
2654	-5.59176
2655	-5.61169
2656	-5.52319
2657	-5.56103
2658	-5.55583
2659	-5.51967
2660	-5.56241
2661	-5.5879
2662	-5.54464
2663	-5.4553
2664	-5.50718
2665	-5.4981
2666	-5.54739
2667	-5.50134
2668	-5.58215
2669	-5.63519
2670	-5.5983
2671	-5.56382
2672	-5.57671
2673	-5.58648
2674	-5.5277
2675	-5.48612
2676	-5.51865
2677	-5.51122
2678	-5.55387
2679	-5.61003
2680	-5.57571
2681	-5.63234
2682	-5.59509
2683	-5.57149
2684	-5.52212
2685	-5.46126
2686	-5.51445
2687	-5.56714
2688	-5.64191
2689	-5.56099
2690	-5.49047
2691	-5.3788
2692	-5.41405
2693	-5.37059
2694	-5.39822
2695	-5.47608
2696	-5.5414
2697	-5.5655
2698	-5.60424
2699	-5.58878
2700	-5.68351
2701	-5.56914
2702	-5.52864
2703	-5.51649
2704	-5.55339
2705	-5.63708
2706	-5.62477
2707	-5.53379
2708	-5.54386
2709	-5.56081
2710	-5.53573
2711	-5.48592
2712	-5.47707
2713	-5.49421
2714	-5.52133
2715	-5.54792
2716	-5.55852
2717	-5.55213
2718	-5.53895
2719	-5.56875
2720	-5.55978
2721	-5.52084
2722	-5.47491
2723	-5.57122
2724	-5.60052
2725	-5.65061
2726	-5.56564
2727	-5.49734
2728	-5.60074
2729	-5.55745
2730	-5.51589
2731	-5.5472
2732	-5.57372
2733	-5.57077
2734	-5.61239
2735	-5.65971
2736	-5.57508
2737	-5.61984
2738	-5.5561
2739	-5.60134
2740	-5.61889
2741	-5.51198
2742	-5.51894
2743	-5.61627
2744	-5.57425
2745	-5.64775
2746	-5.54484
2747	-5.52573
2748	-5.56671
2749	-5.52529
2750	-5.46798
2751	-5.4045
2752	-5.42838
2753	-5.42102
2754	-5.57538
2755	-5.62217
2756	-5.59963
2757	-5.47601
2758	-5.43917
2759	-5.41978
2760	-5.3676
2761	-5.48199
2762	-5.43869
2763	-5.48682
2764	-5.46355
2765	-5.54512
2766	-5.55867
2767	-5.62047
2768	-5.63194
2769	-5.48031
2770	-5.44577
2771	-5.38543
2772	-5.38901
2773	-5.45276
2774	-5.52668
2775	-5.57236
2776	-5.52342
2777	-5.51381
2778	-5.46764
2779	-5.423
2780	-5.40573
2781	-5.41287
2782	-5.37016
2783	-5.35609
2784	-5.45157
2785	-5.50907
2786	-5.51192
2787	-5.43653
2788	-5.47719
2789	-5.50289
2790	-5.36483
2791	-5.37735
2792	-5.44562
2793	-5.46552
2794	-5.34239
2795	-5.41694
2796	-5.51151
2797	-5.5703
2798	-5.54833
2799	-5.58263
2800	-5.51039
2801	-5.43977
2802	-5.44718
2803	-5.44387
2804	-5.48327
2805	-5.46539
2806	-5.42817
2807	-5.34845
2808	-5.49722
2809	-5.45243
2810	-5.50699
2811	-5.46256
2812	-5.49328
2813	-5.45558
2814	-5.54673
2815	-5.56753
2816	-5.49578
2817	-5.43573
2818	-5.57027
2819	-5.56386
2820	-5.57052
2821	-5.59687
2822	-5.5432
2823	-5.5296
2824	-5.56277
2825	-5.53518
2826	-5.56144
2827	-5.53849
2828	-5.62385
2829	-5.52233
2830	-5.53049
2831	-5.53246
2832	-5.56106
2833	-5.49472
2834	-5.49995
2835	-5.38845
2836	-5.43962
2837	-5.46386
2838	-5.47133
2839	-5.43774
2840	-5.39948
2841	-5.44008
2842	-5.46825
2843	-5.55098
2844	-5.53204
2845	-5.38988
2846	-5.36012
2847	-5.33153
2848	-5.34344
2849	-5.43699
2850	-5.53517
2851	-5.59978
2852	-5.55508
2853	-5.64059
2854	-5.64399
2855	-5.51442
2856	-5.59523
2857	-5.5539
2858	-5.4895
2859	-5.48397
2860	-5.56239
2861	-5.53566
2862	-5.54493
2863	-5.44829
2864	-5.425
2865	-5.53662
2866	-5.4191
2867	-5.38798
2868	-5.42046
2869	-5.46253
2870	-5.46488
2871	-5.42512
2872	-5.48768
2873	-5.5089
2874	-5.58408
2875	-5.6123
2876	-5.67135
2877	-5.6431
2878	-5.73875
2879	-5.64513
2880	-5.65878
2881	-5.54703
2882	-5.48846
2883	-5.4802
2884	-5.50502
2885	-5.53184
2886	-5.51254
2887	-5.5869
2888	-5.58079
2889	-5.53537
2890	-5.53264
2891	-5.59619
2892	-5.58168
2893	-5.54261
2894	-5.59757
2895	-5.57496
2896	-5.58554
2897	-5.55141
2898	-5.53406
2899	-5.49844
2900	-5.46861
2901	-5.4502
2902	-5.50098
2903	-5.50998
2904	-5.51032
2905	-5.5425
2906	-5.53798
2907	-5.49882
2908	-5.46537
2909	-5.46087
2910	-5.54123
2911	-5.56001
2912	-5.48864
2913	-5.48362
2914	-5.44747
2915	-5.51254
2916	-5.54275
2917	-5.64586
2918	-5.59583
2919	-5.60476
2920	-5.58152
2921	-5.64482
2922	-5.58615
2923	-5.56208
2924	-5.51097
2925	-5.40944
2926	-5.47353
2927	-5.41203
2928	-5.47936
2929	-5.44404
2930	-5.43132
2931	-5.38156
2932	-5.30758
2933	-5.32168
2934	-5.46989
2935	-5.47066
2936	-5.50097
2937	-5.50199
2938	-5.50407
2939	-5.44079
2940	-5.36879
2941	-5.3448
2942	-5.37786
2943	-5.43936
2944	-5.50369
2945	-5.59402
2946	-5.52413
2947	-5.57572
2948	-5.56081
2949	-5.55599
2950	-5.47106
2951	-5.38039
2952	-5.44464
2953	-5.38375
2954	-5.38215
2955	-5.38287
2956	-5.36107
2957	-5.47557
2958	-5.41762
2959	-5.36706
2960	-5.26247
2961	-5.31804
2962	-5.40529
2963	-5.32607
2964	-5.28938
2965	-5.26973
2966	-5.30297
2967	-5.41429
2968	-5.39418
2969	-5.35309
2970	-5.37808
2971	-5.40845
2972	-5.31024
2973	-5.41417
2974	-5.49235
2975	-5.53126
2976	-5.45231
2977	-5.51994
2978	-5.55699
2979	-5.58425
2980	-5.66076
2981	-5.68293
2982	-5.65201
2983	-5.49013
2984	-5.49793
2985	-5.43504
2986	-5.45704
2987	-5.45164
2988	-5.40345
2989	-5.48814
2990	-5.51346
2991	-5.49182
2992	-5.46142
2993	-5.41021
2994	-5.42055
2995	-5.38621
2996	-5.46444
2997	-5.43378
2998	-5.50524
2999	-5.37772
3000	-5.42964
3001	-5.32649
3002	-5.33761
3003	-5.34402
3004	-5.45552
3005	-5.44611
3006	-5.41739
3007	-5.37527
3008	-5.34512
3009	-5.41447
3010	-5.33094
3011	-5.44143
3012	-5.35502
3013	-5.42925
3014	-5.4804
3015	-5.57731
3016	-5.54643
3017	-5.58284
3018	-5.50606
3019	-5.56814
3020	-5.5472
3021	-5.50693
3022	-5.42708
3023	-5.4782
3024	-5.42037
3025	-5.49878
3026	-5.42061
3027	-5.48399
3028	-5.44847
3029	-5.4037
3030	-5.30311
3031	-5.29714
3032	-5.24981
3033	-5.39561
3034	-5.45495
3035	-5.43444
3036	-5.49168
3037	-5.53905
3038	-5.45146
3039	-5.44202
3040	-5.37478
3041	-5.35623
3042	-5.33388
3043	-5.371
3044	-5.38412
3045	-5.35548
3046	-5.45788
3047	-5.48133
3048	-5.43561
3049	-5.45023
3050	-5.44964
3051	-5.47396
3052	-5.43617
3053	-5.47628
3054	-5.38255
3055	-5.38471
3056	-5.33891
3057	-5.38779
3058	-5.34888
3059	-5.37802
3060	-5.436
3061	-5.54345
3062	-5.52219
3063	-5.51318
3064	-5.46249
3065	-5.45338
3066	-5.39623
3067	-5.39116
3068	-5.44631
3069	-5.42115
3070	-5.50309
3071	-5.51993
3072	-5.42664
3073	-5.3964
3074	-5.43826
3075	-5.41955
3076	-5.48987
3077	-5.44501
3078	-5.43591
3079	-5.44902
3080	-5.45661
3081	-5.46584
3082	-5.50393
3083	-5.43483
3084	-5.57806
3085	-5.63616
3086	-5.62375
3087	-5.50776
3088	-5.43345
3089	-5.46004
3090	-5.50298
3091	-5.3836
3092	-5.48497
3093	-5.48054
3094	-5.51025
3095	-5.49673
3096	-5.46283
3097	-5.33282
3098	-5.54988
3099	-5.473
3100	-5.49992
3101	-5.36831
3102	-5.42793
3103	-5.49069
3104	-5.41425
3105	-5.42916
3106	-5.51048
3107	-5.41204
3108	-5.49418
3109	-5.46421
3110	-5.42385
3111	-5.47986
3112	-5.42994
3113	-5.40469
3114	-5.49421
3115	-5.56656
3116	-5.42463
3117	-5.46443
3118	-5.42058
3119	-5.49493
3120	-5.49944
3121	-5.50482
3122	-5.46785
3123	-5.42658
3124	-5.55459
3125	-5.57895
3126	-5.56057
3127	-5.556
3128	-5.60246
3129	-5.54335
3130	-5.57839
3131	-5.58921
3132	-5.63741
3133	-5.604
3134	-5.63036
3135	-5.77648
3136	-5.65852
3137	-5.57493
3138	-5.58903
3139	-5.56771
3140	-5.47001
3141	-5.52918
3142	-5.46743
3143	-5.48975
3144	-5.55555
3145	-5.54233
3146	-5.5585
3147	-5.56281
3148	-5.45877
3149	-5.37873
3150	-5.38487
3151	-5.39998
3152	-5.38298
3153	-5.35086
3154	-5.37747
3155	-5.39412
3156	-5.35919
3157	-5.36675
3158	-5.38939
3159	-5.50454
3160	-5.47909
3161	-5.67275
3162	-5.63341
3163	-5.65245
3164	-5.69199
3165	-5.6387
3166	-5.60455
3167	-5.5466
3168	-5.59308
3169	-5.64838
3170	-5.61676
3171	-5.64671
3172	-5.66562
3173	-5.6627
3174	-5.65602
3175	-5.61629
3176	-5.54584
3177	-5.55059
3178	-5.53474
3179	-5.53882
3180	-5.58234
3181	-5.59236
3182	-5.57248
3183	-5.66783
3184	-5.64999
3185	-5.72801
3186	-5.72247
3187	-5.7733
3188	-5.71904
3189	-5.65085
3190	-5.67357
3191	-5.71616
3192	-5.68951
3193	-5.65077
3194	-5.665
3195	-5.68062
3196	-5.63356
3197	-5.75572
3198	-5.72306
3199	-5.57359
3200	-5.5921
3201	-5.65396
3202	-5.61147
3203	-5.63139
3204	-5.62409
3205	-5.54842
3206	-5.53546
3207	-5.5871
3208	-5.58746
3209	-5.51385
3210	-5.51466
3211	-5.5018
3212	-5.57209
3213	-5.4287
3214	-5.45005
3215	-5.55977
3216	-5.51965
3217	-5.43597
3218	-5.49957
3219	-5.46431
3220	-5.44503
3221	-5.54045
3222	-5.49224
3223	-5.56261
3224	-5.52597
3225	-5.57048
3226	-5.53385
3227	-5.51744
3228	-5.53705
3229	-5.5662
3230	-5.58497
3231	-5.55493
3232	-5.50114
3233	-5.48857
3234	-5.50117
3235	-5.52474
3236	-5.45476
3237	-5.37645
3238	-5.40584
3239	-5.3973
3240	-5.40445
3241	-5.34551
3242	-5.34972
3243	-5.47753
3244	-5.48752
3245	-5.46944
3246	-5.40525
3247	-5.44365
3248	-5.38808
3249	-5.37154
3250	-5.37067
3251	-5.47038
3252	-5.39277
3253	-5.41028
3254	-5.51484
3255	-5.51951
3256	-5.45703
3257	-5.41698
3258	-5.32565
3259	-5.34027
3260	-5.37412
3261	-5.38675
3262	-5.42882
3263	-5.42914
3264	-5.48993
3265	-5.40208
3266	-5.41415
3267	-5.45644
3268	-5.39131
3269	-5.39978
3270	-5.38641
3271	-5.4417
3272	-5.3827
3273	-5.48125
3274	-5.55596
3275	-5.47825
3276	-5.44469
3277	-5.45032
3278	-5.42942
3279	-5.40259
3280	-5.47228
3281	-5.44321
3282	-5.38598
3283	-5.41703
3284	-5.41385
3285	-5.34637
3286	-5.35933
3287	-5.29107
3288	-5.20734
3289	-5.21398
3290	-5.29182
3291	-5.24802
3292	-5.23532
3293	-5.2233
3294	-5.2914
3295	-5.29842
3296	-5.39758
3297	-5.32995
3298	-5.33838
3299	-5.34829
3300	-5.33279
3301	-5.39049
3302	-5.40647
3303	-5.35845
3304	-5.38069
3305	-5.45621
3306	-5.44105
3307	-5.40218
3308	-5.48121
3309	-5.51982
3310	-5.55954
3311	-5.55991
3312	-5.63691
3313	-5.44394
3314	-5.52784
3315	-5.54156
3316	-5.61207
3317	-5.65216
3318	-5.69363
3319	-5.75172
3320	-5.75748
3321	-5.72838
3322	-5.71422
3323	-5.62625
3324	-5.59687
3325	-5.53307
3326	-5.48431
3327	-5.48513
3328	-5.44778
3329	-5.46585
3330	-5.52422
3331	-5.52425
3332	-5.55281
3333	-5.55733
3334	-5.46931
3335	-5.47879
3336	-5.43039
3337	-5.40791
3338	-5.3614
3339	-5.4612
3340	-5.42448
3341	-5.43854
3342	-5.38753
3343	-5.44021
3344	-5.47829
3345	-5.40011
3346	-5.34312
3347	-5.40939
3348	-5.39083
3349	-5.44479
3350	-5.38918
3351	-5.42083
3352	-5.34792
3353	-5.29006
3354	-5.36325
3355	-5.39054
3356	-5.42335
3357	-5.4145
3358	-5.49085
3359	-5.48108
3360	-5.4796
3361	-5.49337
3362	-5.49357
3363	-5.46748
3364	-5.57435
3365	-5.5623
3366	-5.50171
3367	-5.57873
3368	-5.56226
3369	-5.61858
3370	-5.51386
3371	-5.55527
3372	-5.51818
3373	-5.53243
3374	-5.57998
3375	-5.6412
3376	-5.61964
3377	-5.60685
3378	-5.60886
3379	-5.50628
3380	-5.53516
3381	-5.43763
3382	-5.3482
3383	-5.44406
3384	-5.47945
3385	-5.48919
3386	-5.48262
3387	-5.61553
3388	-5.68018
3389	-5.64346
3390	-5.62644
3391	-5.57614
3392	-5.61732
3393	-5.5842
3394	-5.56138
3395	-5.4968
3396	-5.52347
3397	-5.56586
3398	-5.50676
3399	-5.57057
3400	-5.60342
3401	-5.59058
3402	-5.48058
3403	-5.45085
3404	-5.52921
3405	-5.58709
3406	-5.60158
3407	-5.66721
3408	-5.5319
3409	-5.52716
3410	-5.42168
3411	-5.45169
3412	-5.51659
3413	-5.51907
3414	-5.51716
3415	-5.52142
3416	-5.5064
3417	-5.47522
3418	-5.60423
3419	-5.52289
3420	-5.52983
3421	-5.5619
3422	-5.50457
3423	-5.40112
3424	-5.45648
3425	-5.41793
3426	-5.44025
3427	-5.4678
3428	-5.44548
3429	-5.50852
3430	-5.55829
3431	-5.55132
3432	-5.57092
3433	-5.55377
3434	-5.43773
3435	-5.37741
3436	-5.37756
3437	-5.46349
3438	-5.5489
3439	-5.401
3440	-5.4327
3441	-5.50196
3442	-5.43299
3443	-5.46235
3444	-5.57166
3445	-5.54528
3446	-5.56124
3447	-5.50508
3448	-5.52381
3449	-5.52439
3450	-5.47447
3451	-5.46053
3452	-5.51266
3453	-5.47916
3454	-5.538
3455	-5.5029
3456	-5.53401
3457	-5.53706
3458	-5.42383
3459	-5.37484
3460	-5.32152
3461	-5.35785
3462	-5.27191
3463	-5.40834
3464	-5.38377
3465	-5.36616
3466	-5.3681
3467	-5.38723
3468	-5.31579
3469	-5.33557
3470	-5.34791
3471	-5.4114
3472	-5.38438
3473	-5.36165
3474	-5.36837
3475	-5.39753
3476	-5.37626
3477	-5.39666
3478	-5.41026
3479	-5.37244
3480	-5.37734
3481	-5.34226
3482	-5.42757
3483	-5.3455
3484	-5.25902
3485	-5.37237
3486	-5.47889
3487	-5.46147
3488	-5.45969
3489	-5.47866
3490	-5.46602
3491	-5.48392
3492	-5.42062
3493	-5.56005
3494	-5.46978
3495	-5.46714
3496	-5.45844
3497	-5.4872
3498	-5.49502
3499	-5.45886
3500	-5.3907
3501	-5.4627
3502	-5.50495
3503	-5.50306
3504	-5.51221
3505	-5.42477
3506	-5.27611
3507	-5.3931
3508	-5.42027
3509	-5.46091
3510	-5.51283
3511	-5.4428
3512	-5.44548
3513	-5.40082
3514	-5.43057
3515	-5.52168
3516	-5.52264
3517	-5.51328
3518	-5.51365
3519	-5.58055
3520	-5.58399
3521	-5.54596
3522	-5.4657
3523	-5.44778
3524	-5.4002
3525	-5.32875
3526	-5.34941
3527	-5.3226
3528	-5.35896
3529	-5.46785
3530	-5.44639
3531	-5.44583
3532	-5.34192
3533	-5.45102
3534	-5.46734
3535	-5.54363
3536	-5.45131
3537	-5.43442
3538	-5.35392
3539	-5.27564
3540	-5.43456
3541	-5.33028
3542	-5.3209
3543	-5.2918
3544	-5.38259
3545	-5.42554
3546	-5.44911
3547	-5.66582
3548	-5.61211
3549	-5.54055
3550	-5.46858
3551	-5.44658
3552	-5.48653
3553	-5.47369
3554	-5.44463
3555	-5.4371
3556	-5.48959
3557	-5.58293
3558	-5.47986
3559	-5.51261
3560	-5.50034
3561	-5.45957
3562	-5.41541
3563	-5.42203
3564	-5.48806
3565	-5.50632
3566	-5.41845
3567	-5.36304
3568	-5.36327
3569	-5.36686
3570	-5.40351
3571	-5.39987
3572	-5.50993
3573	-5.54304
3574	-5.5672
3575	-5.57221
3576	-5.65994
3577	-5.59796
3578	-5.55659
3579	-5.62532
3580	-5.61505
3581	-5.56856
3582	-5.52039
3583	-5.47407
3584	-5.53735
3585	-5.51319
3586	-5.5788
3587	-5.52098
3588	-5.54708
3589	-5.56169
3590	-5.60208
3591	-5.64834
3592	-5.61748
3593	-5.6242
3594	-5.64404
3595	-5.65185
3596	-5.6299
3597	-5.58647
3598	-5.55189
3599	-5.61664
3600	-5.58195
3601	-5.52928
3602	-5.57151
3603	-5.4819
3604	-5.45851
3605	-5.5225
3606	-5.47623
3607	-5.46944
3608	-5.46317
3609	-5.53339
3610	-5.50371
3611	-5.4646
3612	-5.3961
3613	-5.31359
3614	-5.35568
3615	-5.36832
3616	-5.3294
3617	-5.34362
3618	-5.27123
3619	-5.34896
3620	-5.40211
3621	-5.29164
3622	-5.2152
3623	-5.38367
3624	-5.3382
3625	-5.37006
3626	-5.26914
3627	-5.21121
3628	-5.25769
3629	-5.33517
3630	-5.26802
3631	-5.3295
3632	-5.38175
3633	-5.3044
3634	-5.36026
3635	-5.35115
3636	-5.38271
3637	-5.43925
3638	-5.40247
3639	-5.38052
3640	-5.31241
3641	-5.33004
3642	-5.29959
3643	-5.23818
3644	-5.30639
3645	-5.37216
3646	-5.42017
3647	-5.31206
3648	-5.41744
3649	-5.433
3650	-5.55547
3651	-5.50999
3652	-5.43071
3653	-5.39489
3654	-5.34611
3655	-5.35791
3656	-5.27857
3657	-5.23493
3658	-5.31231
3659	-5.39354
3660	-5.49029
3661	-5.5178
3662	-5.54352
3663	-5.52244
3664	-5.54187
3665	-5.51124
3666	-5.42082
3667	-5.4407
3668	-5.39349
3669	-5.44682
3670	-5.44161
3671	-5.45805
3672	-5.32989
3673	-5.37376
3674	-5.35957
3675	-5.50337
3676	-5.55042
3677	-5.44922
3678	-5.45964
3679	-5.38884
3680	-5.40225
3681	-5.37568
3682	-5.44737
3683	-5.43846
3684	-5.45246
3685	-5.47087
3686	-5.54
3687	-5.51407
3688	-5.51387
3689	-5.55631
3690	-5.58887
3691	-5.61052
3692	-5.52703
3693	-5.55273
3694	-5.61126
3695	-5.47691
3696	-5.53014
3697	-5.55921
3698	-5.56952
3699	-5.54325
3700	-5.53642
3701	-5.63851
3702	-5.60234
3703	-5.5956
3704	-5.50039
3705	-5.4616
3706	-5.49075
3707	-5.49519
3708	-5.54217
3709	-5.55004
3710	-5.49427
3711	-5.45008
3712	-5.52815
3713	-5.55357
3714	-5.59856
3715	-5.4199
3716	-5.50092
3717	-5.51839
3718	-5.56511
3719	-5.62297
3720	-5.56841
3721	-5.54795
3722	-5.47369
3723	-5.46734
3724	-5.53546
3725	-5.60665
3726	-5.60456
3727	-5.64776
3728	-5.68152
3729	-5.63834
3730	-5.55037
3731	-5.55178
3732	-5.50586
3733	-5.54519
3734	-5.52608
3735	-5.49245
3736	-5.56119
3737	-5.58931
3738	-5.62881
3739	-5.48662
3740	-5.4629
3741	-5.53061
3742	-5.5301
3743	-5.54892
3744	-5.56485
3745	-5.56898
3746	-5.53861
3747	-5.52129
3748	-5.47812
3749	-5.55465
3750	-5.61828
3751	-5.60709
3752	-5.52095
3753	-5.59506
3754	-5.50518
3755	-5.44614
3756	-5.52662
3757	-5.59365
3758	-5.58358
3759	-5.60381
3760	-5.61199
3761	-5.59789
3762	-5.5702
3763	-5.71173
3764	-5.64905
3765	-5.58098
3766	-5.55766
3767	-5.54184
3768	-5.50053
3769	-5.52998
3770	-5.49413
3771	-5.53659
3772	-5.51488
3773	-5.58103
3774	-5.55995
3775	-5.56503
3776	-5.46456
3777	-5.55679
3778	-5.41737
3779	-5.41766
3780	-5.4998
3781	-5.45854
3782	-5.50516
3783	-5.46072
3784	-5.52163
3785	-5.48142
3786	-5.4868
3787	-5.5543
3788	-5.5847
3789	-5.61487
3790	-5.62351
3791	-5.62753
3792	-5.59753
3793	-5.58392
3794	-5.65591
3795	-5.71653
3796	-5.69187
3797	-5.60684
3798	-5.70832
3799	-5.62502
3800	-5.63758
3801	-5.55395
3802	-5.63552
3803	-5.64775
3804	-5.52633
3805	-5.56583
3806	-5.5082
3807	-5.49884
3808	-5.51141
3809	-5.4501
3810	-5.55448
3811	-5.54613
3812	-5.44565
3813	-5.46711
3814	-5.42368
3815	-5.43181
3816	-5.44704
3817	-5.51395
3818	-5.54236
3819	-5.44976
3820	-5.44976
3821	-5.47982
3822	-5.54947
3823	-5.51819
3824	-5.56641
3825	-5.6253
3826	-5.64773
3827	-5.70862
3828	-5.74383
3829	-5.69928
3830	-5.65282
3831	-5.63074
3832	-5.48958
3833	-5.5163
3834	-5.49386
3835	-5.36671
3836	-5.32767
3837	-5.45979
3838	-5.46655
3839	-5.52967
3840	-5.43403
3841	-5.45345
3842	-5.53772
3843	-5.46761
3844	-5.40532
3845	-5.40152
3846	-5.46049
3847	-5.45363
3848	-5.35847
3849	-5.34474
3850	-5.37128
3851	-5.34874
3852	-5.43945
3853	-5.37818
3854	-5.48727
3855	-5.4126
3856	-5.26264
3857	-5.30482
3858	-5.33528
3859	-5.23725
3860	-5.25339
3861	-5.30136
3862	-5.23635
3863	-5.17854
3864	-5.39491
3865	-5.35487
3866	-5.25235
3867	-5.35007
3868	-5.4435
3869	-5.41181
3870	-5.36442
3871	-5.3558
3872	-5.44354
3873	-5.59337
3874	-5.60483
3875	-5.56639
3876	-5.65087
3877	-5.58377
3878	-5.61815
3879	-5.60381
3880	-5.58997
3881	-5.53853
3882	-5.56554
3883	-5.57127
3884	-5.48819
3885	-5.52811
3886	-5.54135
3887	-5.53971
3888	-5.44568
3889	-5.4486
3890	-5.4221
3891	-5.5086
3892	-5.51909
3893	-5.55224
3894	-5.55025
3895	-5.62994
3896	-5.64346
3897	-5.60172
3898	-5.53472
3899	-5.5226
3900	-5.55308
3901	-5.5128
3902	-5.64425
3903	-5.66978
3904	-5.69211
3905	-5.67442
3906	-5.63992
3907	-5.66754
3908	-5.69388
3909	-5.67868
3910	-5.56793
3911	-5.52599
3912	-5.52211
3913	-5.51453
3914	-5.48596
3915	-5.58573
3916	-5.47992
3917	-5.59563
3918	-5.58421
3919	-5.60988
3920	-5.59599
3921	-5.6155
3922	-5.72186
3923	-5.61954
3924	-5.62312
3925	-5.53
3926	-5.50036
3927	-5.53414
3928	-5.50313
3929	-5.57
3930	-5.47085
3931	-5.48171
3932	-5.51586
3933	-5.55393
3934	-5.53304
3935	-5.40723
3936	-5.43108
3937	-5.44756
3938	-5.49374
3939	-5.4885
3940	-5.47675
3941	-5.48384
3942	-5.39595
3943	-5.44351
3944	-5.40107
3945	-5.49543
3946	-5.51727
3947	-5.44736
3948	-5.30312
3949	-5.34457
3950	-5.45515
3951	-5.43518
3952	-5.4277
3953	-5.51579
3954	-5.56388
3955	-5.64902
3956	-5.70379
3957	-5.62697
3958	-5.59252
3959	-5.59789
3960	-5.53333
3961	-5.61533
3962	-5.57986
3963	-5.59982
3964	-5.44455
3965	-5.43082
3966	-5.44594
3967	-5.44142
3968	-5.45787
3969	-5.5009
3970	-5.50098
3971	-5.47868
3972	-5.45243
3973	-5.48316
3974	-5.52268
3975	-5.52982
3976	-5.4998
3977	-5.58022
3978	-5.42329
3979	-5.51604
3980	-5.5236
3981	-5.52105
3982	-5.55106
3983	-5.59195
3984	-5.60075
3985	-5.55682
3986	-5.53949
3987	-5.45278
3988	-5.45598
3989	-5.38122
3990	-5.36832
3991	-5.3401
3992	-5.39616
3993	-5.35507
3994	-5.35956
3995	-5.31827
3996	-5.29038
3997	-5.24818
3998	-5.21546
3999	-5.14604
4000	-5.11797
4001	-5.26863
4002	-5.22363
4003	-5.30651
4004	-5.27619
4005	-5.31497
4006	-5.36049
4007	-5.3704
4008	-5.35826
4009	-5.40344
4010	-5.38065
4011	-5.39656
4012	-5.41918
4013	-5.34426
4014	-5.25152
4015	-5.29172
4016	-5.32894
4017	-5.31107
4018	-5.31137
4019	-5.34412
4020	-5.41068
4021	-5.31685
4022	-5.34217
4023	-5.41072
4024	-5.47388
4025	-5.40196
4026	-5.39313
4027	-5.38133
4028	-5.40336
4029	-5.27866
4030	-5.28646
4031	-5.28301
4032	-5.27291
4033	-5.284
4034	-5.34203
4035	-5.39069
4036	-5.38368
4037	-5.36947
4038	-5.35257
4039	-5.44131
4040	-5.33774
4041	-5.34804
4042	-5.31329
4043	-5.34609
4044	-5.30922
4045	-5.28174
4046	-5.41983
4047	-5.3831
4048	-5.36301
4049	-5.48799
4050	-5.4861
4051	-5.4755
4052	-5.46792
4053	-5.39358
4054	-5.34075
4055	-5.38461
4056	-5.46261
4057	-5.53631
4058	-5.49265
4059	-5.52817
4060	-5.63089
4061	-5.47403
4062	-5.46461
4063	-5.48753
4064	-5.45837
4065	-5.36092
4066	-5.42211
4067	-5.34226
4068	-5.41985
4069	-5.38477
4070	-5.37854
4071	-5.40521
4072	-5.37248
4073	-5.32391
4074	-5.37736
4075	-5.33236
4076	-5.29071
4077	-5.30968
4078	-5.28097
4079	-5.26798
4080	-5.45385
4081	-5.48519
4082	-5.39305
4083	-5.44058
4084	-5.43173
4085	-5.42896
4086	-5.27739
4087	-5.26573
4088	-5.36513
4089	-5.40249
4090	-5.44729
4091	-5.4217
4092	-5.39635
4093	-5.29218
4094	-5.29875
4095	-5.43862
4096	-5.44721
4097	-5.52145
4098	-5.4834
4099	-5.49171
4100	-5.45008
4101	-5.45508
4102	-5.4721
4103	-5.48205
4104	-5.46039
4105	-5.43684
4106	-5.36367
4107	-5.424
4108	-5.47065
4109	-5.3574
4110	-5.38185
4111	-5.41892
4112	-5.42837
4113	-5.40203
4114	-5.41417
4115	-5.52225
4116	-5.45055
4117	-5.40617
4118	-5.50253
4119	-5.53099
4120	-5.41584
4121	-5.50327
4122	-5.53532
4123	-5.52097
4124	-5.49284
4125	-5.43994
4126	-5.56491
4127	-5.46263
4128	-5.31438
4129	-5.33513
4130	-5.27918
4131	-5.3454
4132	-5.37568
4133	-5.41037
4134	-5.39041
4135	-5.34175
4136	-5.42155
4137	-5.44754
4138	-5.40971
4139	-5.43955
4140	-5.34884
4141	-5.37524
4142	-5.35019
4143	-5.36016
4144	-5.45662
4145	-5.41752
4146	-5.48563
4147	-5.52178
4148	-5.47762
4149	-5.53066
4150	-5.52613
4151	-5.49917
4152	-5.48517
4153	-5.43162
4154	-5.42229
4155	-5.50252
4156	-5.54539
4157	-5.55248
4158	-5.50482
4159	-5.63522
4160	-5.54296
4161	-5.42243
4162	-5.49672
4163	-5.58322
4164	-5.53208
4165	-5.52463
4166	-5.49584
4167	-5.43685
4168	-5.48637
4169	-5.42531
4170	-5.52287
4171	-5.51337
4172	-5.45288
4173	-5.51712
4174	-5.5603
4175	-5.56922
4176	-5.59488
4177	-5.5738
4178	-5.48349
4179	-5.44687
4180	-5.45432
4181	-5.40824
4182	-5.4468
4183	-5.50937
4184	-5.43331
4185	-5.32275
4186	-5.34146
4187	-5.41991
4188	-5.55243
4189	-5.50766
4190	-5.59993
4191	-5.48181
4192	-5.46877
4193	-5.46962
4194	-5.42265
4195	-5.41398
4196	-5.57555
4197	-5.52278
4198	-5.45179
4199	-5.47228
4200	-5.47615
4201	-5.53518
4202	-5.61501
4203	-5.54986
4204	-5.58906
4205	-5.61433
4206	-5.63112
4207	-5.59288
4208	-5.71015
4209	-5.68886
4210	-5.68437
4211	-5.7027
4212	-5.61565
4213	-5.62596
4214	-5.60929
4215	-5.53963
4216	-5.5386
4217	-5.53433
4218	-5.61753
4219	-5.61599
4220	-5.63511
4221	-5.64461
4222	-5.6551
4223	-5.60628
4224	-5.45247
4225	-5.38549
4226	-5.40774
4227	-5.44437
4228	-5.49268
4229	-5.48166
4230	-5.50905
4231	-5.41887
4232	-5.36276
4233	-5.37808
4234	-5.38114
4235	-5.42246
4236	-5.45213
4237	-5.47499
4238	-5.49812
4239	-5.50565
4240	-5.53243
4241	-5.5493
4242	-5.57469
4243	-5.57085
4244	-5.58183
4245	-5.51398
4246	-5.54674
4247	-5.53974
4248	-5.56532
4249	-5.56871
4250	-5.47898
4251	-5.46778
4252	-5.44557
4253	-5.51821
4254	-5.5531
4255	-5.58761
4256	-5.54645
4257	-5.53882
4258	-5.52316
4259	-5.57275
4260	-5.47494
4261	-5.53323
4262	-5.55045
4263	-5.55825
4264	-5.54441
4265	-5.40127
4266	-5.4648
4267	-5.52032
4268	-5.39124
4269	-5.42396
4270	-5.43293
4271	-5.4287
4272	-5.4301
4273	-5.38298
4274	-5.48158
4275	-5.45414
4276	-5.42749
4277	-5.40552
4278	-5.43415
4279	-5.3394
4280	-5.4201
4281	-5.41431
4282	-5.40742
4283	-5.4094
4284	-5.41593
4285	-5.31376
4286	-5.23273
4287	-5.22193
4288	-5.29338
4289	-5.38553
4290	-5.42738
4291	-5.4048
4292	-5.33865
4293	-5.4467
4294	-5.43304
4295	-5.36714
4296	-5.31147
4297	-5.30286
4298	-5.40053
4299	-5.44576
4300	-5.45224
4301	-5.43621
4302	-5.44045
4303	-5.48006
4304	-5.60288
4305	-5.57644
4306	-5.5168
4307	-5.62361
4308	-5.4977
4309	-5.53274
4310	-5.44727
4311	-5.45564
4312	-5.34005
4313	-5.36826
4314	-5.42555
4315	-5.40668
4316	-5.44698
4317	-5.55374
4318	-5.53439
4319	-5.54777
4320	-5.46971
4321	-5.51585
4322	-5.5474
4323	-5.49232
4324	-5.46082
4325	-5.41357
4326	-5.52692
4327	-5.51407
4328	-5.45801
4329	-5.52449
4330	-5.56535
4331	-5.4843
4332	-5.55218
4333	-5.50721
4334	-5.44732
4335	-5.48021
4336	-5.44193
4337	-5.36726
4338	-5.38658
4339	-5.47006
4340	-5.31838
4341	-5.37749
4342	-5.30191
4343	-5.35657
4344	-5.41656
4345	-5.54059
4346	-5.49493
4347	-5.50688
4348	-5.49306
4349	-5.3958
4350	-5.43416
4351	-5.46446
4352	-5.55515
4353	-5.63555
4354	-5.61008
4355	-5.56234
4356	-5.49537
4357	-5.56468
4358	-5.64991
4359	-5.61367
4360	-5.52836
4361	-5.52255
4362	-5.59971
4363	-5.61345
4364	-5.57469
4365	-5.56923
4366	-5.62327
4367	-5.57762
4368	-5.56529
4369	-5.58996
4370	-5.55214
4371	-5.59251
4372	-5.55715
4373	-5.55929
4374	-5.52952
4375	-5.49799
4376	-5.50393
4377	-5.45781
4378	-5.52484
4379	-5.57745
4380	-5.57575
4381	-5.59971
4382	-5.62309
4383	-5.59995
4384	-5.48475
4385	-5.55107
4386	-5.56779
4387	-5.54599
4388	-5.51948
4389	-5.43109
4390	-5.46789
4391	-5.47052
4392	-5.45101
4393	-5.58929
4394	-5.46935
4395	-5.47848
4396	-5.37099
4397	-5.47037
4398	-5.41928
4399	-5.40052
4400	-5.42032
4401	-5.49471
4402	-5.52626
4403	-5.5267
4404	-5.55922
4405	-5.50004
4406	-5.54173
4407	-5.50902
4408	-5.48436
4409	-5.42301
4410	-5.39461
4411	-5.43166
4412	-5.4134
4413	-5.47766
4414	-5.43759
4415	-5.45461
4416	-5.51102
4417	-5.55574
4418	-5.61306
4419	-5.60084
4420	-5.60188
4421	-5.61621
4422	-5.60281
4423	-5.62099
4424	-5.60607
4425	-5.64069
4426	-5.70242
4427	-5.62508
4428	-5.63223
4429	-5.44673
4430	-5.47742
4431	-5.5307
4432	-5.51955
4433	-5.49158
4434	-5.44147
4435	-5.46368
4436	-5.46437
4437	-5.51039
4438	-5.53002
4439	-5.56549
4440	-5.56921
4441	-5.53436
4442	-5.64087
4443	-5.63453
4444	-5.60149
4445	-5.59613
4446	-5.57766
4447	-5.58014
4448	-5.5609
4449	-5.56443
4450	-5.58922
4451	-5.55876
4452	-5.55867
4453	-5.56228
4454	-5.56422
4455	-5.50767
4456	-5.47626
4457	-5.53788
4458	-5.45916
4459	-5.4896
4460	-5.44423
4461	-5.45949
4462	-5.51004
4463	-5.46722
4464	-5.41992
4465	-5.41269
4466	-5.36744
4467	-5.40841
4468	-5.36143
4469	-5.36883
4470	-5.35957
4471	-5.39317
4472	-5.3679
4473	-5.34733
4474	-5.4348
4475	-5.46049
4476	-5.45864
4477	-5.4117
4478	-5.45542
4479	-5.46744
4480	-5.34773
4481	-5.44321
4482	-5.41453
4483	-5.36321
4484	-5.44775
4485	-5.50454
4486	-5.55966
4487	-5.39902
4488	-5.49057
4489	-5.51611
4490	-5.47363
4491	-5.52743
4492	-5.47388
4493	-5.36392
4494	-5.37124
4495	-5.32938
4496	-5.41712
4497	-5.3905
4498	-5.40085
4499	-5.41831
4500	-5.35152
4501	-5.32691
4502	-5.25309
4503	-5.35726
4504	-5.48137
4505	-5.44961
4506	-5.47416
4507	-5.45916
4508	-5.54758
4509	-5.46151
4510	-5.43766
4511	-5.34968
4512	-5.43258
4513	-5.47937
4514	-5.47754
4515	-5.42476
4516	-5.34357
4517	-5.30217
4518	-5.37387
4519	-5.40108
4520	-5.40188
4521	-5.37822
4522	-5.24611
4523	-5.28517
4524	-5.25602
4525	-5.26806
4526	-5.36576
4527	-5.38463
4528	-5.36444
4529	-5.31397
4530	-5.34371
4531	-5.41505
4532	-5.31687
4533	-5.3224
4534	-5.39183
4535	-5.44225
4536	-5.43187
4537	-5.49431
4538	-5.51499
4539	-5.43731
4540	-5.3403
4541	-5.3112
4542	-5.37951
4543	-5.33482
4544	-5.40737
4545	-5.49899
4546	-5.49451
4547	-5.46153
4548	-5.48701
4549	-5.56269
4550	-5.61894
4551	-5.60319
4552	-5.53405
4553	-5.49458
4554	-5.4679
4555	-5.43012
4556	-5.44452
4557	-5.46546
4558	-5.46674
4559	-5.5357
4560	-5.43587
4561	-5.41124
4562	-5.42114
4563	-5.36347
4564	-5.37748
4565	-5.45371
4566	-5.38402
4567	-5.42053
4568	-5.47123
4569	-5.39604
4570	-5.36579
4571	-5.49025
4572	-5.5838
4573	-5.55917
4574	-5.56233
4575	-5.59501
4576	-5.6348
4577	-5.55349
4578	-5.57755
4579	-5.51904
4580	-5.46214
4581	-5.47293
4582	-5.43286
4583	-5.45419
4584	-5.53952
4585	-5.54871
4586	-5.56536
4587	-5.58688
4588	-5.57753
4589	-5.68313
4590	-5.62441
4591	-5.54382
4592	-5.44905
4593	-5.47303
4594	-5.47801
4595	-5.46921
4596	-5.38197
4597	-5.42266
4598	-5.3568
4599	-5.38315
4600	-5.27665
4601	-5.33173
4602	-5.45058
4603	-5.39827
4604	-5.40963
4605	-5.49868
4606	-5.57529
4607	-5.4636
4608	-5.56682
4609	-5.61424
4610	-5.60221
4611	-5.51944
4612	-5.47131
4613	-5.55121
4614	-5.48804
4615	-5.46002
4616	-5.52226
4617	-5.44642
4618	-5.46732
4619	-5.42939
4620	-5.46007
4621	-5.55406
4622	-5.56792
4623	-5.64777
4624	-5.72099
4625	-5.68292
4626	-5.73551
4627	-5.66876
4628	-5.74686
4629	-5.6333
4630	-5.69778
4631	-5.67611
4632	-5.72193
4633	-5.63218
4634	-5.57032
4635	-5.6271
4636	-5.47841
4637	-5.52281
4638	-5.54235
4639	-5.59983
4640	-5.51617
4641	-5.37222
4642	-5.32761
4643	-5.40872
4644	-5.3606
4645	-5.3714
4646	-5.46129
4647	-5.4337
4648	-5.46385
4649	-5.49769
4650	-5.52696
4651	-5.48665
4652	-5.53659
4653	-5.51529
4654	-5.48749
4655	-5.48573
4656	-5.32286
4657	-5.32315
4658	-5.43718
4659	-5.46417
4660	-5.51702
4661	-5.49652
4662	-5.54036
4663	-5.57092
4664	-5.58097
4665	-5.56166
4666	-5.52392
4667	-5.55217
4668	-5.60739
4669	-5.53196
4670	-5.59737
4671	-5.59608
4672	-5.52794
4673	-5.44957
4674	-5.40844
4675	-5.29977
4676	-5.45399
4677	-5.49842
4678	-5.41265
4679	-5.46052
4680	-5.49395
4681	-5.36918
4682	-5.32899
4683	-5.46689
4684	-5.54855
4685	-5.47363
4686	-5.50594
4687	-5.5276
4688	-5.38831
4689	-5.50284
4690	-5.45283
4691	-5.53793
4692	-5.45128
4693	-5.45546
4694	-5.51409
4695	-5.53589
4696	-5.52166
4697	-5.49759
4698	-5.49878
4699	-5.47396
4700	-5.48912
4701	-5.54224
4702	-5.44619
4703	-5.53865
4704	-5.5843
4705	-5.55325
4706	-5.5146
4707	-5.60882
4708	-5.53968
4709	-5.60679
4710	-5.67786
4711	-5.62202
4712	-5.5857
4713	-5.53269
4714	-5.4617
4715	-5.42088
4716	-5.54376
4717	-5.5159
4718	-5.41268
4719	-5.56684
4720	-5.57193
4721	-5.55031
4722	-5.53726
4723	-5.55194
4724	-5.5598
4725	-5.543
4726	-5.53982
4727	-5.54566
4728	-5.39682
4729	-5.36795
4730	-5.2443
4731	-5.28598
4732	-5.238
4733	-5.30294
4734	-5.39469
4735	-5.3397
4736	-5.43599
4737	-5.44886
4738	-5.33459
4739	-5.39494
4740	-5.41487
4741	-5.37179
4742	-5.51931
4743	-5.54658
4744	-5.45394
4745	-5.4887
4746	-5.42612
4747	-5.42007
4748	-5.38235
4749	-5.50424
4750	-5.5168
4751	-5.53365
4752	-5.60663
4753	-5.58666
4754	-5.62991
4755	-5.65649
4756	-5.61369
4757	-5.49581
4758	-5.40353
4759	-5.34784
4760	-5.46137
4761	-5.54107
4762	-5.43868
4763	-5.42348
4764	-5.50426
4765	-5.51806
4766	-5.47644
4767	-5.50053
4768	-5.44697
4769	-5.50113
4770	-5.45223
4771	-5.37742
4772	-5.34946
4773	-5.44158
4774	-5.55561
4775	-5.52544
4776	-5.50945
4777	-5.56592
4778	-5.55149
4779	-5.54529
4780	-5.46227
4781	-5.5254
4782	-5.46583
4783	-5.53353
4784	-5.53424
4785	-5.5566
4786	-5.42952
4787	-5.49109
4788	-5.49614
4789	-5.51794
4790	-5.52502
4791	-5.5189
4792	-5.58867
4793	-5.56621
4794	-5.50342
4795	-5.51893
4796	-5.57075
4797	-5.54875
4798	-5.52548
4799	-5.45821
4800	-5.3965
4801	-5.42749
4802	-5.48135
4803	-5.47267
4804	-5.46698
4805	-5.48198
4806	-5.54197
4807	-5.47733
4808	-5.53278
4809	-5.43033
4810	-5.45014
4811	-5.46654
4812	-5.58059
4813	-5.50705
4814	-5.54018
4815	-5.47388
4816	-5.42381
4817	-5.41922
4818	-5.47791
4819	-5.48369
4820	-5.58402
4821	-5.555
4822	-5.58331
4823	-5.46452
4824	-5.47635
4825	-5.41893
4826	-5.40993
4827	-5.49816
4828	-5.44696
4829	-5.51681
4830	-5.4481
4831	-5.48467
4832	-5.44178
4833	-5.48631
4834	-5.43366
4835	-5.38173
4836	-5.42781
4837	-5.4209
4838	-5.44174
4839	-5.41248
4840	-5.45156
4841	-5.52407
4842	-5.47264
4843	-5.40058
4844	-5.40936
4845	-5.42068
4846	-5.426
4847	-5.37241
4848	-5.38962
4849	-5.33775
4850	-5.35294
4851	-5.39777
4852	-5.41927
4853	-5.37572
4854	-5.43616
4855	-5.49335
4856	-5.51409
4857	-5.4345
4858	-5.40995
4859	-5.42693
4860	-5.46501
4861	-5.50458
4862	-5.49677
4863	-5.44601
4864	-5.42814
4865	-5.44144
4866	-5.50861
4867	-5.53989
4868	-5.43158
4869	-5.51988
4870	-5.43016
4871	-5.46928
4872	-5.36952
4873	-5.46172
4874	-5.47252
4875	-5.50712
4876	-5.53598
4877	-5.5077
4878	-5.49062
4879	-5.53882
4880	-5.44196
4881	-5.48375
4882	-5.54503
4883	-5.53528
4884	-5.35795
4885	-5.39413
4886	-5.34507
4887	-5.32204
4888	-5.29157
4889	-5.25745
4890	-5.24704
4891	-5.32122
4892	-5.39041
4893	-5.33928
4894	-5.34571
4895	-5.41892
4896	-5.37055
4897	-5.4346
4898	-5.39212
4899	-5.40116
4900	-5.35905
4901	-5.35771
4902	-5.36053
4903	-5.4227
4904	-5.48183
4905	-5.56454
4906	-5.55959
4907	-5.4613
4908	-5.44433
4909	-5.34949
4910	-5.41231
4911	-5.33588
4912	-5.30588
4913	-5.37924
4914	-5.45336
4915	-5.38088
4916	-5.29906
4917	-5.32323
4918	-5.31013
4919	-5.35038
4920	-5.32029
4921	-5.36972
4922	-5.334
4923	-5.27153
4924	-5.38031
4925	-5.39558
4926	-5.39856
4927	-5.48637
4928	-5.43014
4929	-5.46591
4930	-5.4952
4931	-5.51524
4932	-5.58871
4933	-5.52027
4934	-5.46808
4935	-5.48443
4936	-5.40442
4937	-5.41558
4938	-5.41566
4939	-5.38483
4940	-5.48964
4941	-5.47177
4942	-5.4168
4943	-5.44715
4944	-5.47639
4945	-5.45307
4946	-5.40578
4947	-5.38502
4948	-5.38051
4949	-5.408
4950	-5.43478
4951	-5.28115
4952	-5.34607
4953	-5.40815
4954	-5.48772
4955	-5.41594
4956	-5.53125
4957	-5.47882
4958	-5.42411
4959	-5.4407
4960	-5.54807
4961	-5.5647
4962	-5.5105
4963	-5.60324
4964	-5.53773
4965	-5.63309
4966	-5.57872
4967	-5.58011
4968	-5.54994
4969	-5.60043
4970	-5.63376
4971	-5.59572
4972	-5.5033
4973	-5.42491
4974	-5.51338
4975	-5.49592
4976	-5.48707
4977	-5.46419
4978	-5.4507
4979	-5.43074
4980	-5.49036
4981	-5.47671
4982	-5.41105
4983	-5.49965
4984	-5.44779
4985	-5.45426
4986	-5.43493
4987	-5.54495
4988	-5.53238
4989	-5.59905
4990	-5.5527
4991	-5.45967
4992	-5.42957
4993	-5.45144
4994	-5.362
4995	-5.34829
4996	-5.44216
4997	-5.4613
4998	-5.4971
4999	-5.41344
