INITIAL DISTRIBUTION	MB
BIN SIZE	0.179382
T_SIGN	BIN	VMIN	VMAX	AVE	PROG_AVE_POFV	ERROR
1	0	0.179382	0.358763	0.0545	0.0545	0
1	1	0.358763	0.538145	0.224	0.224	0
1	2	0.538145	0.717527	0.527	0.527	0
1	3	0.717527	0.896908	1.551	1.551	0
1	4	0.896908	1.07629	4.9295	4.9295	0
1	5	1.07629	1.25567	4.688	4.688	0
1	6	1.25567	1.43505	5.871	5.871	0
1	7	1.43505	1.61443	7.204	7.204	0
1	8	1.61443	1.79382	8.241	8.241	0
1	9	1.79382	1.9732	11.081	11.081	0
1	10	1.9732	2.15258	7.8075	7.8075	0
1	11	2.15258	2.33196	8.483	8.483	0
1	12	2.33196	2.51134	10.1495	10.1495	0
1	13	2.51134	2.69072	7.122	7.122	0
1	14	2.69072	2.87011	5.794	5.794	0
1	15	2.87011	3.04949	6.1165	6.1165	0
1	16	3.04949	3.22887	4.187	4.187	0
1	17	3.22887	3.40825	3.2935	3.2935	0
1	18	3.40825	3.58763	3.164	3.164	0
1	19	3.58763	3.76701	1.419	1.419	0
1	20	3.76701	3.9464	2.2735	2.2735	0
1	21	3.9464	4.12578	0.8545	0.8545	0
1	22	4.12578	4.30516	0.797	0.797	0
1	23	4.30516	4.48454	0.6355	0.6355	0
1	24	4.48454	4.66392	0.2605	0.2605	0
1	25	4.66392	4.8433	0.0145	0.0145	0
1	26	4.8433	5.02269	0.0745	0.0745	0
1	27	5.02269	5.20207	0.1305	0.1305	0
1	28	5.20207	5.38145	0.0655	0.0655	0
1	29	5.38145	5.56083	0.002	0.002	0

1	0	0.179382	0.358763	0.131	0.09275	0.0270468
1	1	0.358763	0.538145	0.5	0.362	0.0975807
1	2	0.538145	0.717527	0.625	0.576	0.0346482
1	3	0.717527	0.896908	2.4085	1.97975	0.303172
1	4	0.896908	1.07629	3.4765	4.203	0.513713
1	5	1.07629	1.25567	7.925	6.3065	1.14445
1	6	1.25567	1.43505	6.692	6.2815	0.290267
1	7	1.43505	1.61443	8.476	7.84	0.44972
1	8	1.61443	1.79382	7.7545	7.99775	0.172004
1	9	1.79382	1.9732	8.5195	9.80025	0.905627
1	10	1.9732	2.15258	9.7985	8.803	0.703925
1	11	2.15258	2.33196	7.287	7.885	0.42285
1	12	2.33196	2.51134	8.5165	9.333	0.577353
1	13	2.51134	2.69072	6.1425	6.63225	0.346306
1	14	2.69072	2.87011	4.6875	5.24075	0.391207
1	15	2.87011	3.04949	4.468	5.29225	0.582833
1	16	3.04949	3.22887	3.767	3.977	0.148492
1	17	3.22887	3.40825	2.3975	2.8455	0.316784
1	18	3.40825	3.58763	2.9895	3.07675	0.0616951
1	19	3.58763	3.76701	2.674	2.0465	0.44371
1	20	3.76701	3.9464	3.34	2.80675	0.377065
1	21	3.9464	4.12578	1.679	1.26675	0.291505
1	22	4.12578	4.30516	0.784	0.7905	0.00459619
1	23	4.30516	4.48454	0.7345	0.685	0.0350018
1	24	4.48454	4.66392	0.2435	0.252	0.00601041
1	25	4.66392	4.8433	0.123	0.06875	0.0383605
1	26	4.8433	5.02269	0.4015	0.238	0.115612
1	27	5.02269	5.20207	0.352	0.24125	0.0783121
1	28	5.20207	5.38145	0.0595	0.0625	0.00212132
1	29	5.38145	5.56083	0.0285	0.01525	0.00936916

1	0	0.179382	0.358763	0.0465	0.0773333	0.0219903
1	1	0.358763	0.538145	0.3475	0.357167	0.0651734
1	2	0.538145	0.717527	0.79	0.647333	0.0626566
1	3	0.717527	0.896908	1.6185	1.85933	0.22476
1	4	0.896908	1.07629	4.9285	4.44483	0.39532
1	5	1.07629	1.25567	5.8545	6.15583	0.772822
1	6	1.25567	1.43505	8.721	7.09467	0.691573
1	7	1.43505	1.61443	7.976	7.88533	0.30209
1	8	1.61443	1.79382	8.245	8.08017	0.132956
1	9	1.79382	1.9732	9.1015	9.56733	0.632995
1	10	1.9732	2.15258	7.751	8.45233	0.549732
1	11	2.15258	2.33196	7.4835	7.75117	0.302338
1	12	2.33196	2.51134	7.219	8.62833	0.692233
1	13	2.51134	2.69072	6.298	6.52083	0.248147
1	14	2.69072	2.87011	4.679	5.0535	0.302314
1	15	2.87011	3.04949	5.433	5.33917	0.390439
1	16	3.04949	3.22887	4.3675	4.10717	0.145243
1	17	3.22887	3.40825	4.8265	3.50583	0.579046
1	18	3.40825	3.58763	2.6455	2.933	0.124369
1	19	3.58763	3.76701	2.325	2.13933	0.305363
1	20	3.76701	3.9464	2.2105	2.608	0.299206
1	21	3.9464	4.12578	1.687	1.40683	0.225497
1	22	4.12578	4.30516	0.599	0.726667	0.0522097
1	23	4.30516	4.48454	0.6965	0.688833	0.0235435
1	24	4.48454	4.66392	0.0775	0.193833	0.0476616
1	25	4.66392	4.8433	0.034	0.0571667	0.0272665
1	26	4.8433	5.02269	0.4235	0.299833	0.092138
1	27	5.02269	5.20207	0.261	0.247833	0.052484
1	28	5.20207	5.38145	0.254	0.126333	0.0521389
1	29	5.38145	5.56083	0.4075	0.146	0.106939

1	0	0.179382	0.358763	0.403	0.15875	0.0724121
1	1	0.358763	0.538145	0.596	0.416875	0.0711553
1	2	0.538145	0.717527	2.4515	1.09837	0.39343
1	3	0.717527	0.896908	3.98	2.3895	0.489105
1	4	0.896908	1.07629	4.998	4.58312	0.319766
1	5	1.07629	1.25567	3.7375	5.55125	0.781087
1	6	1.25567	1.43505	4.5235	6.45187	0.760864
1	7	1.43505	1.61443	7.937	7.89825	0.226843
1	8	1.61443	1.79382	5.6135	7.4635	0.543279
1	9	1.79382	1.9732	9.572	9.5685	0.474747
1	10	1.9732	2.15258	8.141	8.3745	0.417772
1	11	2.15258	2.33196	10.3955	8.41225	0.615785
1	12	2.33196	2.51134	6.321	8.0515	0.720482
1	13	2.51134	2.69072	6.3775	6.485	0.18868
1	14	2.69072	2.87011	7.0125	5.54325	0.480937
1	15	2.87011	3.04949	5.7125	5.4325	0.30378
1	16	3.04949	3.22887	4.014	4.08387	0.110784
1	17	3.22887	3.40825	4.5055	3.75575	0.485229
1	18	3.40825	3.58763	2.782	2.89525	0.0988402
1	19	3.58763	3.76701	1.8	2.0545	0.240518
1	20	3.76701	3.9464	2.466	2.5725	0.226501
1	21	3.9464	4.12578	1.4635	1.421	0.169567
1	22	4.12578	4.30516	0.481	0.66525	0.0660477
1	23	4.30516	4.48454	0.2735	0.585	0.0916396
1	24	4.48454	4.66392	0.4765	0.2645	0.070874
1	25	4.66392	4.8433	0.067	0.059625	0.0205604
1	26	4.8433	5.02269	0.017	0.229125	0.0923312
1	27	5.02269	5.20207	0.9065	0.4125	0.147938
1	28	5.20207	5.38145	0.1025	0.120375	0.0394431
1	29	5.38145	5.56083	0.529	0.24175	0.115364

1	0	0.179382	0.358763	0.2505	0.1771	0.0602099
1	1	0.358763	0.538145	0.8185	0.4972	0.0916627
1	2	0.538145	0.717527	1.4875	1.1762	0.32235
1	3	0.717527	0.896908	2.7455	2.4607	0.396432
1	4	0.896908	1.07629	5.384	4.7433	0.293198
1	5	1.07629	1.25567	6.878	5.8166	0.668424
1	6	1.25567	1.43505	6.5375	6.469	0.608884
1	7	1.43505	1.61443	6.0135	7.5213	0.382892
1	8	1.61443	1.79382	6.869	7.3446	0.447445
1	9	1.79382	1.9732	8.7165	9.3981	0.409237
1	10	1.9732	2.15258	7.9965	8.2989	0.34099
1	11	2.15258	2.33196	7.1985	8.1695	0.538353
1	12	2.33196	2.51134	6.417	7.7246	0.646306
1	13	2.51134	2.69072	6.784	6.5448	0.16014
1	14	2.69072	2.87011	8.115	6.0576	0.599731
1	15	2.87011	3.04949	3.291	5.0042	0.453667
1	16	3.04949	3.22887	3.8165	4.0304	0.10071
1	17	3.22887	3.40825	5.2555	4.0557	0.471871
1	18	3.40825	3.58763	4.5855	3.2333	0.312529
1	19	3.58763	3.76701	1.936	2.0308	0.193578
1	20	3.76701	3.9464	2.117	2.4814	0.198678
1	21	3.9464	4.12578	0.965	1.3298	0.158291
1	22	4.12578	4.30516	0.792	0.6906	0.0574975
1	23	4.30516	4.48454	0.852	0.6384	0.0874977
1	24	4.48454	4.66392	0.1855	0.2487	0.0584338
1	25	4.66392	4.8433	0.0115	0.05	0.018565
1	26	4.8433	5.02269	0.412	0.2657	0.080785
1	27	5.02269	5.20207	0.661	0.4622	0.126424
1	28	5.20207	5.38145	0.758	0.2479	0.118346
1	29	5.38145	5.56083	0.0485	0.2031	0.0985531

1	0	0.179382	0.358763	0.4355	0.220167	0.0637427
1	1	0.358763	0.538145	0.5475	0.505583	0.076768
1	2	0.538145	0.717527	2.7245	1.43425	0.357282
1	3	0.717527	0.896908	3.233	2.58942	0.350634
1	4	0.896908	1.07629	4.0525	4.62817	0.265978
1	5	1.07629	1.25567	6.325	5.90133	0.562365
1	6	1.25567	1.43505	9.1785	6.92058	0.653757
1	7	1.43505	1.61443	6.1965	7.3005	0.377408
1	8	1.61443	1.79382	4.927	6.94167	0.523764
1	9	1.79382	1.9732	9.3055	9.38267	0.341322
1	10	1.9732	2.15258	10.4895	8.664	0.437981
1	11	2.15258	2.33196	6.048	7.81592	0.552676
1	12	2.33196	2.51134	6.96	7.59717	0.551008
1	13	2.51134	2.69072	2.4645	5.86475	0.634979
1	14	2.69072	2.87011	5.927	6.03583	0.500171
1	15	2.87011	3.04949	4.474	4.91583	0.386566
1	16	3.04949	3.22887	5.0045	4.19275	0.170317
1	17	3.22887	3.40825	4.492	4.12842	0.398789
1	18	3.40825	3.58763	3.5325	3.28317	0.26439
1	19	3.58763	3.76701	2.9575	2.18525	0.214247
1	20	3.76701	3.9464	2.5595	2.49442	0.165991
1	21	3.9464	4.12578	1.4065	1.34258	0.132424
1	22	4.12578	4.30516	2.21	0.943833	0.236083
1	23	4.30516	4.48454	1.772	0.827333	0.187251
1	24	4.48454	4.66392	0.33	0.26225	0.0502413
1	25	4.66392	4.8433	0.0475	0.0495833	0.0154755
1	26	4.8433	5.02269	0.009	0.222917	0.0778295
1	27	5.02269	5.20207	0.165	0.412667	0.114647
1	28	5.20207	5.38145	0.0155	0.209167	0.104769
1	29	5.38145	5.56083	0.003	0.16975	0.0875887

1	0	0.179382	0.358763	0.2705	0.227357	0.0550407
1	1	0.358763	0.538145	0.9885	0.574571	0.0917019
1	2	0.538145	0.717527	1.6025	1.45829	0.307049
1	3	0.717527	0.896908	3.604	2.73436	0.32914
1	4	0.896908	1.07629	2.7945	4.36621	0.332854
1	5	1.07629	1.25567	4.1225	5.64721	0.536378
1	6	1.25567	1.43505	8.2255	7.107	0.586339
1	7	1.43505	1.61443	5.543	7.04943	0.398346
1	8	1.61443	1.79382	6.994	6.94914	0.448994
1	9	1.79382	1.9732	9.7665	9.4375	0.296934
1	10	1.9732	2.15258	7.7855	8.5385	0.392982
1	11	2.15258	2.33196	8.623	7.93121	0.4856
1	12	2.33196	2.51134	8.175	7.67971	0.478436
1	13	2.51134	2.69072	7.5415	6.10429	0.587715
1	14	2.69072	2.87011	6.9695	6.16921	0.446148
1	15	2.87011	3.04949	4.3845	4.83993	0.338712
1	16	3.04949	3.22887	3.8795	4.148	0.151751
1	17	3.22887	3.40825	3.625	4.0565	0.348244
1	18	3.40825	3.58763	2.7355	3.20493	0.237914
1	19	3.58763	3.76701	2.613	2.24636	0.192157
1	20	3.76701	3.9464	2.3625	2.47557	0.143344
1	21	3.9464	4.12578	2.368	1.48907	0.176853
1	22	4.12578	4.30516	1.7155	1.05407	0.226638
1	23	4.30516	4.48454	0.9065	0.838643	0.160842
1	24	4.48454	4.66392	0.3415	0.273571	0.0443212
1	25	4.66392	4.8433	0.0625	0.0514286	0.0133743
1	26	4.8433	5.02269	0	0.191071	0.0729356
1	27	5.02269	5.20207	0	0.353714	0.112408
1	28	5.20207	5.38145	0	0.179286	0.0939663
1	29	5.38145	5.56083	0	0.1455	0.0783611

1	0	0.179382	0.358763	0.6915	0.285375	0.0725586
1	1	0.358763	0.538145	1.147	0.646125	0.10449
1	2	0.538145	0.717527	2.9005	1.63856	0.317206
1	3	0.717527	0.896908	2.822	2.74531	0.28818
1	4	0.896908	1.07629	5.2165	4.4725	0.307749
1	5	1.07629	1.25567	3.841	5.42144	0.51466
1	6	1.25567	1.43505	5.0115	6.84506	0.568552
1	7	1.43505	1.61443	5.8395	6.89819	0.376169
1	8	1.61443	1.79382	6.477	6.89012	0.396729
1	9	1.79382	1.9732	7.037	9.13744	0.382476
1	10	1.9732	2.15258	6.8225	8.324	0.398118
1	11	2.15258	2.33196	7.852	7.92131	0.425001
1	12	2.33196	2.51134	10.109	7.98338	0.505901
1	13	2.51134	2.69072	7.069	6.22488	0.526476
1	14	2.69072	2.87011	7.269	6.30669	0.411014
1	15	2.87011	3.04949	5.211	4.88631	0.299532
1	16	3.04949	3.22887	4.777	4.22663	0.15179
1	17	3.22887	3.40825	5.1625	4.19475	0.33102
1	18	3.40825	3.58763	3.0175	3.1815	0.209325
1	19	3.58763	3.76701	3.016	2.34256	0.190706
1	20	3.76701	3.9464	2.509	2.47975	0.125487
1	21	3.9464	4.12578	1.894	1.53969	0.161827
1	22	4.12578	4.30516	1.2675	1.08075	0.199872
1	23	4.30516	4.48454	0.4295	0.7875	0.148646
1	24	4.48454	4.66392	0.152	0.258375	0.0413042
1	25	4.66392	4.8433	0.27	0.07875	0.0281087
1	26	4.8433	5.02269	0.069	0.175812	0.0653954
1	27	5.02269	5.20207	0	0.3095	0.106699
1	28	5.20207	5.38145	0	0.156875	0.0848509
1	29	5.38145	5.56083	0	0.127312	0.0706451

1	0	0.179382	0.358763	0.277	0.284444	0.0645025
1	1	0.358763	0.538145	1.305	0.719333	0.115718
1	2	0.538145	0.717527	1.96	1.67428	0.283965
1	3	0.717527	0.896908	1.3585	2.59122	0.294489
1	4	0.896908	1.07629	2.5245	4.25606	0.341284
1	5	1.07629	1.25567	4.4995	5.319	0.467559
1	6	1.25567	1.43505	6.2025	6.77367	0.509843
1	7	1.43505	1.61443	4.9755	6.68456	0.39035
1	8	1.61443	1.79382	8.5805	7.07794	0.394611
1	9	1.79382	1.9732	8.8785	9.10867	0.341059
1	10	1.9732	2.15258	8.514	8.34511	0.354442
1	11	2.15258	2.33196	8.4825	7.98367	0.382325
1	12	2.33196	2.51134	7.5195	7.93183	0.452308
1	13	2.51134	2.69072	7.973	6.41911	0.502534
1	14	2.69072	2.87011	6.3955	6.31656	0.365464
1	15	2.87011	3.04949	6.051	5.01572	0.292875
1	16	3.04949	3.22887	5.8145	4.40306	0.214182
1	17	3.22887	3.40825	5.2095	4.3075	0.312853
1	18	3.40825	3.58763	3.8575	3.25661	0.199087
1	19	3.58763	3.76701	1.787	2.28083	0.179229
1	20	3.76701	3.9464	2.084	2.43578	0.118999
1	21	3.9464	4.12578	1.9535	1.58567	0.150237
1	22	4.12578	4.30516	0.803	1.04989	0.180031
1	23	4.30516	4.48454	0.243	0.727	0.143916
1	24	4.48454	4.66392	0.2525	0.257722	0.03672
1	25	4.66392	4.8433	0.163	0.0881111	0.0264985
1	26	4.8433	5.02269	0.3085	0.190556	0.059768
1	27	5.02269	5.20207	0.026	0.278	0.0993847
1	28	5.20207	5.38145	0	0.139444	0.0771926
1	29	5.38145	5.56083	0	0.113167	0.0641963

1	0	0.179382	0.358763	0.653	0.3213	0.0677685
1	1	0.358763	0.538145	0.8085	0.72825	0.104489
1	2	0.538145	0.717527	3.5905	1.8659	0.313628
1	3	0.717527	0.896908	2.55	2.5871	0.265069
1	4	0.896908	1.07629	1.5655	3.987	0.39937
1	5	1.07629	1.25567	3.0945	5.09655	0.470755
1	6	1.25567	1.43505	6.977	6.794	0.459264
1	7	1.43505	1.61443	6.6865	6.68475	0.351315
1	8	1.61443	1.79382	6.3595	7.0061	0.361631
1	9	1.79382	1.9732	7.8215	8.97995	0.33035
1	10	1.9732	2.15258	8.6505	8.37565	0.320311
1	11	2.15258	2.33196	6.6895	7.85425	0.365341
1	12	2.33196	2.51134	8.2455	7.9632	0.408163
1	13	2.51134	2.69072	6.545	6.4317	0.452438
1	14	2.69072	2.87011	6.571	6.342	0.329802
1	15	2.87011	3.04949	7.3245	5.2466	0.342713
1	16	3.04949	3.22887	7.205	4.68325	0.328353
1	17	3.22887	3.40825	5.6015	4.4369	0.307165
1	18	3.40825	3.58763	2.985	3.22945	0.181022
1	19	3.58763	3.76701	3.324	2.38515	0.189244
1	20	3.76701	3.9464	3.4395	2.53615	0.143309
1	21	3.9464	4.12578	0.3535	1.46245	0.178736
1	22	4.12578	4.30516	0.1775	0.96265	0.181941
1	23	4.30516	4.48454	0.155	0.6698	0.140432
1	24	4.48454	4.66392	0.4455	0.2765	0.0375435
1	25	4.66392	4.8433	0.147	0.094	0.0244943
1	26	4.8433	5.02269	0.0035	0.17185	0.0566427
1	27	5.02269	5.20207	0	0.2502	0.0932534
1	28	5.20207	5.38145	0	0.1255	0.0707216
1	29	5.38145	5.56083	0	0.10185	0.0587657

1	0	0.179382	0.358763	0.5665	0.343591	0.0651707
1	1	0.358763	0.538145	0.948	0.748227	0.0968813
1	2	0.538145	0.717527	1.943	1.87291	0.285194
1	3	0.717527	0.896908	2.3825	2.5685	0.241623
1	4	0.896908	1.07629	2.2625	3.83023	0.39263
1	5	1.07629	1.25567	3.3225	4.93527	0.454747
1	6	1.25567	1.43505	4.8145	6.61405	0.451394
1	7	1.43505	1.61443	8.511	6.85077	0.356454
1	8	1.61443	1.79382	8.149	7.11	0.343356
1	9	1.79382	1.9732	9.8335	9.05755	0.309297
1	10	1.9732	2.15258	7.6435	8.30909	0.298027
1	11	2.15258	2.33196	8.3005	7.89482	0.334373
1	12	2.33196	2.51134	8.466	8.00891	0.373608
1	13	2.51134	2.69072	5.9025	6.38359	0.413857
1	14	2.69072	2.87011	5.441	6.26009	0.309825
1	15	2.87011	3.04949	6.2495	5.33777	0.323458
1	16	3.04949	3.22887	5.79	4.78386	0.313539
1	17	3.22887	3.40825	4.769	4.46709	0.280721
1	18	3.40825	3.58763	4.523	3.34705	0.199131
1	19	3.58763	3.76701	2.743	2.41768	0.174814
1	20	3.76701	3.9464	2.3825	2.52218	0.130959
1	21	3.9464	4.12578	1.504	1.46623	0.162527
1	22	4.12578	4.30516	0.8785	0.955	0.165562
1	23	4.30516	4.48454	0.417	0.646818	0.129532
1	24	4.48454	4.66392	0.0515	0.256045	0.0393096
1	25	4.66392	4.8433	0.1845	0.102227	0.0236088
1	26	4.8433	5.02269	0.019	0.157955	0.0531705
1	27	5.02269	5.20207	0	0.227455	0.0875058
1	28	5.20207	5.38145	0	0.114091	0.0652062
1	29	5.38145	5.56083	0	0.0925909	0.0541479

1	0	0.179382	0.358763	0.484	0.355292	0.0607811
1	1	0.358763	0.538145	1.139	0.780792	0.0941218
1	2	0.538145	0.717527	1.567	1.84742	0.262565
1	3	0.717527	0.896908	1.7715	2.50208	0.230435
1	4	0.896908	1.07629	3.91	3.83688	0.359968
1	5	1.07629	1.25567	3.204	4.791	0.439142
1	6	1.25567	1.43505	7.186	6.66171	0.416286
1	7	1.43505	1.61443	6.1225	6.79008	0.331876
1	8	1.61443	1.79382	6.449	7.05492	0.319131
1	9	1.79382	1.9732	8.169	8.9835	0.292251
1	10	1.9732	2.15258	10.1745	8.46454	0.311102
1	11	2.15258	2.33196	9.008	7.98758	0.319117
1	12	2.33196	2.51134	8.726	8.06867	0.34722
1	13	2.51134	2.69072	7.5145	6.47783	0.389952
1	14	2.69072	2.87011	5.4175	6.18987	0.291854
1	15	2.87011	3.04949	6.7385	5.4545	0.316866
1	16	3.04949	3.22887	4.785	4.78396	0.287411
1	17	3.22887	3.40825	5.0865	4.51871	0.26203
1	18	3.40825	3.58763	2.6075	3.28542	0.191837
1	19	3.58763	3.76701	1.79	2.36537	0.167889
1	20	3.76701	3.9464	2.995	2.56158	0.125834
1	21	3.9464	4.12578	1.4745	1.46692	0.148985
1	22	4.12578	4.30516	0.249	0.896167	0.161881
1	23	4.30516	4.48454	0.007	0.5935	0.129246
1	24	4.48454	4.66392	0.0075	0.235333	0.04113
1	25	4.66392	4.8433	0.1145	0.10325	0.0216636
1	26	4.8433	5.02269	0.0175	0.14625	0.0500113
1	27	5.02269	5.20207	0.3755	0.239792	0.0810786
1	28	5.20207	5.38145	0.68	0.16125	0.0749091
1	29	5.38145	5.56083	0.2295	0.104	0.0508233

1	0	0.179382	0.358763	0.5805	0.372615	0.0585224
1	1	0.358763	0.538145	0.9805	0.796154	0.0881264
1	2	0.538145	0.717527	0.987	1.78123	0.250571
1	3	0.717527	0.896908	1.959	2.46031	0.216463
1	4	0.896908	1.07629	5.434	3.95973	0.35262
1	5	1.07629	1.25567	4.031	4.73254	0.409234
1	6	1.25567	1.43505	5.6305	6.58238	0.391749
1	7	1.43505	1.61443	7.077	6.81215	0.30708
1	8	1.61443	1.79382	8.592	7.17315	0.315727
1	9	1.79382	1.9732	7.641	8.88023	0.287437
1	10	1.9732	2.15258	10.076	8.5885	0.310887
1	11	2.15258	2.33196	8.083	7.99492	0.294654
1	12	2.33196	2.51134	8.284	8.08523	0.320906
1	13	2.51134	2.69072	6.8895	6.5095	0.361239
1	14	2.69072	2.87011	6.539	6.21673	0.270637
1	15	2.87011	3.04949	5.069	5.42485	0.293876
1	16	3.04949	3.22887	4.286	4.74565	0.267843
1	17	3.22887	3.40825	3.8735	4.46908	0.246529
1	18	3.40825	3.58763	3.0965	3.27088	0.17763
1	19	3.58763	3.76701	2.7	2.39112	0.156935
1	20	3.76701	3.9464	2.325	2.54338	0.117463
1	21	3.9464	4.12578	0.742	1.41115	0.147592
1	22	4.12578	4.30516	0.5985	0.873269	0.151039
1	23	4.30516	4.48454	0.6715	0.5995	0.119444
1	24	4.48454	4.66392	0.3795	0.246423	0.0394328
1	25	4.66392	4.8433	0.1945	0.110269	0.0211037
1	26	4.8433	5.02269	0.1015	0.142808	0.0462826
1	27	5.02269	5.20207	0.0735	0.227	0.0758442
1	28	5.20207	5.38145	0.8965	0.217808	0.0879432
1	29	5.38145	5.56083	0.076	0.101846	0.0469594

1	0	0.179382	0.358763	0.2405	0.363179	0.0550978
1	1	0.358763	0.538145	1.027	0.812643	0.08336
1	2	0.538145	0.717527	1.425	1.75579	0.233961
1	3	0.717527	0.896908	2.29	2.44814	0.201343
1	4	0.896908	1.07629	4.099	3.96968	0.327573
1	5	1.07629	1.25567	4.823	4.739	0.380054
1	6	1.25567	1.43505	5.706	6.51979	0.368735
1	7	1.43505	1.61443	6.671	6.80207	0.285311
1	8	1.61443	1.79382	6.534	7.1275	0.296458
1	9	1.79382	1.9732	8.4635	8.85046	0.268443
1	10	1.9732	2.15258	9.53	8.65575	0.295865
1	11	2.15258	2.33196	6.618	7.89657	0.289556
1	12	2.33196	2.51134	9.0265	8.15246	0.304946
1	13	2.51134	2.69072	7.935	6.61132	0.349492
1	14	2.69072	2.87011	6.094	6.20796	0.251447
1	15	2.87011	3.04949	6.428	5.4965	0.281484
1	16	3.04949	3.22887	5.3655	4.78993	0.252344
1	17	3.22887	3.40825	3.8	4.42129	0.233506
1	18	3.40825	3.58763	3.331	3.27518	0.164994
1	19	3.58763	3.76701	2.2385	2.38021	0.146104
1	20	3.76701	3.9464	1.227	2.44936	0.141798
1	21	3.9464	4.12578	1.6205	1.42611	0.137805
1	22	4.12578	4.30516	0.56	0.850893	0.141899
1	23	4.30516	4.48454	1.137	0.637893	0.11692
1	24	4.48454	4.66392	1.0205	0.301714	0.064649
1	25	4.66392	4.8433	0.7225	0.154	0.0464736
1	26	4.8433	5.02269	0.019	0.133964	0.0438134
1	27	5.02269	5.20207	0.0345	0.21325	0.0716623
1	28	5.20207	5.38145	0	0.20225	0.0830263
1	29	5.38145	5.56083	0	0.0945714	0.0441651

1	0	0.179382	0.358763	0.1695	0.350267	0.0529159
1	1	0.358763	0.538145	0.645	0.801467	0.0785483
1	2	0.538145	0.717527	2.2175	1.78657	0.220379
1	3	0.717527	0.896908	4.093	2.5578	0.215724
1	4	0.896908	1.07629	5.1405	4.04773	0.314897
1	5	1.07629	1.25567	5.23	4.77173	0.356124
1	6	1.25567	1.43505	7.3945	6.5781	0.348733
1	7	1.43505	1.61443	6.689	6.79453	0.26639
1	8	1.61443	1.79382	8.1875	7.19817	0.284992
1	9	1.79382	1.9732	8.679	8.83903	0.25079
1	10	1.9732	2.15258	8.329	8.63397	0.276942
1	11	2.15258	2.33196	6.0595	7.7741	0.295018
1	12	2.33196	2.51134	5.8845	8.00127	0.319911
1	13	2.51134	2.69072	5.112	6.51137	0.340186
1	14	2.69072	2.87011	4.264	6.07837	0.265993
1	15	2.87011	3.04949	4.2385	5.41263	0.274929
1	16	3.04949	3.22887	4.423	4.76547	0.236704
1	17	3.22887	3.40825	5.8865	4.51897	0.237493
1	18	3.40825	3.58763	3.237	3.27263	0.154014
1	19	3.58763	3.76701	3.124	2.4298	0.144533
1	20	3.76701	3.9464	1.5155	2.3871	0.14537
1	21	3.9464	4.12578	3.269	1.54897	0.175016
1	22	4.12578	4.30516	1.009	0.861433	0.13283
1	23	4.30516	4.48454	1.4245	0.690333	0.120312
1	24	4.48454	4.66392	0.8945	0.341233	0.0714034
1	25	4.66392	4.8433	0.454	0.174	0.0474843
1	26	4.8433	5.02269	0.277	0.1435	0.0419174
1	27	5.02269	5.20207	0.079	0.2043	0.0674414
1	28	5.20207	5.38145	0	0.188767	0.0785784
1	29	5.38145	5.56083	0	0.0882667	0.0416683

1	0	0.179382	0.358763	0.3355	0.349344	0.0496167
1	1	0.358763	0.538145	1.0685	0.818156	0.0753912
1	2	0.538145	0.717527	2.3225	1.82006	0.209136
1	3	0.717527	0.896908	3.5775	2.62153	0.211446
1	4	0.896908	1.07629	4.9325	4.10303	0.300032
1	5	1.07629	1.25567	5.1705	4.79666	0.334737
1	6	1.25567	1.43505	3.567	6.38991	0.374288
1	7	1.43505	1.61443	4.4245	6.64641	0.287994
1	8	1.61443	1.79382	8.4335	7.27537	0.277441
1	9	1.79382	1.9732	11.448	9.00209	0.283207
1	10	1.9732	2.15258	10.8245	8.77088	0.291516
1	11	2.15258	2.33196	8.1595	7.79819	0.277561
1	12	2.33196	2.51134	3.957	7.7485	0.387102
1	13	2.51134	2.69072	6.1	6.48566	0.319894
1	14	2.69072	2.87011	3.988	5.94772	0.279619
1	15	2.87011	3.04949	5.808	5.43734	0.258854
1	16	3.04949	3.22887	6.5995	4.88009	0.248117
1	17	3.22887	3.40825	3.5595	4.459	0.230096
1	18	3.40825	3.58763	3.139	3.26428	0.144614
1	19	3.58763	3.76701	2.162	2.41306	0.136466
1	20	3.76701	3.9464	2.254	2.37878	0.136523
1	21	3.9464	4.12578	2.292	1.59541	0.170128
1	22	4.12578	4.30516	1.344	0.891594	0.127906
1	23	4.30516	4.48454	0.825	0.69875	0.113086
1	24	4.48454	4.66392	0.3105	0.339313	0.0669665
1	25	4.66392	4.8433	1.073	0.230188	0.0702954
1	26	4.8433	5.02269	0.184	0.146031	0.0393739
1	27	5.02269	5.20207	0.0515	0.19475	0.0638989
1	28	5.20207	5.38145	0.0155	0.177937	0.0744097
1	29	5.38145	5.56083	0.036	0.085	0.0391919

1	0	0.179382	0.358763	0.86	0.379382	0.055045
1	1	0.358763	0.538145	1.7495	0.872941	0.0886547
1	2	0.538145	0.717527	1.888	1.82406	0.196872
1	3	0.717527	0.896908	2.2045	2.597	0.200426
1	4	0.896908	1.07629	2.782	4.02532	0.292273
1	5	1.07629	1.25567	4.8105	4.79747	0.315048
1	6	1.25567	1.43505	6.3425	6.38712	0.352281
1	7	1.43505	1.61443	7.1575	6.67647	0.272618
1	8	1.61443	1.79382	9.286	7.39365	0.285219
1	9	1.79382	1.9732	8.849	8.99309	0.266691
1	10	1.9732	2.15258	9.495	8.81347	0.277463
1	11	2.15258	2.33196	7.1105	7.75774	0.264166
1	12	2.33196	2.51134	7.3395	7.72444	0.365078
1	13	2.51134	2.69072	7.6315	6.55306	0.308096
1	14	2.69072	2.87011	4.5325	5.86447	0.275285
1	15	2.87011	3.04949	4.402	5.37644	0.250689
1	16	3.04949	3.22887	3.635	4.80685	0.244093
1	17	3.22887	3.40825	3.032	4.37506	0.231366
1	18	3.40825	3.58763	3.3485	3.26924	0.136192
1	19	3.58763	3.76701	2.768	2.43394	0.130026
1	20	3.76701	3.9464	1.5905	2.33241	0.136139
1	21	3.9464	4.12578	1.962	1.61697	0.161481
1	22	4.12578	4.30516	0.659	0.877912	0.121112
1	23	4.30516	4.48454	0.749	0.701706	0.106473
1	24	4.48454	4.66392	1.0705	0.382324	0.0755882
1	25	4.66392	4.8433	1.3395	0.295441	0.0915683
1	26	4.8433	5.02269	1.162	0.205794	0.0688098
1	27	5.02269	5.20207	0.052	0.186353	0.0606893
1	28	5.20207	5.38145	0.097	0.173176	0.0701848
1	29	5.38145	5.56083	0	0.08	0.0372041

1	0	0.179382	0.358763	0.401	0.380583	0.052
1	1	0.358763	0.538145	1.1125	0.88625	0.0847225
1	2	0.538145	0.717527	1.581	1.81056	0.186397
1	3	0.717527	0.896908	3.179	2.62933	0.191882
1	4	0.896908	1.07629	4.774	4.06692	0.27898
1	5	1.07629	1.25567	5.9285	4.86031	0.303747
1	6	1.25567	1.43505	8.4955	6.50425	0.351644
1	7	1.43505	1.61443	8.5195	6.77886	0.276032
1	8	1.61443	1.79382	7.313	7.38917	0.269408
1	9	1.79382	1.9732	5.357	8.79108	0.319343
1	10	1.9732	2.15258	6.1675	8.66647	0.298458
1	11	2.15258	2.33196	8.8815	7.82017	0.256761
1	12	2.33196	2.51134	10.6785	7.88856	0.379896
1	13	2.51134	2.69072	5.4485	6.49169	0.297028
1	14	2.69072	2.87011	3.988	5.76022	0.279033
1	15	2.87011	3.04949	6.23	5.42386	0.241205
1	16	3.04949	3.22887	3.8305	4.75261	0.236482
1	17	3.22887	3.40825	2.003	4.24328	0.253277
1	18	3.40825	3.58763	2.894	3.24839	0.130212
1	19	3.58763	3.76701	1.5855	2.38681	0.131067
1	20	3.76701	3.9464	1.1725	2.26797	0.143016
1	21	3.9464	4.12578	1.3075	1.59978	0.153422
1	22	4.12578	4.30516	1.9775	0.939	0.128872
1	23	4.30516	4.48454	0.8455	0.709694	0.100857
1	24	4.48454	4.66392	1.4695	0.442722	0.0924213
1	25	4.66392	4.8433	1.022	0.335806	0.0949619
1	26	4.8433	5.02269	0.936	0.246361	0.0760103
1	27	5.02269	5.20207	0.7535	0.217861	0.0649841
1	28	5.20207	5.38145	0.046	0.166111	0.0666403
1	29	5.38145	5.56083	0	0.0755556	0.0354016

1	0	0.179382	0.358763	0.4675	0.385158	0.049464
1	1	0.358763	0.538145	0.902	0.887079	0.0802675
1	2	0.538145	0.717527	2.3775	1.84039	0.178959
1	3	0.717527	0.896908	3.723	2.68689	0.190221
1	4	0.896908	1.07629	4.4385	4.08647	0.264981
1	5	1.07629	1.25567	4.5955	4.84637	0.28808
1	6	1.25567	1.43505	8.281	6.59776	0.345347
1	7	1.43505	1.61443	8.206	6.85397	0.271531
1	8	1.61443	1.79382	6.357	7.33484	0.260648
1	9	1.79382	1.9732	5.756	8.63134	0.34015
1	10	1.9732	2.15258	5.239	8.48608	0.332831
1	11	2.15258	2.33196	8.7265	7.86787	0.247639
1	12	2.33196	2.51134	8.602	7.92611	0.361753
1	13	2.51134	2.69072	7.7065	6.55563	0.288194
1	14	2.69072	2.87011	5.784	5.76147	0.26435
1	15	2.87011	3.04949	4.982	5.40061	0.229629
1	16	3.04949	3.22887	4.544	4.74163	0.22429
1	17	3.22887	3.40825	3.749	4.21726	0.241279
1	18	3.40825	3.58763	3.412	3.257	0.123643
1	19	3.58763	3.76701	2.361	2.38545	0.124176
1	20	3.76701	3.9464	1.512	2.22818	0.140915
1	21	3.9464	4.12578	0.754	1.55526	0.151668
1	22	4.12578	4.30516	0.867	0.935211	0.122145
1	23	4.30516	4.48454	1.5685	0.754895	0.105191
1	24	4.48454	4.66392	1.076	0.476053	0.0933739
1	25	4.66392	4.8433	0.431	0.340816	0.090096
1	26	4.8433	5.02269	0.372	0.252974	0.0722968
1	27	5.02269	5.20207	0.133	0.213395	0.0617172
1	28	5.20207	5.38145	0.6125	0.189605	0.0671468
1	29	5.38145	5.56083	0.2725	0.0859211	0.035023

1	0	0.179382	0.358763	0.275	0.37965	0.0472965
1	1	0.358763	0.538145	0.7715	0.8813	0.0764618
1	2	0.538145	0.717527	1.394	1.81807	0.171397
1	3	0.717527	0.896908	2.475	2.6763	0.181004
1	4	0.896908	1.07629	3.202	4.04225	0.255396
1	5	1.07629	1.25567	4.8055	4.84433	0.273683
1	6	1.25567	1.43505	7.4415	6.63995	0.330646
1	7	1.43505	1.61443	8.8485	6.9537	0.27566
1	8	1.61443	1.79382	8.4465	7.39042	0.253473
1	9	1.79382	1.9732	6.4185	8.5207	0.340662
1	10	1.9732	2.15258	5.86	8.35478	0.341108
1	11	2.15258	2.33196	6.803	7.81462	0.240913
1	12	2.33196	2.51134	9.3425	7.99692	0.350529
1	13	2.51134	2.69072	9.9	6.72285	0.318625
1	14	2.69072	2.87011	5.992	5.773	0.251383
1	15	2.87011	3.04949	5.8465	5.4229	0.219227
1	16	3.04949	3.22887	4.2315	4.71612	0.214521
1	17	3.22887	3.40825	3.7375	4.19327	0.230404
1	18	3.40825	3.58763	2.706	3.22945	0.120491
1	19	3.58763	3.76701	2.324	2.38237	0.118005
1	20	3.76701	3.9464	1.11	2.17227	0.144535
1	21	3.9464	4.12578	1.6425	1.55963	0.144147
1	22	4.12578	4.30516	1.867	0.9818	0.124607
1	23	4.30516	4.48454	0.731	0.7537	0.0999379
1	24	4.48454	4.66392	0.8025	0.492375	0.0901205
1	25	4.66392	4.8433	0.6775	0.35765	0.0871497
1	26	4.8433	5.02269	0.1175	0.2462	0.0689986
1	27	5.02269	5.20207	0.0925	0.20735	0.0589266
1	28	5.20207	5.38145	0.0515	0.1827	0.0641435
1	29	5.38145	5.56083	0.076	0.085425	0.0332754

1	0	0.179382	0.358763	0.0285	0.362929	0.047909
1	1	0.358763	0.538145	0.2585	0.851643	0.0783616
1	2	0.538145	0.717527	1.4025	1.79829	0.164374
1	3	0.717527	0.896908	1.844	2.63667	0.176671
1	4	0.896908	1.07629	4.169	4.04829	0.243305
1	5	1.07629	1.25567	5.6655	4.88343	0.263429
1	6	1.25567	1.43505	6.0215	6.6105	0.31621
1	7	1.43505	1.61443	6.6045	6.93707	0.263035
1	8	1.61443	1.79382	7.775	7.40874	0.242064
1	9	1.79382	1.9732	9.664	8.57514	0.328762
1	10	1.9732	2.15258	8.8625	8.37895	0.32572
1	11	2.15258	2.33196	5.766	7.71707	0.248408
1	12	2.33196	2.51134	8.7535	8.03295	0.335683
1	13	2.51134	2.69072	9.214	6.84148	0.324785
1	14	2.69072	2.87011	7.273	5.84443	0.249354
1	15	2.87011	3.04949	4.751	5.3909	0.211109
1	16	3.04949	3.22887	5.352	4.7464	0.206432
1	17	3.22887	3.40825	3.2865	4.1501	0.223442
1	18	3.40825	3.58763	2.4625	3.19293	0.120161
1	19	3.58763	3.76701	2.788	2.40169	0.113956
1	20	3.76701	3.9464	1.396	2.13531	0.142301
1	21	3.9464	4.12578	0.9665	1.53138	0.140023
1	22	4.12578	4.30516	0.205	0.94481	0.124042
1	23	4.30516	4.48454	0.2135	0.727976	0.0984339
1	24	4.48454	4.66392	1.035	0.518214	0.0894567
1	25	4.66392	4.8433	0.472	0.363095	0.0831697
1	26	4.8433	5.02269	1.244	0.293714	0.0804257
1	27	5.02269	5.20207	0.513	0.221905	0.0578901
1	28	5.20207	5.38145	0.0095	0.174452	0.061617
1	29	5.38145	5.56083	0.0035	0.0815238	0.0319187

1	0	0.179382	0.358763	0.5535	0.371591	0.0465079
1	1	0.358763	0.538145	1.688	0.889659	0.0835137
1	2	0.538145	0.717527	0.9285	1.75875	0.161587
1	3	0.717527	0.896908	1.582	2.58873	0.175024
1	4	0.896908	1.07629	2.586	3.98182	0.241154
1	5	1.07629	1.25567	6.1675	4.9418	0.25784
1	6	1.25567	1.43505	7.379	6.64543	0.30376
1	7	1.43505	1.61443	6.2985	6.90805	0.252675
1	8	1.61443	1.79382	9.272	7.49343	0.24543
1	9	1.79382	1.9732	8.3915	8.5668	0.313924
1	10	1.9732	2.15258	7.5785	8.34257	0.31294
1	11	2.15258	2.33196	7.3685	7.70123	0.237621
1	12	2.33196	2.51134	6.9565	7.98402	0.323971
1	13	2.51134	2.69072	7.879	6.88864	0.313427
1	14	2.69072	2.87011	5.8575	5.84502	0.238021
1	15	2.87011	3.04949	5.939	5.41582	0.202978
1	16	3.04949	3.22887	6.9315	4.84573	0.219647
1	17	3.22887	3.40825	4.088	4.14727	0.213304
1	18	3.40825	3.58763	2.449	3.15911	0.119362
1	19	3.58763	3.76701	2.8685	2.42291	0.110734
1	20	3.76701	3.9464	0.7705	2.07327	0.148742
1	21	3.9464	4.12578	0.5875	1.48848	0.140077
1	22	4.12578	4.30516	1.145	0.953909	0.118737
1	23	4.30516	4.48454	0.4895	0.717136	0.0945546
1	24	4.48454	4.66392	0.645	0.523977	0.0855759
1	25	4.66392	4.8433	0.329	0.361545	0.0794037
1	26	4.8433	5.02269	0.4175	0.299341	0.0769665
1	27	5.02269	5.20207	0.8105	0.248659	0.0611293
1	28	5.20207	5.38145	0.027	0.16775	0.0591797
1	29	5.38145	5.56083	0.016	0.0785455	0.0306065

1	0	0.179382	0.358763	0.2725	0.367283	0.0446849
1	1	0.358763	0.538145	0.981	0.89363	0.079977
1	2	0.538145	0.717527	2.6685	1.7983	0.159329
1	3	0.717527	0.896908	3.0065	2.60689	0.168354
1	4	0.896908	1.07629	2.756	3.92852	0.236485
1	5	1.07629	1.25567	5.4925	4.96574	0.247739
1	6	1.25567	1.43505	5.678	6.60337	0.293451
1	7	1.43505	1.61443	7.554	6.93613	0.243245
1	8	1.61443	1.79382	9.638	7.58667	0.251849
1	9	1.79382	1.9732	9.6455	8.6137	0.303758
1	10	1.9732	2.15258	6.652	8.26907	0.307845
1	11	2.15258	2.33196	7.747	7.70322	0.227298
1	12	2.33196	2.51134	8.8635	8.02226	0.312134
1	13	2.51134	2.69072	4.5705	6.78785	0.315589
1	14	2.69072	2.87011	5.915	5.84807	0.227691
1	15	2.87011	3.04949	5.0595	5.40033	0.194743
1	16	3.04949	3.22887	6.557	4.92013	0.222342
1	17	3.22887	3.40825	3.4775	4.11815	0.206008
1	18	3.40825	3.58763	1.6185	3.09213	0.131632
1	19	3.58763	3.76701	2.3415	2.41937	0.105976
1	20	3.76701	3.9464	1.367	2.04257	0.14541
1	21	3.9464	4.12578	1.634	1.4948	0.134129
1	22	4.12578	4.30516	0.5835	0.937804	0.114662
1	23	4.30516	4.48454	1.109	0.734174	0.0919657
1	24	4.48454	4.66392	0.8335	0.537435	0.0829066
1	25	4.66392	4.8433	0.2895	0.358413	0.0760131
1	26	4.8433	5.02269	0.969	0.328457	0.0789354
1	27	5.02269	5.20207	0.6835	0.267565	0.0613255
1	28	5.20207	5.38145	0.0285	0.161696	0.0569155
1	29	5.38145	5.56083	0	0.0751304	0.0294657

1	0	0.179382	0.358763	0.4985	0.37275	0.0431562
1	1	0.358763	0.538145	1.3005	0.910583	0.0784208
1	2	0.538145	0.717527	0.6695	1.75127	0.159482
1	3	0.717527	0.896908	3.426	2.64102	0.164762
1	4	0.896908	1.07629	4.2535	3.94206	0.227019
1	5	1.07629	1.25567	4.7255	4.95573	0.237619
1	6	1.25567	1.43505	5.53	6.55865	0.284611
1	7	1.43505	1.61443	5.2105	6.86423	0.243505
1	8	1.61443	1.79382	8.887	7.64085	0.247115
1	9	1.79382	1.9732	7.9875	8.5876	0.29222
1	10	1.9732	2.15258	10.367	8.35648	0.307179
1	11	2.15258	2.33196	7.3385	7.68802	0.218335
1	12	2.33196	2.51134	8.4735	8.04106	0.299694
1	13	2.51134	2.69072	7.1075	6.80117	0.302721
1	14	2.69072	2.87011	6.692	5.88323	0.220903
1	15	2.87011	3.04949	6.825	5.45969	0.195467
1	16	3.04949	3.22887	3.8655	4.87619	0.217376
1	17	3.22887	3.40825	4.4135	4.13046	0.197791
1	18	3.40825	3.58763	1.8095	3.03869	0.136566
1	19	3.58763	3.76701	2.4225	2.4195	0.10156
1	20	3.76701	3.9464	1.2875	2.0111	0.142714
1	21	3.9464	4.12578	0.905	1.47023	0.130773
1	22	4.12578	4.30516	1.065	0.943104	0.110006
1	23	4.30516	4.48454	0.4835	0.723729	0.088725
1	24	4.48454	4.66392	0.4035	0.531854	0.0796398
1	25	4.66392	4.8433	0.0525	0.345667	0.0739069
1	26	4.8433	5.02269	0.727	0.345062	0.0773734
1	27	5.02269	5.20207	0.482	0.2765	0.0594176
1	28	5.20207	5.38145	0.373	0.1705	0.0552208
1	29	5.38145	5.56083	0.265	0.0830417	0.0292807

1	0	0.179382	0.358763	0.4465	0.3757	0.0415307
1	1	0.358763	0.538145	1.145	0.91996	0.0758425
1	2	0.538145	0.717527	1.2945	1.733	0.154145
1	3	0.717527	0.896908	2.5895	2.63896	0.158185
1	4	0.896908	1.07629	3.0485	3.90632	0.220734
1	5	1.07629	1.25567	4.412	4.93398	0.229107
1	6	1.25567	1.43505	6.33	6.5495	0.273374
1	7	1.43505	1.61443	5.952	6.82774	0.236483
1	8	1.61443	1.79382	7.9975	7.65512	0.237642
1	9	1.79382	1.9732	7.879	8.55926	0.281903
1	10	1.9732	2.15258	9.905	8.41842	0.301072
1	11	2.15258	2.33196	8.4275	7.7176	0.211596
1	12	2.33196	2.51134	9.221	8.08826	0.291399
1	13	2.51134	2.69072	7.977	6.8482	0.294243
1	14	2.69072	2.87011	6.174	5.89486	0.212373
1	15	2.87011	3.04949	5.8825	5.4766	0.188379
1	16	3.04949	3.22887	5.502	4.90122	0.210118
1	17	3.22887	3.40825	2.767	4.07592	0.197255
1	18	3.40825	3.58763	2.597	3.02102	0.132242
1	19	3.58763	3.76701	1.642	2.3884	0.102149
1	20	3.76701	3.9464	1.8725	2.00556	0.137113
1	21	3.9464	4.12578	2.029	1.49258	0.127437
1	22	4.12578	4.30516	1.2155	0.954	0.106144
1	23	4.30516	4.48454	0.324	0.70774	0.0866047
1	24	4.48454	4.66392	0.0725	0.51348	0.0785452
1	25	4.66392	4.8433	0.121	0.33668	0.0714949
1	26	4.8433	5.02269	0.038	0.33278	0.075247
1	27	5.02269	5.20207	0.07	0.26824	0.0576122
1	28	5.20207	5.38145	0.1895	0.17126	0.0530172
1	29	5.38145	5.56083	0.6655	0.10634	0.0362111

1	0	0.179382	0.358763	0.3825	0.375962	0.0399342
1	1	0.358763	0.538145	0.829	0.916462	0.0730061
1	2	0.538145	0.717527	1.831	1.73677	0.148263
1	3	0.717527	0.896908	0.879	2.57127	0.165953
1	4	0.896908	1.07629	2.355	3.84665	0.220161
1	5	1.07629	1.25567	5.7825	4.96662	0.222607
1	6	1.25567	1.43505	4.653	6.47656	0.272417
1	7	1.43505	1.61443	7.6485	6.85931	0.229484
1	8	1.61443	1.79382	6.467	7.60942	0.232854
1	9	1.79382	1.9732	8.026	8.53875	0.271805
1	10	1.9732	2.15258	12.1735	8.56285	0.322277
1	11	2.15258	2.33196	10.8035	7.83629	0.234393
1	12	2.33196	2.51134	5.8985	8.00404	0.292109
1	13	2.51134	2.69072	7.1105	6.85829	0.283099
1	14	2.69072	2.87011	5.84	5.89275	0.204215
1	15	2.87011	3.04949	8.071	5.57638	0.205872
1	16	3.04949	3.22887	5.1275	4.90992	0.202216
1	17	3.22887	3.40825	3.88	4.06838	0.189813
1	18	3.40825	3.58763	1.78	2.97329	0.135496
1	19	3.58763	3.76701	2.803	2.40435	0.0994568
1	20	3.76701	3.9464	1.806	1.99788	0.132054
1	21	3.9464	4.12578	1.604	1.49687	0.122608
1	22	4.12578	4.30516	0.459	0.934962	0.103755
1	23	4.30516	4.48454	0.161	0.686712	0.0857887
1	24	4.48454	4.66392	0.036	0.495115	0.0776415
1	25	4.66392	4.8433	0.512	0.343423	0.0690623
1	26	4.8433	5.02269	0.0765	0.322923	0.0729957
1	27	5.02269	5.20207	0	0.257923	0.0563125
1	28	5.20207	5.38145	0.607	0.188019	0.0535615
1	29	5.38145	5.56083	0.211	0.110365	0.0350414

1	0	0.179382	0.358763	0.63	0.38537	0.039548
1	1	0.358763	0.538145	1.144	0.924889	0.0707869
1	2	0.538145	0.717527	1.913	1.7433	0.142915
1	3	0.717527	0.896908	1.351	2.52607	0.165847
1	4	0.896908	1.07629	2.1215	3.78276	0.221084
1	5	1.07629	1.25567	5.35	4.98081	0.214815
1	6	1.25567	1.43505	7.4275	6.51178	0.264595
1	7	1.43505	1.61443	7.666	6.88919	0.222921
1	8	1.61443	1.79382	6.7535	7.57772	0.226377
1	9	1.79382	1.9732	7.277	8.49202	0.265725
1	10	1.9732	2.15258	6.1675	8.47413	0.32232
1	11	2.15258	2.33196	9.66	7.90383	0.235243
1	12	2.33196	2.51134	8.7115	8.03024	0.282463
1	13	2.51134	2.69072	9.374	6.95146	0.287538
1	14	2.69072	2.87011	6.5625	5.91756	0.198152
1	15	2.87011	3.04949	5.8455	5.58635	0.198488
1	16	3.04949	3.22887	4.5695	4.89731	0.19512
1	17	3.22887	3.40825	4.331	4.07811	0.183031
1	18	3.40825	3.58763	1.683	2.9255	0.138649
1	19	3.58763	3.76701	1.4145	2.36769	0.102307
1	20	3.76701	3.9464	2.3535	2.01106	0.127819
1	21	3.9464	4.12578	2.4885	1.53359	0.123445
1	22	4.12578	4.30516	1.3655	0.950907	0.10113
1	23	4.30516	4.48454	0.2175	0.669333	0.0843531
1	24	4.48454	4.66392	0.5015	0.495352	0.0747662
1	25	4.66392	4.8433	0.335	0.343111	0.0665052
1	26	4.8433	5.02269	0.026	0.311926	0.0711157
1	27	5.02269	5.20207	0.266	0.258222	0.0542276
1	28	5.20207	5.38145	0.323	0.193019	0.0518105
1	29	5.38145	5.56083	0.061	0.108537	0.0337912

1	0	0.179382	0.358763	0.4825	0.388839	0.0382874
1	1	0.358763	0.538145	1.179	0.933964	0.0688381
1	2	0.538145	0.717527	2.959	1.78671	0.144256
1	3	0.717527	0.896908	2.8395	2.53727	0.160301
1	4	0.896908	1.07629	4.8455	3.82071	0.216422
1	5	1.07629	1.25567	5.737	5.00782	0.208834
1	6	1.25567	1.43505	6.4595	6.50991	0.255151
1	7	1.43505	1.61443	5.6285	6.84416	0.21946
1	8	1.61443	1.79382	6.0535	7.52329	0.224742
1	9	1.79382	1.9732	5.012	8.36773	0.283817
1	10	1.9732	2.15258	6.569	8.40609	0.317909
1	11	2.15258	2.33196	6.775	7.86352	0.23027
1	12	2.33196	2.51134	9.2985	8.07554	0.275983
1	13	2.51134	2.69072	7.421	6.96823	0.277758
1	14	2.69072	2.87011	7.698	5.98114	0.201019
1	15	2.87011	3.04949	5.3025	5.57621	0.191658
1	16	3.04949	3.22887	6.3525	4.94929	0.19495
1	17	3.22887	3.40825	5.545	4.1305	0.183839
1	18	3.40825	3.58763	3.0825	2.93111	0.133811
1	19	3.58763	3.76701	3.1465	2.3955	0.102365
1	20	3.76701	3.9464	2.256	2.0198	0.123553
1	21	3.9464	4.12578	0.6805	1.50313	0.122739
1	22	4.12578	4.30516	0.4305	0.932321	0.0992117
1	23	4.30516	4.48454	0.9845	0.680589	0.0820881
1	24	4.48454	4.66392	0.601	0.499125	0.0721912
1	25	4.66392	4.8433	0.3245	0.342446	0.0641333
1	26	4.8433	5.02269	0.1145	0.304875	0.0689245
1	27	5.02269	5.20207	0.0685	0.251446	0.0527125
1	28	5.20207	5.38145	0.1495	0.191464	0.0499834
1	29	5.38145	5.56083	0	0.104661	0.032806

1	0	0.179382	0.358763	0.2865	0.38531	0.0371294
1	1	0.358763	0.538145	0.51	0.919345	0.0679991
1	2	0.538145	0.717527	0.657	1.74776	0.144445
1	3	0.717527	0.896908	2.5305	2.53703	0.154773
1	4	0.896908	1.07629	5.3195	3.8724	0.215041
1	5	1.07629	1.25567	5.8755	5.03774	0.203765
1	6	1.25567	1.43505	5.633	6.47967	0.248138
1	7	1.43505	1.61443	8.4095	6.89814	0.218429
1	8	1.61443	1.79382	7.267	7.51445	0.217166
1	9	1.79382	1.9732	6.4025	8.29997	0.282004
1	10	1.9732	2.15258	7.2745	8.36707	0.309332
1	11	2.15258	2.33196	7.773	7.8604	0.222351
1	12	2.33196	2.51134	10.2435	8.15029	0.276406
1	13	2.51134	2.69072	7.516	6.98712	0.268821
1	14	2.69072	2.87011	5.847	5.97652	0.194141
1	15	2.87011	3.04949	4.2445	5.53029	0.190471
1	16	3.04949	3.22887	6.224	4.99324	0.193119
1	17	3.22887	3.40825	2.621	4.07845	0.184722
1	18	3.40825	3.58763	2.5025	2.91633	0.13001
1	19	3.58763	3.76701	3.3295	2.42771	0.103778
1	20	3.76701	3.9464	2.74	2.04464	0.121763
1	21	3.9464	4.12578	0.6005	1.472	0.122389
1	22	4.12578	4.30516	1.1205	0.93881	0.0960026
1	23	4.30516	4.48454	1.0595	0.693655	0.0802906
1	24	4.48454	4.66392	0.3745	0.494828	0.0698296
1	25	4.66392	4.8433	0.8715	0.36069	0.0644643
1	26	4.8433	5.02269	0.235	0.302466	0.0665899
1	27	5.02269	5.20207	0.48	0.259328	0.0514807
1	28	5.20207	5.38145	0.05	0.186586	0.0484973
1	29	5.38145	5.56083	0	0.101052	0.0318726

1	0	0.179382	0.358763	0.716	0.396333	0.0374923
1	1	0.358763	0.538145	1.7045	0.945517	0.0705896
1	2	0.538145	0.717527	3.1265	1.79372	0.14676
1	3	0.717527	0.896908	2.0425	2.52055	0.15049
1	4	0.896908	1.07629	3.7885	3.8696	0.207891
1	5	1.07629	1.25567	6.086	5.07268	0.199946
1	6	1.25567	1.43505	6.33	6.47468	0.239917
1	7	1.43505	1.61443	7.855	6.93003	0.213464
1	8	1.61443	1.79382	6.653	7.48573	0.211817
1	9	1.79382	1.9732	9.1325	8.32772	0.273966
1	10	1.9732	2.15258	6.199	8.2948	0.307347
1	11	2.15258	2.33196	5.371	7.77742	0.229902
1	12	2.33196	2.51134	6.867	8.10752	0.270482
1	13	2.51134	2.69072	5.956	6.95275	0.262048
1	14	2.69072	2.87011	7.9995	6.04395	0.199036
1	15	2.87011	3.04949	8.1025	5.61603	0.202503
1	16	3.04949	3.22887	3.9385	4.95808	0.189855
1	17	3.22887	3.40825	3.251	4.05087	0.180612
1	18	3.40825	3.58763	2.15	2.89078	0.128161
1	19	3.58763	3.76701	1.8965	2.41	0.101818
1	20	3.76701	3.9464	1.6605	2.03183	0.118375
1	21	3.9464	4.12578	2.589	1.50923	0.123844
1	22	4.12578	4.30516	0.905	0.937683	0.0928091
1	23	4.30516	4.48454	1.103	0.7073	0.0787651
1	24	4.48454	4.66392	1.127	0.5159	0.0706099
1	25	4.66392	4.8433	0.299	0.358633	0.0623483
1	26	4.8433	5.02269	0.2245	0.299867	0.0644209
1	27	5.02269	5.20207	0.7385	0.2753	0.0521837
1	28	5.20207	5.38145	0.126	0.184567	0.0469228
1	29	5.38145	5.56083	0	0.0976833	0.0309877

