Step	acc_rate
0	0.666667
1	0.657407
2	0.641975
3	0.655093
4	0.653704
5	0.640432
6	0.637566
7	0.635417
8	0.62037
9	0.619444
10	0.619529
11	0.617284
12	0.608974
13	0.607804
14	0.601235
15	0.597801
16	0.600763
17	0.59928
18	0.599415
19	0.597685
20	0.594356
21	0.588805
22	0.586554
23	0.585262
24	0.582222
25	0.581909
26	0.578189
27	0.577712
28	0.576628
29	0.57716
30	0.574671
31	0.572338
32	0.571829
33	0.570534
34	0.57037
35	0.567387
36	0.566567
37	0.567982
38	0.567664
39	0.568519
40	0.56888
41	0.568563
42	0.569121
43	0.568182
44	0.566872
45	0.564211
46	0.56383
47	0.563272
48	0.564059
49	0.563333
50	0.563544
51	0.562678
52	0.562893
53	0.562243
54	0.562121
55	0.562665
56	0.562378
57	0.562899
58	0.56199
59	0.56142
60	0.562083
61	0.560932
62	0.560847
63	0.559317
64	0.559259
65	0.55752
66	0.55832
67	0.558415
68	0.557703
69	0.556746
70	0.556468
71	0.555813
72	0.555429
73	0.55493
74	0.553951
75	0.553484
76	0.55303
77	0.553656
78	0.553211
79	0.552662
80	0.551783
81	0.551265
82	0.551093
83	0.551036
84	0.551198
85	0.550495
86	0.549915
87	0.55061
88	0.55025
89	0.550514
90	0.550265
91	0.549416
92	0.549184
93	0.548759
94	0.548148
95	0.547454
96	0.547251
97	0.545918
98	0.546109
99	0.545926
100	0.545471
101	0.546115
102	0.546386
103	0.54692
104	0.546208
105	0.546384
106	0.545604
107	0.544839
108	0.544512
109	0.544024
110	0.543377
111	0.542493
112	0.542363
113	0.542235
114	0.542029
115	0.542066
116	0.541706
117	0.542137
118	0.542095
119	0.542052
120	0.542088
121	0.542577
122	0.542081
123	0.542413
124	0.542296
125	0.542549
126	0.542797
127	0.542824
128	0.542205
129	0.541595
130	0.540783
131	0.540194
132	0.540031
133	0.539939
134	0.539918
135	0.540169
136	0.540281
137	0.53952
138	0.539901
139	0.540079
140	0.539729
141	0.53958
142	0.539951
143	0.539673
144	0.539719
145	0.539257
146	0.538864
147	0.538476
148	0.538031
149	0.537716
150	0.538018
151	0.538073
152	0.537703
153	0.537217
154	0.536858
155	0.536859
156	0.536742
157	0.536861
158	0.536629
159	0.536516
160	0.536002
161	0.535951
162	0.535844
163	0.536303
164	0.536027
165	0.535921
166	0.53554
167	0.535604
168	0.535613
169	0.53573
170	0.5359
171	0.535314
172	0.535057
173	0.535281
174	0.535344
175	0.535406
176	0.535154
177	0.535216
178	0.535071
179	0.534825
180	0.534991
181	0.534799
182	0.53476
183	0.534571
184	0.534484
185	0.534349
186	0.533621
187	0.533343
188	0.533706
189	0.533382
190	0.533498
191	0.532841
192	0.532911
193	0.532646
194	0.532431
195	0.532029
196	0.531867
197	0.531566
198	0.5315
199	0.531296
200	0.530956
201	0.530803
202	0.529967
203	0.529684
204	0.529539
205	0.529486
206	0.529612
207	0.52898
208	0.528708
209	0.528527
210	0.528348
211	0.528302
212	0.528039
213	0.528167
214	0.528381
215	0.528421
216	0.528418
217	0.527905
218	0.527566
219	0.527189
220	0.527066
221	0.52686
222	0.526491
223	0.526414
224	0.526091
225	0.525975
226	0.525657
227	0.52526
228	0.524907
229	0.524477
230	0.524291
231	0.524306
232	0.52432
233	0.524414
234	0.524113
235	0.524051
236	0.523832
237	0.52381
238	0.5234
239	0.523495
240	0.523321
241	0.523263
242	0.5229
243	0.522731
244	0.522676
245	0.522245
246	0.522042
247	0.521505
248	0.521233
249	0.520704
250	0.520474
251	0.520245
252	0.520092
253	0.51994
254	0.520044
255	0.519784
256	0.519383
257	0.519308
258	0.519126
259	0.519088
260	0.518802
261	0.518589
262	0.518554
263	0.518589
264	0.518868
265	0.518588
266	0.518761
267	0.518553
268	0.518346
269	0.518416
270	0.518314
271	0.518416
272	0.518485
273	0.518282
274	0.518316
275	0.518217
276	0.518218
277	0.517952
278	0.518054
279	0.518122
280	0.518222
281	0.518223
282	0.518159
283	0.517834
284	0.517836
285	0.517677
286	0.517647
287	0.517715
288	0.517878
289	0.518423
290	0.518455
291	0.51855
292	0.518424
293	0.518424
294	0.518299
295	0.518456
296	0.518238
297	0.518208
298	0.518085
299	0.517994
300	0.517965
301	0.517967
302	0.517938
303	0.517818
304	0.517851
305	0.517853
306	0.517734
307	0.517797
308	0.51765
309	0.517473
310	0.517506
311	0.517331
312	0.517276
313	0.516956
314	0.516814
315	0.51676
316	0.51662
317	0.516539
318	0.5164
319	0.516493
320	0.516499
321	0.516563
322	0.51677
323	0.516804
324	0.516952
325	0.516786
326	0.516706
327	0.516881
328	0.516886
329	0.516807
330	0.516476
331	0.516622
332	0.516628
333	0.516633
334	0.516639
335	0.516479
336	0.516623
337	0.516464
338	0.516415
339	0.516476
340	0.516238
341	0.516163
342	0.516062
343	0.515746
344	0.515808
345	0.515628
346	0.515663
347	0.515618
348	0.515839
349	0.515794
350	0.515854
351	0.515783
352	0.515817
353	0.515615
354	0.515519
355	0.515397
356	0.515406
357	0.515311
358	0.51532
359	0.515226
360	0.514799
361	0.514503
362	0.514335
363	0.514321
364	0.514105
365	0.51399
366	0.513927
367	0.513839
368	0.513726
369	0.513764
370	0.513752
371	0.513665
372	0.513628
373	0.513518
374	0.513185
375	0.513224
376	0.51314
377	0.513105
378	0.51329
379	0.513328
380	0.513464
381	0.513453
382	0.513272
383	0.513069
384	0.512843
385	0.512666
386	0.512633
387	0.512743
388	0.512711
389	0.512631
390	0.512575
391	0.512377
392	0.512369
393	0.512314
394	0.512447
395	0.512299
396	0.512385
397	0.512516
398	0.512531
399	0.5125
400	0.512584
401	0.512622
402	0.51266
403	0.512651
404	0.512551
405	0.512589
406	0.512581
407	0.512187
408	0.512315
409	0.512195
410	0.512143
411	0.511956
412	0.51186
413	0.511787
414	0.511892
415	0.51173
416	0.511813
417	0.511762
418	0.511558
419	0.51164
420	0.511481
421	0.511388
422	0.511229
423	0.511137
424	0.511089
425	0.511042
426	0.510929
427	0.510882
428	0.510684
429	0.510659
430	0.510763
431	0.510845
432	0.510884
433	0.510838
434	0.510771
435	0.51064
436	0.510531
437	0.510528
438	0.510693
439	0.510627
440	0.51054
441	0.510411
442	0.510263
443	0.510302
444	0.510362
445	0.510463
446	0.510461
447	0.510313
448	0.51029
449	0.51035
450	0.510347
451	0.510406
452	0.510465
453	0.510299
454	0.510175
455	0.510234
456	0.510232
457	0.510311
458	0.510086
459	0.510125
460	0.510183
461	0.510081
462	0.510059
463	0.509918
464	0.509936
465	0.509975
466	0.509973
467	0.509793
468	0.509713
469	0.509653
470	0.509574
471	0.509455
472	0.509298
473	0.509162
474	0.509006
475	0.508948
476	0.509085
477	0.509201
478	0.509124
479	0.508931
480	0.50899
481	0.509182
482	0.509125
483	0.508972
484	0.509068
485	0.508993
486	0.508993
487	0.508899
488	0.508767
489	0.508711
490	0.508656
491	0.508506
492	0.508546
493	0.508641
494	0.508548
495	0.508513
496	0.508607
497	0.508534
498	0.50848
499	0.508519
500	0.508465
501	0.508374
502	0.508357
503	0.508451
504	0.508361
505	0.508308
506	0.508182
507	0.507947
508	0.50795
509	0.507952
510	0.507773
511	0.507776
512	0.507653
513	0.507656
514	0.507587
515	0.507537
516	0.507486
517	0.507615
518	0.507761
519	0.507585
520	0.507624
521	0.507698
522	0.507648
523	0.507687
524	0.507619
525	0.507622
526	0.507485
527	0.507365
528	0.507351
529	0.50711
530	0.506992
531	0.506857
532	0.506984
533	0.50678
534	0.506871
535	0.506806
536	0.506759
537	0.506815
538	0.50682
539	0.506602
540	0.506487
541	0.506594
542	0.506701
543	0.506723
544	0.506626
545	0.506648
546	0.506686
547	0.506725
548	0.506696
549	0.506751
550	0.506789
551	0.506626
552	0.50658
553	0.506635
554	0.506523
555	0.506362
556	0.506317
557	0.506306
558	0.506096
559	0.506002
560	0.505958
561	0.506014
562	0.505921
563	0.505894
564	0.505818
565	0.505758
566	0.505748
567	0.505754
568	0.505744
569	0.505815
570	0.505643
571	0.505828
572	0.505704
573	0.505694
574	0.505733
575	0.505739
576	0.505713
577	0.505719
578	0.505629
579	0.50546
580	0.505371
581	0.50525
582	0.505225
583	0.505375
584	0.505255
585	0.505198
586	0.505221
587	0.505228
588	0.505172
589	0.505195
590	0.505248
591	0.50513
592	0.505106
593	0.505222
594	0.50526
595	0.505173
596	0.505041
597	0.505172
598	0.505209
599	0.505123
600	0.505223
601	0.505322
602	0.505359
603	0.505427
604	0.505341
605	0.505317
606	0.505446
607	0.505315
608	0.505397
609	0.505434
610	0.50538
611	0.505416
612	0.505453
613	0.505459
614	0.505495
615	0.505381
616	0.505402
617	0.505349
618	0.505355
619	0.505361
620	0.505398
621	0.505404
622	0.505484
623	0.505579
624	0.5056
625	0.505488
626	0.505538
627	0.505455
628	0.505432
629	0.505364
630	0.505327
631	0.505304
632	0.505354
633	0.505374
634	0.50541
635	0.505358
636	0.505465
637	0.505573
638	0.505521
639	0.505671
640	0.505706
641	0.505711
642	0.50563
643	0.50555
644	0.505599
645	0.505533
646	0.505495
647	0.50543
648	0.505407
649	0.505399
650	0.505462
651	0.505581
652	0.505672
653	0.505677
654	0.505725
655	0.505759
656	0.505806
657	0.505826
658	0.505887
659	0.506004
660	0.505967
661	0.505888
662	0.50588
663	0.505885
664	0.505778
665	0.50577
666	0.505775
667	0.505836
668	0.505799
669	0.505735
670	0.505865
671	0.505911
672	0.505833
673	0.505756
674	0.505665
675	0.505753
676	0.505854
677	0.505845
678	0.505823
679	0.505882
680	0.505806
681	0.505811
682	0.505829
683	0.505916
684	0.505907
685	0.505925
686	0.505957
687	0.505854
688	0.505711
689	0.505663
690	0.505695
691	0.505633
692	0.505772
693	0.505924
694	0.505902
695	0.505907
696	0.505739
697	0.505704
698	0.505683
699	0.505807
700	0.505772
701	0.505751
702	0.505703
703	0.505748
704	0.505844
705	0.505784
706	0.50592
707	0.50582
708	0.505759
709	0.505751
710	0.505704
711	0.505722
712	0.505688
713	0.505615
714	0.505465
715	0.505393
716	0.505398
717	0.505352
718	0.505435
719	0.50535
720	0.50533
721	0.505271
722	0.505212
723	0.505231
724	0.505223
725	0.50528
726	0.50526
727	0.505113
728	0.505131
729	0.505175
730	0.505029
731	0.50487
732	0.504926
733	0.504895
734	0.505001
735	0.505171
736	0.505214
737	0.505207
738	0.505275
739	0.50533
740	0.505286
741	0.505241
742	0.505246
743	0.505252
744	0.505245
745	0.505151
746	0.505194
747	0.505211
748	0.505192
749	0.505259
750	0.505277
751	0.505196
752	0.505177
753	0.505256
754	0.505261
755	0.505279
756	0.505419
757	0.505399
758	0.505368
759	0.505385
760	0.505451
761	0.505456
762	0.505255
763	0.505248
764	0.505301
765	0.505307
766	0.5053
767	0.505293
768	0.505286
769	0.505231
770	0.505176
771	0.505109
772	0.505043
773	0.505024
774	0.504958
775	0.505023
776	0.504957
777	0.50501
778	0.505063
779	0.504998
780	0.504979
781	0.505068
782	0.505144
783	0.505208
784	0.505166
785	0.505301
786	0.505294
787	0.505346
788	0.505328
789	0.505415
790	0.505431
791	0.505425
792	0.505359
793	0.505528
794	0.505567
795	0.50563
796	0.505611
797	0.505755
798	0.505841
799	0.505914
800	0.505861
801	0.505888
802	0.505858
803	0.505885
804	0.505889
805	0.505882
806	0.505875
807	0.505879
808	0.50594
809	0.505898
810	0.505903
811	0.505873
812	0.505934
813	0.505926
814	0.506033
815	0.50598
816	0.505995
817	0.506045
818	0.506026
819	0.506075
820	0.506034
821	0.506004
822	0.505907
823	0.506001
824	0.505859
825	0.505908
826	0.5059
827	0.50586
828	0.505897
829	0.505846
830	0.505794
831	0.505798
832	0.505758
833	0.505773
834	0.505822
835	0.505748
836	0.505819
837	0.505823
838	0.50575
839	0.505721
840	0.505747
841	0.505773
842	0.505766
843	0.505793
844	0.505786
845	0.505779
846	0.505761
847	0.505798
848	0.505791
849	0.505806
850	0.505778
851	0.505706
852	0.505699
853	0.50566
854	0.505642
855	0.505571
856	0.505553
857	0.505547
858	0.505476
859	0.505577
860	0.505635
861	0.505639
862	0.505654
863	0.505658
864	0.505738
865	0.505742
866	0.505778
867	0.505771
868	0.505924
869	0.505939
870	0.505943
871	0.505883
872	0.505823
873	0.505848
874	0.505799
875	0.505898
876	0.505891
877	0.505916
878	0.505846
879	0.505892
880	0.505907
881	0.505847
882	0.50582
883	0.505845
884	0.505922
885	0.505988
886	0.506086
887	0.506037
888	0.50603
889	0.506045
890	0.506059
891	0.50601
892	0.506014
893	0.505997
894	0.506021
895	0.506066
896	0.50608
897	0.506114
898	0.506046
899	0.506091
900	0.506012
901	0.506026
902	0.506009
903	0.506125
904	0.50619
905	0.506214
906	0.506258
907	0.506231
908	0.506244
909	0.506176
910	0.506139
911	0.506041
912	0.505943
913	0.505876
914	0.505879
915	0.505812
916	0.505877
917	0.505951
918	0.505864
919	0.505978
920	0.506032
921	0.506005
922	0.506049
923	0.505942
924	0.505986
925	0.50599
926	0.505933
927	0.505957
928	0.50597
929	0.505824
930	0.505808
931	0.505792
932	0.505855
933	0.505839
934	0.505853
935	0.505817
936	0.50585
937	0.505765
938	0.505729
939	0.505812
940	0.505796
941	0.50575
942	0.505754
943	0.505738
944	0.505752
945	0.505882
946	0.505798
947	0.505811
948	0.505815
949	0.50577
950	0.505725
951	0.505729
952	0.505635
953	0.505678
954	0.505691
955	0.505579
956	0.505457
957	0.505432
958	0.50532
959	0.505218
960	0.505261
961	0.505188
962	0.505173
963	0.505091
964	0.505076
965	0.505109
966	0.505113
967	0.505156
968	0.505112
969	0.505116
970	0.505102
971	0.504963
972	0.504872
973	0.504905
974	0.504948
975	0.504838
976	0.504795
977	0.504696
978	0.504606
979	0.504554
980	0.504549
981	0.50463
982	0.504597
983	0.504536
984	0.504465
985	0.504414
986	0.504306
987	0.504245
988	0.504269
989	0.504171
990	0.504139
991	0.504144
992	0.504121
993	0.504127
994	0.504057
995	0.50409
996	0.504086
997	0.504147
998	0.504115
999	0.50413
1000	0.50407
1001	0.504029
1002	0.504016
1003	0.503947
1004	0.503962
1005	0.50381
1006	0.503706
1007	0.50361
1008	0.503606
1009	0.503557
1010	0.503489
1011	0.503413
1012	0.503391
1013	0.503397
1014	0.503384
1015	0.503418
1016	0.503296
1017	0.503274
1018	0.503226
1019	0.503232
1020	0.503156
1021	0.503135
1022	0.503095
1023	0.503047
1024	0.503135
1025	0.50305
1026	0.502894
1027	0.502774
1028	0.502735
1029	0.50267
1030	0.50256
1031	0.502539
1032	0.502519
1033	0.502436
1034	0.502442
1035	0.502458
1036	0.502438
1037	0.502408
1038	0.502353
1039	0.502315
1040	0.50233
1041	0.502301
1042	0.502255
1043	0.502306
1044	0.502242
1045	0.502266
1046	0.50229
1047	0.502271
1048	0.502242
1049	0.502205
1050	0.502185
1051	0.502121
1052	0.502058
1053	0.502091
1054	0.502124
1055	0.502131
1056	0.502076
1057	0.501987
1058	0.501985
1059	0.502
1060	0.501972
1061	0.501997
1062	0.501986
1063	0.501984
1064	0.501956
1065	0.501972
1066	0.502048
1067	0.502011
1068	0.502087
1069	0.502111
1070	0.502075
1071	0.502038
1072	0.501976
1073	0.501957
1074	0.501921
1075	0.501945
1076	0.5019
1077	0.501872
1078	0.501862
1079	0.501886
1080	0.501867
1081	0.501771
1082	0.501718
1083	0.501657
1084	0.501681
1085	0.501782
1086	0.501755
1087	0.501745
1088	0.501726
1089	0.501792
1090	0.501782
1091	0.501781
1092	0.501737
1093	0.501701
1094	0.501598
1095	0.501521
1096	0.501519
1097	0.501526
1098	0.501559
1099	0.501566
1100	0.501674
1101	0.501672
1102	0.501603
1103	0.501644
1104	0.501676
1105	0.501616
1106	0.501614
1107	0.501613
1108	0.50157
1109	0.50161
1110	0.50155
1111	0.50159
1112	0.50168
1113	0.501687
1114	0.501744
1115	0.5018
1116	0.501857
1117	0.50183
1118	0.501796
1119	0.50172
1120	0.501718
1121	0.501684
1122	0.501649
1123	0.501713
1124	0.501761
1125	0.501793
1126	0.501734
1127	0.501765
1128	0.501755
1129	0.501803
1130	0.501703
1131	0.501701
1132	0.501692
1133	0.501764
1134	0.501803
1135	0.501801
1136	0.501832
1137	0.501839
1138	0.501797
1139	0.501803
1140	0.501834
1141	0.501832
1142	0.501831
1143	0.501878
1144	0.501908
1145	0.501971
1146	0.501881
1147	0.501855
1148	0.501845
1149	0.50182
1150	0.501778
1151	0.501728
1152	0.501662
1153	0.501637
1154	0.501619
1155	0.501594
1156	0.501521
1157	0.501511
1158	0.501494
1159	0.501477
1160	0.501555
1161	0.50153
1162	0.5016
1163	0.501623
1164	0.501574
1165	0.501596
1166	0.501571
1167	0.501498
1168	0.501537
1169	0.501425
1170	0.501423
1171	0.501477
1172	0.50146
1173	0.501506
1174	0.501481
1175	0.50148
1176	0.501487
1177	0.501509
1178	0.501508
1179	0.501467
1180	0.501411
1181	0.501457
1182	0.501479
1183	0.501486
1184	0.501485
1185	0.501499
1186	0.501428
1187	0.501411
1188	0.50141
1189	0.501486
1190	0.501555
1191	0.501445
1192	0.501405
1193	0.501365
1194	0.501286
1195	0.501301
1196	0.501284
1197	0.50126
1198	0.501251
1199	0.501235
1200	0.501234
1201	0.501194
1202	0.501131
1203	0.5011
1204	0.501099
1205	0.501075
1206	0.501089
1207	0.501088
1208	0.501072
1209	0.501079
1210	0.501025
1211	0.501016
1212	0.500939
1213	0.500961
1214	0.500968
1215	0.500944
1216	0.500936
1217	0.500935
1218	0.500957
1219	0.500956
1220	0.500925
1221	0.500894
1222	0.500848
1223	0.50087
1224	0.500831
1225	0.500869
1226	0.500921
1227	0.500875
1228	0.500806
1229	0.500821
1230	0.500888
1231	0.500849
1232	0.500811
1233	0.500855
1234	0.500885
1235	0.500869
1236	0.500831
1237	0.50083
1238	0.500852
1239	0.500829
1240	0.500776
1241	0.500708
1242	0.500685
1243	0.500662
1244	0.500677
1245	0.500661
1246	0.500743
1247	0.500697
1248	0.500712
1249	0.500652
1250	0.500725
1251	0.50074
1252	0.500724
1253	0.500709
1254	0.500753
1255	0.500715
1256	0.500722
1257	0.500662
1258	0.500684
1259	0.500669
1260	0.500661
1261	0.500646
1262	0.500652
1263	0.500659
1264	0.500703
1265	0.500731
1266	0.500716
1267	0.500767
1268	0.500839
1269	0.500838
1270	0.500845
1271	0.500852
1272	0.500873
1273	0.500916
1274	0.500871
1275	0.500834
1276	0.500819
1277	0.500826
1278	0.500804
1279	0.500803
1280	0.500766
1281	0.500693
1282	0.500693
1283	0.500671
1284	0.500721
1285	0.500756
1286	0.500748
1287	0.500748
1288	0.500797
1289	0.500818
1290	0.50081
1291	0.500752
1292	0.500759
1293	0.500723
1294	0.500679
1295	0.500643
1296	0.500643
1297	0.500656
1298	0.500684
1299	0.500662
1300	0.500648
1301	0.50069
1302	0.500618
1303	0.500554
1304	0.500553
1305	0.500489
1306	0.500531
1307	0.500531
1308	0.500509
1309	0.500587
1310	0.500586
1311	0.50055
1312	0.500543
1313	0.500521
1314	0.500528
1315	0.500584
1316	0.500598
1317	0.500541
1318	0.500562
1319	0.500533
1320	0.500554
1321	0.500623
1322	0.500574
1323	0.500573
1324	0.500594
1325	0.500608
1326	0.500635
1327	0.500641
1328	0.500697
1329	0.500661
1330	0.50073
1331	0.500737
1332	0.500695
1333	0.500611
1334	0.500624
1335	0.500645
1336	0.500686
1337	0.500699
1338	0.500657
1339	0.500691
1340	0.500649
1341	0.500711
1342	0.500669
1343	0.500668
1344	0.500654
1345	0.500702
1346	0.500632
1347	0.500604
1348	0.500577
1349	0.500528
1350	0.500521
1351	0.500507
1352	0.500595
1353	0.500609
1354	0.500615
1355	0.500594
1356	0.500641
1357	0.500607
1358	0.500552
1359	0.500517
1360	0.500476
1361	0.500449
1362	0.500455
1363	0.500475
1364	0.500448
1365	0.500488
1366	0.500461
1367	0.500467
1368	0.500467
1369	0.50046
1370	0.500432
1371	0.500412
1372	0.50033
1373	0.500317
1374	0.50033
1375	0.500336
1376	0.500356
1377	0.500349
1378	0.500329
1379	0.500356
1380	0.500322
1381	0.500322
1382	0.500254
1383	0.500301
1384	0.500308
1385	0.500281
1386	0.500327
1387	0.500367
1388	0.500273
1389	0.500233
1390	0.50026
1391	0.500253
1392	0.500246
1393	0.500246
1394	0.500259
1395	0.500172
1396	0.500192
1397	0.500205
1398	0.500192
1399	0.500179
1400	0.500139
1401	0.500092
1402	0.500099
1403	0.500066
1404	0.500125
1405	0.500125
1406	0.500125
1407	0.500158
1408	0.500145
1409	0.500112
1410	0.500184
1411	0.50021
1412	0.50021
1413	0.500249
1414	0.500262
1415	0.500222
1416	0.500209
1417	0.500111
1418	0.500137
1419	0.500098
1420	0.500046
1421	0.499987
1422	0.499935
1423	0.499857
1424	0.499909
1425	0.499935
1426	0.499883
1427	0.499864
1428	0.499799
1429	0.49976
1430	0.499741
1431	0.499722
1432	0.499748
1433	0.499748
1434	0.499742
1435	0.499749
1436	0.499736
1437	0.499742
1438	0.49973
1439	0.499698
1440	0.499659
1441	0.499698
1442	0.499686
1443	0.499647
1444	0.499686
1445	0.499673
1446	0.499642
1447	0.499648
1448	0.499636
1449	0.499662
1450	0.499643
1451	0.499688
1452	0.499675
1453	0.499656
1454	0.499612
1455	0.499606
1456	0.499619
1457	0.499619
1458	0.499594
1459	0.499575
1460	0.499607
1461	0.499576
1462	0.499601
1463	0.499576
1464	0.499595
1465	0.499589
1466	0.499653
1467	0.499577
1468	0.49959
1469	0.499578
1470	0.499522
1471	0.499547
1472	0.499591
1473	0.499573
1474	0.499592
1475	0.499567
1476	0.499561
1477	0.499543
1478	0.499562
1479	0.499556
1480	0.499506
1481	0.499438
1482	0.499407
1483	0.499438
1484	0.499414
1485	0.499389
1486	0.49939
1487	0.499396
1488	0.499372
1489	0.499385
1490	0.499354
1491	0.499324
1492	0.499336
1493	0.499337
1494	0.499306
1495	0.499288
1496	0.499289
1497	0.499277
1498	0.499271
1499	0.499259
1500	0.499321
1501	0.499384
1502	0.499365
1503	0.499366
1504	0.499409
1505	0.499477
1506	0.499533
1507	0.499497
1508	0.499485
1509	0.499454
1510	0.499485
1511	0.499498
1512	0.499492
1513	0.499492
1514	0.499511
1515	0.499536
1516	0.499512
1517	0.49953
1518	0.499512
1519	0.499464
1520	0.499476
1521	0.499471
1522	0.499501
1523	0.49949
1524	0.49949
1525	0.499515
1526	0.499515
1527	0.499491
1528	0.499467
1529	0.499498
1530	0.499468
1531	0.499444
1532	0.499487
1533	0.499481
1534	0.499427
1535	0.499367
1536	0.499373
1537	0.49932
1538	0.499368
1539	0.499321
1540	0.499303
1541	0.499285
1542	0.49931
1543	0.499346
1544	0.499341
1545	0.499377
1546	0.499378
1547	0.499402
1548	0.499354
1549	0.499331
1550	0.499302
1551	0.499362
1552	0.499362
1553	0.499321
1554	0.499291
1555	0.499286
1556	0.499292
1557	0.499322
1558	0.499246
1559	0.499246
1560	0.499247
1561	0.499188
1562	0.499147
1563	0.499165
1564	0.499184
1565	0.499172
1566	0.499208
1567	0.49915
1568	0.499127
1569	0.499151
1570	0.499116
1571	0.499081
1572	0.499041
1573	0.499023
1574	0.499018
1575	0.498984
1576	0.498902
1577	0.49885
1578	0.498862
1579	0.498828
1580	0.498823
1581	0.498859
1582	0.498848
1583	0.498866
1584	0.498861
1585	0.498809
1586	0.498821
1587	0.498811
1588	0.498829
1589	0.498777
1590	0.49876
1591	0.498738
1592	0.498779
1593	0.498745
1594	0.498752
1595	0.498735
1596	0.498695
1597	0.498719
1598	0.498726
1599	0.49875
1600	0.498762
1601	0.498815
1602	0.498741
1603	0.498713
1604	0.498673
1605	0.49868
1606	0.498709
1607	0.498785
1608	0.498803
1609	0.498775
1610	0.498873
1611	0.498868
1612	0.498909
1613	0.498939
1614	0.498962
1615	0.498951
1616	0.49886
1617	0.498827
1618	0.498816
1619	0.498823
1620	0.498823
1621	0.498858
1622	0.498888
1623	0.498911
1624	0.498929
1625	0.498929
1626	0.498919
1627	0.498931
1628	0.498948
1629	0.498972
1630	0.499012
1631	0.498996
1632	0.498974
1633	0.498986
1634	0.498952
1635	0.498942
1636	0.498903
1637	0.498864
1638	0.49891
1639	0.498871
1640	0.498855
1641	0.498855
1642	0.498862
1643	0.498885
1644	0.49884
1645	0.498791
1646	0.498808
1647	0.498736
1648	0.498709
1649	0.498749
1650	0.498744
1651	0.4987
1652	0.498745
1653	0.498696
1654	0.498646
1655	0.498636
1656	0.498614
1657	0.498637
1658	0.498655
1659	0.498645
1660	0.498601
1661	0.498607
1662	0.498625
1663	0.498581
1664	0.498604
1665	0.498588
1666	0.498595
1667	0.498601
1668	0.498613
1669	0.498603
1670	0.498609
1671	0.498604
1672	0.498683
1673	0.498661
1674	0.498668
1675	0.498646
1676	0.49862
1677	0.498615
1678	0.498572
1679	0.498567
1680	0.498579
1681	0.498569
1682	0.498509
1683	0.498499
1684	0.498511
1685	0.498539
1686	0.498567
1687	0.498596
1688	0.498591
1689	0.498592
1690	0.498604
1691	0.498626
1692	0.498622
1693	0.498617
1694	0.498602
1695	0.498635
1696	0.49863
1697	0.498631
1698	0.498648
1699	0.498676
1700	0.498661
1701	0.4987
1702	0.498684
1703	0.49869
1704	0.49874
1705	0.49873
1706	0.49872
1707	0.498731
1708	0.498786
1709	0.498782
1710	0.49888
1711	0.498935
1712	0.498989
1713	0.499022
1714	0.499044
1715	0.499023
1716	0.498981
1717	0.498998
1718	0.499014
1719	0.498983
1720	0.498929
1721	0.498978
1722	0.498936
1723	0.498937
1724	0.498991
1725	0.498986
1726	0.498976
1727	0.498987
1728	0.498999
1729	0.499004
1730	0.499
1731	0.499032
1732	0.499022
1733	0.499044
1734	0.499055
1735	0.499029
1736	0.499062
1737	0.499073
1738	0.49902
1739	0.499016
1740	0.49899
1741	0.498995
1742	0.49898
1743	0.498981
1744	0.498971
1745	0.498966
1746	0.498993
1747	0.498956
1748	0.498936
1749	0.498894
1750	0.498948
1751	0.498948
1752	0.498907
1753	0.498902
1754	0.498908
1755	0.498877
1756	0.498909
1757	0.498878
1758	0.498916
1759	0.498922
1760	0.498948
1761	0.498938
1762	0.498918
1763	0.498934
1764	0.498972
1765	0.498936
1766	0.498952
1767	0.498968
1768	0.498985
1769	0.499006
1770	0.498991
1771	0.499033
1772	0.499013
1773	0.498998
1774	0.499004
1775	0.499041
1776	0.499114
1777	0.499115
1778	0.499146
1779	0.499131
1780	0.499095
1781	0.499054
1782	0.499055
1783	0.499066
1784	0.499046
1785	0.499067
1786	0.499088
1787	0.499052
1788	0.499063
1789	0.499064
1790	0.499023
1791	0.498987
1792	0.498993
1793	0.498978
1794	0.49902
1795	0.49901
1796	0.498995
1797	0.499027
1798	0.498986
1799	0.499012
1800	0.499023
1801	0.499029
1802	0.499009
1803	0.498999
1804	0.499
1805	0.49898
1806	0.498985
1807	0.498966
1808	0.498987
1809	0.498987
1810	0.499029
1811	0.499075
1812	0.49906
1813	0.499015
1814	0.498985
1815	0.49898
1816	0.49895
1817	0.49893
1818	0.498941
1819	0.498921
1820	0.498912
1821	0.498907
1822	0.498903
1823	0.498924
1824	0.49896
1825	0.498945
1826	0.498951
1827	0.498946
1828	0.498957
1829	0.498922
1830	0.498913
1831	0.498949
1832	0.498959
1833	0.498915
1834	0.49888
1835	0.498855
1836	0.498846
1837	0.498861
1838	0.498837
1839	0.498833
1840	0.498843
1841	0.498763
1842	0.498784
1843	0.498805
1844	0.498831
1845	0.498811
1846	0.498867
1847	0.498858
1848	0.498858
1849	0.498839
1850	0.498819
1851	0.498835
1852	0.498826
1853	0.498856
1854	0.498852
1855	0.498843
1856	0.498858
1857	0.498884
1858	0.498874
1859	0.49888
1860	0.498856
1861	0.498866
1862	0.498832
1863	0.498798
1864	0.498754
1865	0.498764
1866	0.498735
1867	0.498706
1868	0.498707
1869	0.498732
1870	0.498728
1871	0.498704
1872	0.498715
1873	0.49874
1874	0.498736
1875	0.498751
1876	0.498727
1877	0.498733
1878	0.498724
1879	0.498705
1880	0.498676
1881	0.498677
1882	0.498672
1883	0.498683
1884	0.498669
1885	0.498694
1886	0.498724
1887	0.498725
1888	0.498775
1889	0.498775
1890	0.498791
1891	0.498777
1892	0.498753
1893	0.498773
1894	0.498808
1895	0.498794
1896	0.498824
1897	0.498819
1898	0.49884
1899	0.498826
1900	0.498812
1901	0.498793
1902	0.498823
1903	0.498843
1904	0.498799
1905	0.498795
1906	0.498815
1907	0.498806
1908	0.498768
1909	0.498764
1910	0.498774
1911	0.49878
1912	0.498785
1913	0.498805
1914	0.49882
1915	0.498816
1916	0.498802
1917	0.498788
1918	0.498803
1919	0.49878
1920	0.498756
1921	0.498781
1922	0.498748
1923	0.498729
1924	0.498682
1925	0.498673
1926	0.498669
1927	0.498641
1928	0.498618
1929	0.498604
1930	0.498576
1931	0.498538
1932	0.498525
1933	0.498463
1934	0.49845
1935	0.498407
1936	0.498403
1937	0.498404
1938	0.498381
1939	0.498344
1940	0.498302
1941	0.498245
1942	0.498203
1943	0.498176
1944	0.498162
1945	0.498135
1946	0.498145
1947	0.498156
1948	0.498152
1949	0.498115
1950	0.498121
1951	0.498169
1952	0.49817
1953	0.498209
1954	0.498214
1955	0.498206
1956	0.498207
1957	0.498203
1958	0.498199
1959	0.498191
1960	0.498149
1961	0.498126
1962	0.498132
1963	0.498091
1964	0.498087
1965	0.498107
1966	0.498126
1967	0.498118
1968	0.498147
1969	0.498148
1970	0.498144
1971	0.498136
1972	0.498123
1973	0.498128
1974	0.498078
1975	0.498023
1976	0.49801
1977	0.49802
1978	0.497997
1979	0.498008
1980	0.497995
1981	0.497987
1982	0.49795
1983	0.497956
1984	0.497943
1985	0.497935
1986	0.497912
1987	0.497946
1988	0.49791
1989	0.497878
1990	0.49787
1991	0.49782
1992	0.497793
1993	0.497808
1994	0.497851
1995	0.497843
1996	0.49789
1997	0.49791
1998	0.497916
1999	0.497847
2000	0.497834
2001	0.497859
2002	0.497841
2003	0.497852
2004	0.497853
2005	0.497844
2006	0.497878
2007	0.497865
2008	0.497875
2009	0.497844
2010	0.497854
2011	0.497878
2012	0.497898
2013	0.497867
2014	0.497877
2015	0.497883
2016	0.497888
2017	0.49788
2018	0.497932
2019	0.497946
2020	0.497947
2021	0.497971
2022	0.497972
2023	0.497955
2024	0.497906
2025	0.497939
2026	0.497935
2027	0.497909
2028	0.49791
2029	0.49792
2030	0.497903
2031	0.497913
2032	0.49796
2033	0.497933
2034	0.497902
2035	0.497899
2036	0.497936
2037	0.497951
2038	0.497961
2039	0.497926
2040	0.497927
2041	0.49796
2042	0.497951
2043	0.497975
2044	0.497949
2045	0.497905
2046	0.497901
2047	0.497925
2048	0.497935
2049	0.497909
2050	0.497937
2051	0.497974
2052	0.498007
2053	0.498048
2054	0.498013
2055	0.497982
2056	0.497961
2057	0.497966
2058	0.497954
2059	0.497977
2060	0.497942
2061	0.49793
2062	0.497922
2063	0.497883
2064	0.497888
2065	0.497871
2066	0.497845
2067	0.497846
2068	0.497807
2069	0.497808
2070	0.497823
2071	0.497815
2072	0.497829
2073	0.49783
2074	0.497822
2075	0.497832
2076	0.497838
2077	0.497834
2078	0.497795
2079	0.497752
2080	0.497762
2081	0.497767
2082	0.497755
2083	0.497743
2084	0.497757
2085	0.497741
2086	0.497728
2087	0.497738
2088	0.497779
2089	0.497789
2090	0.497768
2091	0.497756
2092	0.497731
2093	0.497771
2094	0.497746
2095	0.497729
2096	0.49773
2097	0.497732
2098	0.497737
2099	0.497738
2100	0.497717
2101	0.497723
2102	0.497737
2103	0.497698
2104	0.49773
2105	0.497749
2106	0.497759
2107	0.497773
2108	0.497778
2109	0.497797
2110	0.497829
2111	0.497843
2112	0.497883
2113	0.497871
2114	0.49785
2115	0.497856
2116	0.497852
2117	0.497871
2118	0.497859
2119	0.497856
2120	0.497887
2121	0.497884
2122	0.497854
2123	0.497829
2124	0.49776
2125	0.497805
2126	0.497789
2127	0.49782
2128	0.497812
2129	0.497826
2130	0.497836
2131	0.497846
2132	0.497856
2133	0.497861
2134	0.497845
2135	0.497863
2136	0.497855
2137	0.497878
2138	0.497914
2139	0.497889
2140	0.49792
2141	0.497973
2142	0.497965
2143	0.497966
2144	0.497954
2145	0.497946
2146	0.49793
2147	0.497918
2148	0.497893
2149	0.497851
2150	0.497865
2151	0.497905
2152	0.497923
2153	0.497937
2154	0.497903
2155	0.49787
2156	0.497854
2157	0.497872
2158	0.497873
2159	0.497878
2160	0.497841
2161	0.497829
2162	0.497825
2163	0.497779
2164	0.497759
2165	0.497769
2166	0.497752
2167	0.497758
2168	0.49775
2169	0.497721
2170	0.497697
2171	0.497685
2172	0.497665
2173	0.497623
2174	0.497578
2175	0.497566
2176	0.49752
2177	0.4975
2178	0.497493
2179	0.497481
2180	0.497427
2181	0.497441
2182	0.497425
2183	0.497405
2184	0.497419
2185	0.497467
2186	0.497485
2187	0.497499
2188	0.497534
2189	0.497552
2190	0.497528
2191	0.497546
2192	0.497534
2193	0.49751
2194	0.497503
2195	0.497508
2196	0.497522
2197	0.497557
2198	0.497558
2199	0.497584
2200	0.497602
2201	0.497561
2202	0.497566
2203	0.497563
2204	0.497556
2205	0.497574
2206	0.49755
2207	0.497517
2208	0.497489
2209	0.497499
2210	0.497441
2211	0.497426
2212	0.497427
2213	0.497428
2214	0.497421
2215	0.497418
2216	0.497411
2217	0.497412
2218	0.497442
2219	0.49746
2220	0.497494
2221	0.497504
2222	0.497526
2223	0.497535
2224	0.497495
2225	0.497525
2226	0.497493
2227	0.497506
2228	0.49752
2229	0.497529
2230	0.497531
2231	0.49754
2232	0.497545
2233	0.497567
2234	0.497597
2235	0.497578
2236	0.497562
2237	0.497542
2238	0.497535
2239	0.49752
2240	0.497451
2241	0.497444
2242	0.497408
2243	0.497384
2244	0.497385
2245	0.497415
2246	0.497359
2247	0.497339
2248	0.497349
2249	0.497325
2250	0.497318
2251	0.497315
2252	0.497329
2253	0.497309
2254	0.497327
2255	0.497328
2256	0.497342
2257	0.497351
2258	0.497389
2259	0.497394
2260	0.4974
2261	0.497388
2262	0.497365
2263	0.497362
2264	0.497388
2265	0.497393
2266	0.497411
2267	0.497395
2268	0.49738
2269	0.497389
2270	0.497403
2271	0.497449
2272	0.497434
2273	0.497455
2274	0.497444
2275	0.497449
2276	0.497463
2277	0.497488
2278	0.497481
2279	0.497502
2280	0.497504
2281	0.497492
2282	0.497502
2283	0.497527
2284	0.497488
2285	0.497497
2286	0.49751
2287	0.497495
2288	0.497508
2289	0.497513
2290	0.497462
2291	0.497483
2292	0.497496
2293	0.497502
2294	0.497482
2295	0.49748
2296	0.497489
2297	0.497522
2298	0.497511
2299	0.497516
2300	0.497557
2301	0.497571
2302	0.497539
2303	0.497553
2304	0.497562
2305	0.497547
2306	0.497556
2307	0.497557
2308	0.497566
2309	0.497591
2310	0.4976
2311	0.497565
2312	0.497566
2313	0.497579
2314	0.49758
2315	0.497537
2316	0.497526
2317	0.497539
2318	0.497512
2319	0.497538
2320	0.497555
2321	0.497584
2322	0.497577
2323	0.497594
2324	0.497583
2325	0.497548
2326	0.497545
2327	0.49755
2328	0.497567
2329	0.49758
2330	0.497589
2331	0.497602
2332	0.497587
2333	0.49758
2334	0.497593
2335	0.497606
2336	0.497619
2337	0.497608
2338	0.497581
2339	0.497618
2340	0.497635
2341	0.497608
2342	0.497625
2343	0.49763
2344	0.497623
2345	0.497608
2346	0.497597
2347	0.497614
2348	0.497596
2349	0.497549
2350	0.49755
2351	0.497528
2352	0.497509
2353	0.497522
2354	0.497476
2355	0.497473
2356	0.497486
2357	0.497507
2358	0.497535
2359	0.49756
2360	0.497529
2361	0.497503
2362	0.497508
2363	0.497497
2364	0.497483
2365	0.497472
2366	0.4975
2367	0.497486
2368	0.497479
2369	0.497468
2370	0.497473
2371	0.497478
2372	0.497456
2373	0.497434
2374	0.497446
2375	0.497401
2376	0.497378
2377	0.497376
2378	0.497377
2379	0.497362
2380	0.497348
2381	0.497349
2382	0.497338
2383	0.497324
2384	0.497329
2385	0.497322
2386	0.497316
2387	0.497313
2388	0.497279
2389	0.497253
2390	0.497227
2391	0.497228
2392	0.49723
2393	0.497211
2394	0.497205
2395	0.497183
2396	0.497161
2397	0.497123
2398	0.497121
2399	0.497141
2400	0.497139
2401	0.497117
2402	0.497114
2403	0.497111
2404	0.497101
2405	0.497087
2406	0.497107
2407	0.497089
2408	0.497079
2409	0.49708
2410	0.497066
2411	0.497067
2412	0.497053
2413	0.497066
2414	0.497052
2415	0.49706
2416	0.497073
2417	0.497059
2418	0.497045
2419	0.497035
2420	0.497024
2421	0.496984
2422	0.496977
2423	0.496959
2424	0.496961
2425	0.496954
2426	0.496933
2427	0.496922
2428	0.496912
2429	0.496883
2430	0.496873
2431	0.49687
2432	0.496815
2433	0.496805
2434	0.496821
2435	0.4968
2436	0.496805
2437	0.49681
2438	0.496792
2439	0.496801
2440	0.496817
2441	0.49683
2442	0.49679
2443	0.496749
2444	0.496777
2445	0.496782
2446	0.496784
2447	0.496774
2448	0.496737
2449	0.496716
2450	0.496694
2451	0.496684
2452	0.496656
2453	0.496642
2454	0.496617
2455	0.496592
2456	0.496597
2457	0.496583
2458	0.49657
2459	0.496579
2460	0.496569
2461	0.496563
2462	0.496538
2463	0.496554
2464	0.49654
2465	0.496557
2466	0.496543
2467	0.496548
2468	0.496539
2469	0.496551
2470	0.496538
2471	0.496528
2472	0.49651
2473	0.496497
2474	0.496502
2475	0.4965
2476	0.496512
2477	0.496514
2478	0.496504
2479	0.496524
2480	0.496503
2481	0.496523
2482	0.496539
2483	0.496496
2484	0.496494
2485	0.496484
2486	0.496448
2487	0.496461
2488	0.496485
2489	0.496475
2490	0.496465
2491	0.496455
2492	0.496446
2493	0.496454
2494	0.496441
2495	0.496431
2496	0.496429
2497	0.496423
2498	0.496428
2499	0.496415
2500	0.496401
2501	0.496388
2502	0.49636
2503	0.49635
2504	0.496344
2505	0.496364
2506	0.496351
2507	0.49636
2508	0.496372
2509	0.49637
2510	0.496379
2511	0.49638
2512	0.496378
2513	0.496391
2514	0.496414
2515	0.496404
2516	0.496399
2517	0.496385
2518	0.496387
2519	0.496377
2520	0.496375
2521	0.496358
2522	0.496385
2523	0.496401
2524	0.496384
2525	0.496389
2526	0.496402
2527	0.496429
2528	0.496419
2529	0.496435
2530	0.496393
2531	0.49638
2532	0.496377
2533	0.496401
2534	0.496362
2535	0.496345
2536	0.496336
2537	0.496341
2538	0.496339
2539	0.496325
2540	0.496341
2541	0.496303
2542	0.496272
2543	0.496255
2544	0.496249
2545	0.496261
2546	0.496223
2547	0.49621
2548	0.496226
2549	0.49618
2550	0.496171
2551	0.496129
2552	0.496105
2553	0.496139
2554	0.496155
2555	0.496142
2556	0.496129
2557	0.496127
2558	0.496121
2559	0.496155
2560	0.496182
2561	0.496176
2562	0.496174
2563	0.496168
2564	0.496177
2565	0.49615
2566	0.496159
2567	0.496142
2568	0.496187
2569	0.496131
2570	0.496114
2571	0.496159
2572	0.496153
2573	0.496162
2574	0.49616
2575	0.496158
2576	0.496155
2577	0.496164
2578	0.496187
2579	0.496153
2580	0.496147
2581	0.496163
2582	0.496161
2583	0.496141
2584	0.496128
2585	0.49614
2586	0.496142
2587	0.496111
2588	0.496098
2589	0.496075
2590	0.496083
2591	0.496103
2592	0.496101
2593	0.496091
2594	0.496132
2595	0.496112
2596	0.496099
2597	0.496097
2598	0.496092
2599	0.496129
2600	0.49612
2601	0.496111
2602	0.496105
2603	0.496103
2604	0.496079
2605	0.496081
2606	0.496075
2607	0.496088
2608	0.496071
2609	0.496091
2610	0.49611
2611	0.496086
2612	0.496074
2613	0.496079
2614	0.496087
2615	0.496075
2616	0.496087
2617	0.496088
2618	0.49609
2619	0.496116
2620	0.496079
2621	0.49607
2622	0.496085
2623	0.496073
2624	0.496035
2625	0.496009
2626	0.495975
2627	0.495987
2628	0.495988
2629	0.495969
2630	0.495977
2631	0.495972
2632	0.495963
2633	0.495986
2634	0.495984
2635	0.495968
2636	0.49592
2637	0.495981
2638	0.495979
2639	0.495998
2640	0.496
2641	0.495998
2642	0.495996
2643	0.496004
2644	0.496002
2645	0.495986
2646	0.495998
2647	0.496003
2648	0.495987
2649	0.495947
2650	0.495948
2651	0.495936
2652	0.495944
2653	0.495946
2654	0.495909
2655	0.495925
2656	0.495926
2657	0.495893
2658	0.495894
2659	0.495872
2660	0.495863
2661	0.495861
2662	0.495842
2663	0.495815
2664	0.495813
2665	0.495818
2666	0.49583
2667	0.495839
2668	0.495816
2669	0.495804
2670	0.495812
2671	0.495804
2672	0.495809
2673	0.495817
2674	0.495812
2675	0.495848
2676	0.495853
2677	0.495827
2678	0.495811
2679	0.495809
2680	0.495821
2681	0.495823
2682	0.495817
2683	0.495819
2684	0.495793
2685	0.495781
2686	0.495779
2687	0.495777
2688	0.495775
2689	0.49578
2690	0.495813
2691	0.495852
2692	0.495836
2693	0.495827
2694	0.495826
2695	0.495827
2696	0.495818
2697	0.495796
2698	0.495794
2699	0.495806
2700	0.495845
2701	0.495819
2702	0.495838
2703	0.495867
2704	0.495892
2705	0.495884
2706	0.495865
2707	0.495849
2708	0.495861
2709	0.495842
2710	0.495833
2711	0.495842
2712	0.49587
2713	0.495862
2714	0.495877
2715	0.495885
2716	0.495863
2717	0.49584
2718	0.495856
2719	0.495864
2720	0.495865
2721	0.495843
2722	0.495801
2723	0.495788
2724	0.495804
2725	0.495792
2726	0.49582
2727	0.495852
2728	0.495898
2729	0.495893
2730	0.495904
2731	0.495882
2732	0.49589
2733	0.495892
2734	0.495893
2735	0.495868
2736	0.495883
2737	0.495864
2738	0.495872
2739	0.495884
2740	0.495879
2741	0.495867
2742	0.495882
2743	0.495893
2744	0.495912
2745	0.495933
2746	0.495952
2747	0.49597
2748	0.495972
2749	0.49599
2750	0.496005
2751	0.49601
2752	0.496025
2753	0.496002
2754	0.496034
2755	0.496066
2756	0.496084
2757	0.496065
2758	0.496073
2759	0.496085
2760	0.496106
2761	0.496115
2762	0.496119
2763	0.496101
2764	0.496099
2765	0.496093
2766	0.496095
2767	0.496069
2768	0.496048
2769	0.496062
2770	0.496067
2771	0.496095
2772	0.496083
2773	0.496068
2774	0.496046
2775	0.496054
2776	0.496059
2777	0.496047
2778	0.496045
2779	0.496033
2780	0.496028
2781	0.496039
2782	0.496041
2783	0.496065
2784	0.49607
2785	0.496095
2786	0.496096
2787	0.496088
2788	0.496056
2789	0.496091
2790	0.496122
2791	0.496117
2792	0.496115
2793	0.496116
2794	0.496101
2795	0.496096
2796	0.496067
2797	0.496065
2798	0.49607
2799	0.496068
2800	0.49604
2801	0.496011
2802	0.496006
2803	0.496041
2804	0.496042
2805	0.49604
2806	0.496065
2807	0.496066
2808	0.496061
2809	0.496089
2810	0.496084
2811	0.496078
2812	0.496063
2813	0.496088
2814	0.496122
2815	0.496146
2816	0.496151
2817	0.496159
2818	0.496167
2819	0.496155
2820	0.496127
2821	0.496112
2822	0.496133
2823	0.496124
2824	0.496132
2825	0.496157
2826	0.496129
2827	0.49614
2828	0.496138
2829	0.496139
2830	0.496114
2831	0.496113
2832	0.496104
2833	0.496128
2834	0.496094
2835	0.496108
2836	0.496097
2837	0.496111
2838	0.496106
2839	0.49612
2840	0.496105
2841	0.49611
2842	0.496118
2843	0.496116
2844	0.496101
2845	0.496125
2846	0.496136
2847	0.496151
2848	0.496139
2849	0.496114
2850	0.496086
2851	0.496094
2852	0.496125
2853	0.496104
2854	0.496124
2855	0.496155
2856	0.496169
2857	0.496145
2858	0.496127
2859	0.496154
2860	0.496152
2861	0.496157
2862	0.496148
2863	0.496166
2864	0.49617
2865	0.49621
2866	0.496225
2867	0.4962
2868	0.496201
2869	0.496219
2870	0.496223
2871	0.496228
2872	0.496229
2873	0.496202
2874	0.496193
2875	0.496185
2876	0.49618
2877	0.496197
2878	0.496221
2879	0.496203
2880	0.496201
2881	0.496193
2882	0.496162
2883	0.496157
2884	0.496165
2885	0.496163
2886	0.496151
2887	0.496165
2888	0.49618
2889	0.496194
2890	0.496189
2891	0.49619
2892	0.496204
2893	0.496212
2894	0.496226
2895	0.496221
2896	0.496203
2897	0.49622
2898	0.496218
2899	0.496226
2900	0.496221
2901	0.496219
2902	0.496233
2903	0.496234
2904	0.496229
2905	0.496212
2906	0.49621
2907	0.496233
2908	0.496225
2909	0.496217
2910	0.496237
2911	0.496235
2912	0.496237
2913	0.496263
2914	0.496274
2915	0.496253
2916	0.496254
2917	0.496259
2918	0.49627
2919	0.496287
2920	0.496288
2921	0.496305
2922	0.496319
2923	0.496317
2924	0.496315
2925	0.496313
2926	0.496308
2927	0.4963
2928	0.496327
2929	0.496287
2930	0.49631
2931	0.496337
2932	0.496332
2933	0.496314
2934	0.496309
2935	0.496282
2936	0.496283
2937	0.496294
2938	0.496308
2939	0.496306
2940	0.496307
2941	0.496318
2942	0.496316
2943	0.496298
2944	0.496277
2945	0.49626
2946	0.49623
2947	0.496278
2948	0.496289
2949	0.496309
2950	0.49632
2951	0.496349
2952	0.49636
2953	0.496314
2954	0.496318
2955	0.496307
2956	0.496305
2957	0.496309
2958	0.496295
2959	0.496296
2960	0.496304
2961	0.496293
2962	0.4963
2963	0.496314
2964	0.496315
2965	0.49631
2966	0.496296
2967	0.496297
2968	0.496317
2969	0.496312
2970	0.496301
2971	0.496289
2972	0.496278
2973	0.496283
2974	0.496284
2975	0.496298
2976	0.496317
2977	0.496322
2978	0.496323
2979	0.496293
2980	0.496291
2981	0.496289
2982	0.496281
2983	0.496304
2984	0.496312
2985	0.49631
2986	0.496296
2987	0.496316
2988	0.49632
2989	0.496309
2990	0.49631
2991	0.496265
2992	0.49626
2993	0.496242
2994	0.496228
2995	0.496208
2996	0.496212
2997	0.496223
2998	0.496221
2999	0.496231
