BIN SIZE	0.0256496
BIN	DISTANCE	AVE_GOFR	ERROR
0	0.0256496	0	0
1	0.0512993	0	0
2	0.0769489	0	0
3	0.102599	0	0
4	0.128248	0	0
5	0.153898	0	0
6	0.179547	0	0
7	0.205197	0	0
8	0.230847	0	0
9	0.256496	0	0
10	0.282146	0	0
11	0.307796	0	0
12	0.333445	0	0
13	0.359095	0	0
14	0.384745	0	0
15	0.410394	0	0
16	0.436044	0	0
17	0.461694	0	0
18	0.487343	0	0
19	0.512993	0	0
20	0.538642	0	0
21	0.564292	0	0
22	0.589942	0	0
23	0.615591	0	0
24	0.641241	0	0
25	0.666891	0	0
26	0.69254	0	0
27	0.71819	0	0
28	0.74384	0	0
29	0.769489	0	0
30	0.795139	0	0
31	0.820788	0	0
32	0.846438	0	0
33	0.872088	0	0
34	0.897737	0.000596084	0
35	0.923387	0.0247277	0
36	0.949037	0.16292	0
37	0.974686	0.556148	0
38	1.00034	1.20023	0
39	1.02599	1.84343	0
40	1.05164	2.3257	0
41	1.07728	2.57056	0
42	1.10293	2.53182	0
43	1.12858	2.41243	0
44	1.15423	2.2207	0
45	1.17988	1.99142	0
46	1.20553	1.77075	0
47	1.23118	1.57934	0
48	1.25683	1.40238	0
49	1.28248	1.25517	0
50	1.30813	1.13267	0
51	1.33378	1.02092	0
52	1.35943	0.93826	0
53	1.38508	0.867246	0
54	1.41073	0.804292	0
55	1.43638	0.772115	0
56	1.46203	0.735042	0
57	1.48768	0.703986	0
58	1.51333	0.686217	0
59	1.53898	0.664363	0
60	1.56463	0.667663	0
61	1.59028	0.664713	0
62	1.61593	0.665256	0
63	1.64158	0.683749	0
64	1.66723	0.699223	0
65	1.69288	0.71302	0
66	1.71853	0.739982	0
67	1.74418	0.78233	0
68	1.76983	0.816174	0
69	1.79547	0.855817	0
70	1.82112	0.891064	0
71	1.84677	0.942392	0
72	1.87242	0.979333	0
73	1.89807	1.0166	0
74	1.92372	1.05467	0
75	1.94937	1.10165	0
76	1.97502	1.14423	0
77	2.00067	1.16369	0
78	2.02632	1.18016	0
79	2.05197	1.21276	0
80	2.07762	1.21333	0
81	2.10327	1.21817	0
82	2.12892	1.21453	0
83	2.15457	1.19834	0
84	2.18022	1.18616	0
85	2.20587	1.15223	0
86	2.23152	1.12933	0
87	2.25717	1.09907	0
88	2.28282	1.06622	0
89	2.30847	1.03853	0
90	2.33412	1.00694	0
91	2.35977	0.982008	0
92	2.38542	0.961509	0
93	2.41107	0.942937	0
94	2.43672	0.926949	0
95	2.46237	0.909195	0
96	2.48802	0.906584	0
97	2.51366	0.891075	0
98	2.53931	0.888679	0
99	2.56496	0.88068	0

0	0.0256496	0	0
1	0.0512993	0	0
2	0.0769489	0	0
3	0.102599	0	0
4	0.128248	0	0
5	0.153898	0	0
6	0.179547	0	0
7	0.205197	0	0
8	0.230847	0	0
9	0.256496	0	0
10	0.282146	0	0
11	0.307796	0	0
12	0.333445	0	0
13	0.359095	0	0
14	0.384745	0	0
15	0.410394	0	0
16	0.436044	0	0
17	0.461694	0	0
18	0.487343	0	0
19	0.512993	0	0
20	0.538642	0	0
21	0.564292	0	0
22	0.589942	0	0
23	0.615591	0	0
24	0.641241	0	0
25	0.666891	0	0
26	0.69254	0	0
27	0.71819	0	0
28	0.74384	0	0
29	0.769489	0	0
30	0.795139	0	0
31	0.820788	0	0
32	0.846438	0	0
33	0.872088	0	0
34	0.897737	0.000733642	9.72681e-05
35	0.923387	0.0254206	0.00048995
36	0.949037	0.166116	0.00225943
37	0.974686	0.555566	0.000411643
38	1.00034	1.20323	0.00212192
39	1.02599	1.8432	0.000160773
40	1.05164	2.34187	0.0114346
41	1.07728	2.57651	0.00421268
42	1.10293	2.54162	0.00693321
43	1.12858	2.41352	0.000775003
44	1.15423	2.21706	0.00257249
45	1.17988	1.98196	0.00669224
46	1.20553	1.76799	0.00194546
47	1.23118	1.56811	0.00794511
48	1.25683	1.39889	0.00246919
49	1.28248	1.25107	0.00289808
50	1.30813	1.12773	0.00349569
51	1.33378	1.02142	0.000356497
52	1.35943	0.934468	0.00268136
53	1.38508	0.868028	0.000552817
54	1.41073	0.806718	0.00171509
55	1.43638	0.769918	0.00155361
56	1.46203	0.730306	0.0033488
57	1.48768	0.704061	5.25271e-05
58	1.51333	0.683721	0.00176486
59	1.53898	0.663122	0.000877545
60	1.56463	0.663324	0.00306824
61	1.59028	0.66418	0.000377537
62	1.61593	0.666632	0.000973161
63	1.64158	0.681366	0.00168451
64	1.66723	0.695956	0.00230988
65	1.69288	0.715812	0.00197452
66	1.71853	0.750139	0.00718234
67	1.74418	0.782276	3.81166e-05
68	1.76983	0.813918	0.00159562
69	1.79547	0.857704	0.00133431
70	1.82112	0.894117	0.00215862
71	1.84677	0.946817	0.00312913
72	1.87242	0.985574	0.00441275
73	1.89807	1.02909	0.00883702
74	1.92372	1.06362	0.00633457
75	1.94937	1.1074	0.00406227
76	1.97502	1.14507	0.000593514
77	2.00067	1.16843	0.00335091
78	2.02632	1.18384	0.00259909
79	2.05197	1.21132	0.0010167
80	2.07762	1.21789	0.0032279
81	2.10327	1.22043	0.00159783
82	2.12892	1.21059	0.00278978
83	2.15457	1.19744	0.000631022
84	2.18022	1.18249	0.00259442
85	2.20587	1.15084	0.000984599
86	2.23152	1.12536	0.00280853
87	2.25717	1.09019	0.00627828
88	2.28282	1.06368	0.00179361
89	2.30847	1.03247	0.00429043
90	2.33412	1.00245	0.00317832
91	2.35977	0.977148	0.00343652
92	2.38542	0.958683	0.00199818
93	2.41107	0.937206	0.00405259
94	2.43672	0.922393	0.00322179
95	2.46237	0.90742	0.00125468
96	2.48802	0.9	0.00465621
97	2.51366	0.88943	0.00116313
98	2.53931	0.884789	0.00275064
99	2.56496	0.8828	0.00149887

0	0.0256496	0	0
1	0.0512993	0	0
2	0.0769489	0	0
3	0.102599	0	0
4	0.128248	0	0
5	0.153898	0	0
6	0.179547	0	0
7	0.205197	0	0
8	0.230847	0	0
9	0.256496	0	0
10	0.282146	0	0
11	0.307796	0	0
12	0.333445	0	0
13	0.359095	0	0
14	0.384745	0	0
15	0.410394	0	0
16	0.436044	0	0
17	0.461694	0	0
18	0.487343	0	0
19	0.512993	0	0
20	0.538642	0	0
21	0.564292	0	0
22	0.589942	0	0
23	0.615591	0	0
24	0.641241	0	0
25	0.666891	0	0
26	0.69254	0	0
27	0.71819	0	0
28	0.74384	0	0
29	0.769489	0	0
30	0.795139	0	0
31	0.820788	0	0
32	0.846438	0	0
33	0.872088	0	0
34	0.897737	0.000810063	8.99909e-05
35	0.923387	0.0240925	0.00113247
36	0.949037	0.162074	0.00362773
37	0.974686	0.553574	0.00164965
38	1.00034	1.19428	0.00744608
39	1.02599	1.84667	0.0028343
40	1.05164	2.33222	0.0109629
41	1.07728	2.56919	0.00660391
42	1.10293	2.53728	0.0058222
43	1.12858	2.41925	0.00470703
44	1.15423	2.21219	0.00432974
45	1.17988	1.98078	0.00456392
46	1.20553	1.76841	0.00133994
47	1.23118	1.56949	0.00541575
48	1.25683	1.40359	0.00418037
49	1.28248	1.25077	0.00194721
50	1.30813	1.12802	0.00234266
51	1.33378	1.02599	0.00374038
52	1.35943	0.943132	0.00729586
53	1.38508	0.872414	0.00359984
54	1.41073	0.810962	0.00364946
55	1.43638	0.771489	0.00164871
56	1.46203	0.729998	0.00224663
57	1.48768	0.704019	4.85973e-05
58	1.51333	0.681183	0.00238328
59	1.53898	0.668859	0.00472107
60	1.56463	0.664303	0.00219619
61	1.59028	0.665257	0.000915035
62	1.61593	0.670347	0.0031013
63	1.64158	0.683988	0.00241708
64	1.66723	0.693752	0.0023685
65	1.69288	0.716378	0.00139514
66	1.71853	0.749111	0.00486131
67	1.74418	0.781104	0.000957219
68	1.76983	0.813747	0.00107283
69	1.79547	0.85512	0.00228953
70	1.82112	0.895467	0.00181306
71	1.84677	0.942306	0.0042327
72	1.87242	0.981853	0.00422894
73	1.89807	1.0261	0.00637941
74	1.92372	1.06085	0.00479047
75	1.94937	1.10433	0.00369215
76	1.97502	1.14026	0.00394153
77	2.00067	1.16529	0.00340026
78	2.02632	1.18742	0.00339679
79	2.05197	1.20932	0.00176525
80	2.07762	1.21675	0.00234456
81	2.10327	1.21859	0.00183843
82	2.12892	1.21279	0.00259016
83	2.15457	1.1949	0.00212152
84	2.18022	1.17843	0.00373643
85	2.20587	1.1505	0.00071339
86	2.23152	1.12512	0.00188316
87	2.25717	1.09562	0.00609627
88	2.28282	1.0639	0.00120813
89	2.30847	1.03228	0.00286438
90	2.33412	1.00502	0.0029815
91	2.35977	0.980554	0.00360328
92	2.38542	0.96291	0.00369955
93	2.41107	0.941112	0.00417987
94	2.43672	0.926591	0.00404484
95	2.46237	0.912606	0.00431577
96	2.48802	0.90281	0.00386019
97	2.51366	0.891285	0.00170187
98	2.53931	0.886457	0.00228415
99	2.56496	0.883935	0.00136269

0	0.0256496	0	0
1	0.0512993	0	0
2	0.0769489	0	0
3	0.102599	0	0
4	0.128248	0	0
5	0.153898	0	0
6	0.179547	0	0
7	0.205197	0	0
8	0.230847	0	0
9	0.256496	0	0
10	0.282146	0	0
11	0.307796	0	0
12	0.333445	0	0
13	0.359095	0	0
14	0.384745	0	0
15	0.410394	0	0
16	0.436044	0	0
17	0.461694	0	0
18	0.487343	0	0
19	0.512993	0	0
20	0.538642	0	0
21	0.564292	0	0
22	0.589942	0	0
23	0.615591	0	0
24	0.641241	0	0
25	0.666891	0	0
26	0.69254	0	0
27	0.71819	0	0
28	0.74384	0	0
29	0.769489	0	0
30	0.795139	0	0
31	0.820788	0	0
32	0.846438	0	0
33	0.872088	0	0
34	0.897737	0.00102022	0.000194113
35	0.923387	0.024771	0.00103278
36	0.949037	0.162664	0.00276845
37	0.974686	0.557342	0.00348971
38	1.00034	1.19191	0.00594942
39	1.02599	1.85271	0.00565076
40	1.05164	2.33312	0.00825957
41	1.07728	2.5567	0.0118995
42	1.10293	2.54093	0.00538995
43	1.12858	2.41285	0.00657185
44	1.15423	2.20546	0.006675
45	1.17988	1.97547	0.00573109
46	1.20553	1.76808	0.00104338
47	1.23118	1.5715	0.00442107
48	1.25683	1.39928	0.00487966
49	1.28248	1.24831	0.00258255
50	1.30813	1.13201	0.00387473
51	1.33378	1.02691	0.00291442
52	1.35943	0.946275	0.0061117
53	1.38508	0.875693	0.00391879
54	1.41073	0.815708	0.00493765
55	1.43638	0.774942	0.00323533
56	1.46203	0.735435	0.00500091
57	1.48768	0.706108	0.00180882
58	1.51333	0.682569	0.00215316
59	1.53898	0.670329	0.00376262
60	1.56463	0.664867	0.00171807
61	1.59028	0.664908	0.00074979
62	1.61593	0.670342	0.00232598
63	1.64158	0.682727	0.00211636
64	1.66723	0.693703	0.00177689
65	1.69288	0.716382	0.00104636
66	1.71853	0.748362	0.00370319
67	1.74418	0.779941	0.00123753
68	1.76983	0.814208	0.000898376
69	1.79547	0.854517	0.00179471
70	1.82112	0.895358	0.00136312
71	1.84677	0.941994	0.00318603
72	1.87242	0.980364	0.00342389
73	1.89807	1.0242	0.00505752
74	1.92372	1.06158	0.00364722
75	1.94937	1.10093	0.00403691
76	1.97502	1.13489	0.00551195
77	2.00067	1.1626	0.00345526
78	2.02632	1.18521	0.00318518
79	2.05197	1.20642	0.00284578
80	2.07762	1.21519	0.00221724
81	2.10327	1.21624	0.0024578
82	2.12892	1.20921	0.00365954
83	2.15457	1.19525	0.00162087
84	2.18022	1.17768	0.00287656
85	2.20587	1.15175	0.00120557
86	2.23152	1.12532	0.00142289
87	2.25717	1.09813	0.00506302
88	2.28282	1.06539	0.00157969
89	2.30847	1.03663	0.00433711
90	2.33412	1.01018	0.00499789
91	2.35977	0.985992	0.00543015
92	2.38542	0.966017	0.00386511
93	2.41107	0.944703	0.00441538
94	2.43672	0.929562	0.003978
95	2.46237	0.914563	0.00365365
96	2.48802	0.904139	0.00311553
97	2.51366	0.89276	0.00180555
98	2.53931	0.884886	0.00218759
99	2.56496	0.883132	0.00123598

0	0.0256496	0	0
1	0.0512993	0	0
2	0.0769489	0	0
3	0.102599	0	0
4	0.128248	0	0
5	0.153898	0	0
6	0.179547	0	0
7	0.205197	0	0
8	0.230847	0	0
9	0.256496	0	0
10	0.282146	0	0
11	0.307796	0	0
12	0.333445	0	0
13	0.359095	0	0
14	0.384745	0	0
15	0.410394	0	0
16	0.436044	0	0
17	0.461694	0	0
18	0.487343	0	0
19	0.512993	0	0
20	0.538642	0	0
21	0.564292	0	0
22	0.589942	0	0
23	0.615591	0	0
24	0.641241	0	0
25	0.666891	0	0
26	0.69254	0	0
27	0.71819	0	0
28	0.74384	0	0
29	0.769489	0	0
30	0.795139	0	0
31	0.820788	0	0
32	0.846438	0	0
33	0.872088	0	0
34	0.897737	0.00109129	0.000167798
35	0.923387	0.024797	0.000826551
36	0.949037	0.161355	0.00250513
37	0.974686	0.557157	0.00279663
38	1.00034	1.18973	0.00514337
39	1.02599	1.85807	0.00658635
40	1.05164	2.33444	0.00671167
41	1.07728	2.55252	0.0102279
42	1.10293	2.54247	0.00452566
43	1.12858	2.41197	0.00531699
44	1.15423	2.20724	0.0055724
45	1.17988	1.97497	0.00460717
46	1.20553	1.76474	0.0031013
47	1.23118	1.56923	0.00408206
48	1.25683	1.39834	0.00399297
49	1.28248	1.24697	0.00239143
50	1.30813	1.1307	0.00331241
51	1.33378	1.0258	0.0025331
52	1.35943	0.945983	0.00489633
53	1.38508	0.872372	0.00431919
54	1.41073	0.816354	0.00399214
55	1.43638	0.775914	0.00273059
56	1.46203	0.736471	0.00410665
57	1.48768	0.70642	0.00147372
58	1.51333	0.685557	0.00317948
59	1.53898	0.673455	0.0041086
60	1.56463	0.667225	0.00251698
61	1.59028	0.668338	0.00312603
62	1.61593	0.672477	0.00266625
63	1.64158	0.68386	0.00197316
64	1.66723	0.695211	0.0019596
65	1.69288	0.716602	0.000860052
66	1.71853	0.747661	0.00302818
67	1.74418	0.77974	0.00100606
68	1.76983	0.814627	0.000810436
69	1.79547	0.852739	0.00214288
70	1.82112	0.895213	0.00109817
71	1.84677	0.941044	0.00268662
72	1.87242	0.980552	0.00274429
73	1.89807	1.02252	0.00431829
74	1.92372	1.06039	0.00310641
75	1.94937	1.09645	0.00514953
76	1.97502	1.13272	0.00481755
77	2.00067	1.15949	0.00391984
78	2.02632	1.18207	0.00379236
79	2.05197	1.20507	0.00257547
80	2.07762	1.21382	0.00215949
81	2.10327	1.21601	0.00197694
82	2.12892	1.20866	0.0029691
83	2.15457	1.19492	0.00133159
84	2.18022	1.17872	0.00248187
85	2.20587	1.15296	0.00145256
86	2.23152	1.12671	0.00168973
87	2.25717	1.10003	0.00439303
88	2.28282	1.06735	0.00216305
89	2.30847	1.03869	0.00392675
90	2.33412	1.01231	0.00442969
91	2.35977	0.988988	0.00510406
92	2.38542	0.96792	0.00352939
93	2.41107	0.945965	0.00370845
94	2.43672	0.930513	0.00329397
95	2.46237	0.914997	0.00294864
96	2.48802	0.905337	0.0027131
97	2.51366	0.892628	0.00144922
98	2.53931	0.885281	0.00178541
99	2.56496	0.883875	0.00119156

0	0.0256496	0	0
1	0.0512993	0	0
2	0.0769489	0	0
3	0.102599	0	0
4	0.128248	0	0
5	0.153898	0	0
6	0.179547	0	0
7	0.205197	0	0
8	0.230847	0	0
9	0.256496	0	0
10	0.282146	0	0
11	0.307796	0	0
12	0.333445	0	0
13	0.359095	0	0
14	0.384745	0	0
15	0.410394	0	0
16	0.436044	0	0
17	0.461694	0	0
18	0.487343	0	0
19	0.512993	0	0
20	0.538642	0	0
21	0.564292	0	0
22	0.589942	0	0
23	0.615591	0	0
24	0.641241	0	0
25	0.666891	0	0
26	0.69254	0	0
27	0.71819	0	0
28	0.74384	0	0
29	0.769489	0	0
30	0.795139	0	0
31	0.820788	0	0
32	0.846438	0	0
33	0.872088	8.10512e-06	7.39893e-06
34	0.897737	0.00113867	0.000146368
35	0.923387	0.0248576	0.000691012
36	0.949037	0.163651	0.00295787
37	0.974686	0.56142	0.00453576
38	1.00034	1.19561	0.00686913
39	1.02599	1.86394	0.00766891
40	1.05164	2.33674	0.00597498
41	1.07728	2.55541	0.00892369
42	1.10293	2.54071	0.00409776
43	1.12858	2.40615	0.00691228
44	1.15423	2.20102	0.00733353
45	1.17988	1.97086	0.00536645
46	1.20553	1.75814	0.00655704
47	1.23118	1.5633	0.00639317
48	1.25683	1.39514	0.0044285
49	1.28248	1.24844	0.00240488
50	1.30813	1.12977	0.0028882
51	1.33378	1.02326	0.00313705
52	1.35943	0.946303	0.00409073
53	1.38508	0.873326	0.00370319
54	1.41073	0.816337	0.00332682
55	1.43638	0.778119	0.00303791
56	1.46203	0.739444	0.00436785
57	1.48768	0.708454	0.00222682
58	1.51333	0.687546	0.00321214
59	1.53898	0.676051	0.00416379
60	1.56463	0.669765	0.00312721
61	1.59028	0.670601	0.00332453
62	1.61593	0.6734	0.00237615
63	1.64158	0.684403	0.00171745
64	1.66723	0.696721	0.00213727
65	1.69288	0.719332	0.00259282
66	1.71853	0.749152	0.0028671
67	1.74418	0.780859	0.0013211
68	1.76983	0.815354	0.000946855
69	1.79547	0.852444	0.00180592
70	1.82112	0.894217	0.00128955
71	1.84677	0.937922	0.0036245
72	1.87242	0.977113	0.00388431
73	1.89807	1.01906	0.00478727
74	1.92372	1.05847	0.00312396
75	1.94937	1.09401	0.00483652
76	1.97502	1.12954	0.00495383
77	2.00067	1.15833	0.00343426
78	2.02632	1.18207	0.0031603
79	2.05197	1.20348	0.00258865
80	2.07762	1.21423	0.00183885
81	2.10327	1.21569	0.00167362
82	2.12892	1.20908	0.00250359
83	2.15457	1.19495	0.00111012
84	2.18022	1.17866	0.00206895
85	2.20587	1.15278	0.00122138
86	2.23152	1.12751	0.00158651
87	2.25717	1.10121	0.00381539
88	2.28282	1.06798	0.00189212
89	2.30847	1.04046	0.00365001
90	2.33412	1.01377	0.00392535
91	2.35977	0.99177	0.00495373
92	2.38542	0.970278	0.00364474
93	2.41107	0.947395	0.00335467
94	2.43672	0.932058	0.00308621
95	2.46237	0.916943	0.00303227
96	2.48802	0.906066	0.0023567
97	2.51366	0.893125	0.0012901
98	2.53931	0.885889	0.00158815
99	2.56496	0.883373	0.0010937

0	0.0256496	0	0
1	0.0512993	0	0
2	0.0769489	0	0
3	0.102599	0	0
4	0.128248	0	0
5	0.153898	0	0
6	0.179547	0	0
7	0.205197	0	0
8	0.230847	0	0
9	0.256496	0	0
10	0.282146	0	0
11	0.307796	0	0
12	0.333445	0	0
13	0.359095	0	0
14	0.384745	0	0
15	0.410394	0	0
16	0.436044	0	0
17	0.461694	0	0
18	0.487343	0	0
19	0.512993	0	0
20	0.538642	0	0
21	0.564292	0	0
22	0.589942	0	0
23	0.615591	0	0
24	0.641241	0	0
25	0.666891	0	0
26	0.69254	0	0
27	0.71819	0	0
28	0.74384	0	0
29	0.769489	0	0
30	0.795139	0	0
31	0.820788	0	0
32	0.846438	0	0
33	0.872088	6.94725e-06	6.4319e-06
34	0.897737	0.00107426	0.00013891
35	0.923387	0.0246906	0.000612152
36	0.949037	0.162868	0.00263697
37	0.974686	0.5578	0.00513266
38	1.00034	1.19362	0.0061696
39	1.02599	1.86305	0.00662493
40	1.05164	2.33082	0.00749986
41	1.07728	2.55488	0.00766517
42	1.10293	2.54584	0.00590086
43	1.12858	2.40674	0.0059497
44	1.15423	2.20049	0.00630455
45	1.17988	1.97454	0.00572181
46	1.20553	1.76066	0.00608466
47	1.23118	1.56537	0.00580565
48	1.25683	1.39693	0.00414202
49	1.28248	1.24898	0.00212129
50	1.30813	1.12787	0.00303698
51	1.33378	1.02447	0.00291264
52	1.35943	0.945932	0.00352313
53	1.38508	0.874416	0.00333074
54	1.41073	0.81648	0.00285463
55	1.43638	0.778413	0.00261811
56	1.46203	0.738776	0.00379461
57	1.48768	0.708451	0.00190871
58	1.51333	0.688837	0.00300152
59	1.53898	0.675665	0.00358679
60	1.56463	0.669399	0.00270184
61	1.59028	0.670634	0.00284976
62	1.61593	0.672987	0.00207226
63	1.64158	0.685172	0.0016352
64	1.66723	0.697609	0.00200786
65	1.69288	0.720142	0.00234561
66	1.71853	0.748193	0.00261303
67	1.74418	0.778846	0.00218052
68	1.76983	0.813479	0.00191643
69	1.79547	0.849667	0.00300121
70	1.82112	0.892568	0.00188481
71	1.84677	0.936128	0.00352287
72	1.87242	0.975745	0.00356214
73	1.89807	1.01783	0.00425719
74	1.92372	1.05741	0.00285295
75	1.94937	1.09298	0.00425333
76	1.97502	1.12946	0.00424691
77	2.00067	1.15803	0.0029566
78	2.02632	1.18184	0.00271725
79	2.05197	1.20339	0.00222041
80	2.07762	1.21475	0.00164631
81	2.10327	1.21647	0.00160605
82	2.12892	1.21051	0.00252409
83	2.15457	1.19672	0.00189201
84	2.18022	1.18011	0.00222591
85	2.20587	1.15341	0.00119929
86	2.23152	1.1288	0.001806
87	2.25717	1.10175	0.00330884
88	2.28282	1.06886	0.00181545
89	2.30847	1.04214	0.00349625
90	2.33412	1.01495	0.00353632
91	2.35977	0.992139	0.0042598
92	2.38542	0.971114	0.0032187
93	2.41107	0.948283	0.00299073
94	2.43672	0.932299	0.00265473
95	2.46237	0.917568	0.00266257
96	2.48802	0.907306	0.00232366
97	2.51366	0.893726	0.00123759
98	2.53931	0.884767	0.00171234
99	2.56496	0.884603	0.00147483

0	0.0256496	0	0
1	0.0512993	0	0
2	0.0769489	0	0
3	0.102599	0	0
4	0.128248	0	0
5	0.153898	0	0
6	0.179547	0	0
7	0.205197	0	0
8	0.230847	0	0
9	0.256496	0	0
10	0.282146	0	0
11	0.307796	0	0
12	0.333445	0	0
13	0.359095	0	0
14	0.384745	0	0
15	0.410394	0	0
16	0.436044	0	0
17	0.461694	0	0
18	0.487343	0	0
19	0.512993	0	0
20	0.538642	0	0
21	0.564292	0	0
22	0.589942	0	0
23	0.615591	0	0
24	0.641241	0	0
25	0.666891	0	0
26	0.69254	0	0
27	0.71819	0	0
28	0.74384	0	0
29	0.769489	0	0
30	0.795139	0	0
31	0.820788	0	0
32	0.846438	0	0
33	0.872088	6.07884e-06	5.68623e-06
34	0.897737	0.00111193	0.00012655
35	0.923387	0.0246302	0.000538597
36	0.949037	0.162557	0.00232561
37	0.974686	0.558064	0.00449786
38	1.00034	1.19347	0.00540021
39	1.02599	1.86097	0.00611222
40	1.05164	2.3287	0.00685708
41	1.07728	2.55349	0.00683065
42	1.10293	2.54205	0.00626031
43	1.12858	2.40738	0.00523977
44	1.15423	2.20326	0.00609328
45	1.17988	1.97598	0.0051859
46	1.20553	1.76115	0.00534384
47	1.23118	1.56656	0.00520057
48	1.25683	1.39811	0.00379032
49	1.28248	1.24905	0.00185716
50	1.30813	1.12623	0.00306921
51	1.33378	1.02673	0.00331119
52	1.35943	0.946357	0.00310823
53	1.38508	0.874962	0.00295878
54	1.41073	0.816075	0.00252636
55	1.43638	0.779207	0.00240829
56	1.46203	0.739068	0.00333149
57	1.48768	0.709277	0.00184041
58	1.51333	0.68958	0.00271674
59	1.53898	0.676328	0.00319906
60	1.56463	0.669473	0.00236512
61	1.59028	0.670855	0.00250212
62	1.61593	0.673746	0.00194735
63	1.64158	0.683896	0.00186327
64	1.66723	0.697114	0.00181693
65	1.69288	0.719471	0.00214619
66	1.71853	0.746835	0.0026156
67	1.74418	0.777461	0.00230638
68	1.76983	0.811933	0.00221432
69	1.79547	0.84941	0.00263701
70	1.82112	0.891205	0.00208459
71	1.84677	0.93603	0.00308387
72	1.87242	0.973843	0.00358895
73	1.89807	1.01768	0.00372763
74	1.92372	1.05779	0.00252216
75	1.94937	1.09495	0.00415497
76	1.97502	1.13023	0.00378549
77	2.00067	1.15926	0.00283177
78	2.02632	1.18252	0.00246158
79	2.05197	1.20417	0.00207528
80	2.07762	1.21626	0.00202202
81	2.10327	1.21742	0.00166509
82	2.12892	1.21144	0.00237381
83	2.15457	1.19628	0.00170623
84	2.18022	1.17876	0.00232392
85	2.20587	1.15307	0.00109698
86	2.23152	1.12803	0.00173477
87	2.25717	1.09994	0.0033553
88	2.28282	1.06823	0.00169631
89	2.30847	1.04184	0.0030726
90	2.33412	1.01494	0.00309428
91	2.35977	0.991918	0.00373305
92	2.38542	0.971289	0.0028211
93	2.41107	0.948368	0.00261809
94	2.43672	0.93273	0.00235756
95	2.46237	0.917689	0.0023325
96	2.48802	0.907612	0.00205327
97	2.51366	0.893904	0.00109574
98	2.53931	0.884972	0.0015105
99	2.56496	0.885273	0.00143466

0	0.0256496	0	0
1	0.0512993	0	0
2	0.0769489	0	0
3	0.102599	0	0
4	0.128248	0	0
5	0.153898	0	0
6	0.179547	0	0
7	0.205197	0	0
8	0.230847	0	0
9	0.256496	0	0
10	0.282146	0	0
11	0.307796	0	0
12	0.333445	0	0
13	0.359095	0	0
14	0.384745	0	0
15	0.410394	0	0
16	0.436044	0	0
17	0.461694	0	0
18	0.487343	0	0
19	0.512993	0	0
20	0.538642	0	0
21	0.564292	0	0
22	0.589942	0	0
23	0.615591	0	0
24	0.641241	0	0
25	0.666891	0	0
26	0.69254	0	0
27	0.71819	0	0
28	0.74384	0	0
29	0.769489	0	0
30	0.795139	0	0
31	0.820788	0	0
32	0.846438	0	0
33	0.872088	5.40341e-06	5.09439e-06
34	0.897737	0.00118198	0.000130445
35	0.923387	0.0245833	0.000480792
36	0.949037	0.163303	0.00218355
37	0.974686	0.55968	0.00427838
38	1.00034	1.19581	0.00528234
39	1.02599	1.86467	0.00645735
40	1.05164	2.33035	0.00629009
41	1.07728	2.55152	0.00634943
42	1.10293	2.54262	0.00559045
43	1.12858	2.40231	0.00666929
44	1.15423	2.20133	0.00571294
45	1.17988	1.97272	0.00553936
46	1.20553	1.76031	0.00481537
47	1.23118	1.56455	0.00499479
48	1.25683	1.39774	0.00338759
49	1.28248	1.24672	0.00274754
50	1.30813	1.12517	0.00290487
51	1.33378	1.02667	0.00294378
52	1.35943	0.946443	0.00276406
53	1.38508	0.874812	0.00263381
54	1.41073	0.816195	0.0022485
55	1.43638	0.778297	0.00230625
56	1.46203	0.739812	0.00304321
57	1.48768	0.710969	0.00228497
58	1.51333	0.690622	0.00260712
59	1.53898	0.678167	0.00333075
60	1.56463	0.671217	0.00266896
61	1.59028	0.671087	0.00223479
62	1.61593	0.674916	0.00205237
63	1.64158	0.685405	0.00218318
64	1.66723	0.698759	0.00223937
65	1.69288	0.720489	0.00213536
66	1.71853	0.748411	0.00275957
67	1.74418	0.778851	0.0024333
68	1.76983	0.812466	0.00203149
69	1.79547	0.84893	0.00238722
70	1.82112	0.891828	0.00194367
71	1.84677	0.935343	0.0028167
72	1.87242	0.972862	0.00332153
73	1.89807	1.01786	0.00331746
74	1.92372	1.05659	0.00251109
75	1.94937	1.09463	0.00370621
76	1.97502	1.13038	0.00336795
77	2.00067	1.1593	0.00251744
78	2.02632	1.18282	0.00220566
79	2.05197	1.20254	0.00240275
80	2.07762	1.21524	0.00203857
81	2.10327	1.21681	0.00158929
82	2.12892	1.21079	0.00219759
83	2.15457	1.19602	0.00153605
84	2.18022	1.17613	0.00322149
85	2.20587	1.15186	0.00150419
86	2.23152	1.12697	0.00183689
87	2.25717	1.09864	0.00322476
88	2.28282	1.06773	0.00157963
89	2.30847	1.04052	0.00300081
90	2.33412	1.01467	0.00276264
91	2.35977	0.991357	0.00336013
92	2.38542	0.970834	0.00254411
93	2.41107	0.949361	0.00250836
94	2.43672	0.93267	0.00209636
95	2.46237	0.918238	0.00213696
96	2.48802	0.908348	0.00195247
97	2.51366	0.89512	0.00150387
98	2.53931	0.885577	0.00145856
99	2.56496	0.886581	0.00177421

0	0.0256496	0	0
1	0.0512993	0	0
2	0.0769489	0	0
3	0.102599	0	0
4	0.128248	0	0
5	0.153898	0	0
6	0.179547	0	0
7	0.205197	0	0
8	0.230847	0	0
9	0.256496	0	0
10	0.282146	0	0
11	0.307796	0	0
12	0.333445	0	0
13	0.359095	0	0
14	0.384745	0	0
15	0.410394	0	0
16	0.436044	0	0
17	0.461694	0	0
18	0.487343	0	0
19	0.512993	0	0
20	0.538642	0	0
21	0.564292	0	0
22	0.589942	0	0
23	0.615591	0	0
24	0.641241	0	0
25	0.666891	0	0
26	0.69254	0	0
27	0.71819	0	0
28	0.74384	0	0
29	0.769489	0	0
30	0.795139	0	0
31	0.820788	0	0
32	0.846438	0	0
33	0.872088	4.86307e-06	4.61352e-06
34	0.897737	0.00117841	0.000117449
35	0.923387	0.0249009	0.000527266
36	0.949037	0.163031	0.00198203
37	0.974686	0.559327	0.00386509
38	1.00034	1.19467	0.00487424
39	1.02599	1.86325	0.00596607
40	1.05164	2.32796	0.00609766
41	1.07728	2.55152	0.00571448
42	1.10293	2.54258	0.00503151
43	1.12858	2.40362	0.00612883
44	1.15423	2.20081	0.00516596
45	1.17988	1.9735	0.00504021
46	1.20553	1.76161	0.00450478
47	1.23118	1.56618	0.0047528
48	1.25683	1.39849	0.00313214
49	1.28248	1.24634	0.00249894
50	1.30813	1.12433	0.00273495
51	1.33378	1.0267	0.00264958
52	1.35943	0.946185	0.00249965
53	1.38508	0.874418	0.00239976
54	1.41073	0.816396	0.00203258
55	1.43638	0.778094	0.00208459
56	1.46203	0.739786	0.00273899
57	1.48768	0.711643	0.00215345
58	1.51333	0.690976	0.00237028
59	1.53898	0.67883	0.0030628
60	1.56463	0.672482	0.00268536
61	1.59028	0.67212	0.00223764
62	1.61593	0.675869	0.00205687
63	1.64158	0.685499	0.0019669
64	1.66723	0.699973	0.00232127
65	1.69288	0.720046	0.00196721
66	1.71853	0.747339	0.00268395
67	1.74418	0.778629	0.0022001
68	1.76983	0.811891	0.00190794
69	1.79547	0.848464	0.00219354
70	1.82112	0.891833	0.00174931
71	1.84677	0.934107	0.0027931
72	1.87242	0.972546	0.00300432
73	1.89807	1.01686	0.0031311
74	1.92372	1.05578	0.00238955
75	1.94937	1.09384	0.00341772
76	1.97502	1.1297	0.00309887
77	2.00067	1.15905	0.00227782
78	2.02632	1.18265	0.00199148
79	2.05197	1.2018	0.0022743
80	2.07762	1.21509	0.00184022
81	2.10327	1.21605	0.00160004
82	2.12892	1.21209	0.00232765
83	2.15457	1.19682	0.0015768
84	2.18022	1.17695	0.00300191
85	2.20587	1.15203	0.00136382
86	2.23152	1.12709	0.00165699
87	2.25717	1.09869	0.00290265
88	2.28282	1.06774	0.00142171
89	2.30847	1.04096	0.00273242
90	2.33412	1.01509	0.002518
91	2.35977	0.990881	0.00305774
92	2.38542	0.97012	0.00238771
93	2.41107	0.950177	0.00238658
94	2.43672	0.933532	0.00205646
95	2.46237	0.919095	0.00208824
96	2.48802	0.909018	0.00186864
97	2.51366	0.895469	0.00139346
98	2.53931	0.886717	0.00170115
99	2.56496	0.887059	0.00165986

0	0.0256496	0	0
1	0.0512993	0	0
2	0.0769489	0	0
3	0.102599	0	0
4	0.128248	0	0
5	0.153898	0	0
6	0.179547	0	0
7	0.205197	0	0
8	0.230847	0	0
9	0.256496	0	0
10	0.282146	0	0
11	0.307796	0	0
12	0.333445	0	0
13	0.359095	0	0
14	0.384745	0	0
15	0.410394	0	0
16	0.436044	0	0
17	0.461694	0	0
18	0.487343	0	0
19	0.512993	0	0
20	0.538642	0	0
21	0.564292	0	0
22	0.589942	0	0
23	0.615591	0	0
24	0.641241	0	0
25	0.666891	0	0
26	0.69254	0	0
27	0.71819	0	0
28	0.74384	0	0
29	0.769489	0	0
30	0.795139	0	0
31	0.820788	0	0
32	0.846438	0	0
33	0.872088	4.42098e-06	4.21523e-06
34	0.897737	0.00114215	0.000112231
35	0.923387	0.0247867	0.000491538
36	0.949037	0.163155	0.00180573
37	0.974686	0.560985	0.0038532
38	1.00034	1.19681	0.00487777
39	1.02599	1.86613	0.00607584
40	1.05164	2.33181	0.00664733
41	1.07728	2.55376	0.005616
42	1.10293	2.54207	0.00460008
43	1.12858	2.40285	0.00561915
44	1.15423	2.20105	0.00470212
45	1.17988	1.97268	0.00464829
46	1.20553	1.76006	0.00435414
47	1.23118	1.56417	0.00472734
48	1.25683	1.39682	0.00326519
49	1.28248	1.24485	0.00267713
50	1.30813	1.12252	0.00302621
51	1.33378	1.02601	0.00249843
52	1.35943	0.943854	0.00317896
53	1.38508	0.873655	0.00229967
54	1.41073	0.8166	0.00185804
55	1.43638	0.777318	0.0020342
56	1.46203	0.739487	0.00250628
57	1.48768	0.711705	0.00195857
58	1.51333	0.690994	0.00215487
59	1.53898	0.678145	0.00285983
60	1.56463	0.672643	0.00244606
61	1.59028	0.672308	0.00204203
62	1.61593	0.676753	0.00205079
63	1.64158	0.686137	0.00188881
64	1.66723	0.702183	0.00298197
65	1.69288	0.722337	0.00282286
66	1.71853	0.748683	0.00275601
67	1.74418	0.779056	0.00204108
68	1.76983	0.811696	0.00174447
69	1.79547	0.84921	0.00211701
70	1.82112	0.892426	0.00168779
71	1.84677	0.933872	0.00254904
72	1.87242	0.97335	0.00283671
73	1.89807	1.01646	0.00287177
74	1.92372	1.05649	0.00227816
75	1.94937	1.09425	0.00313121
76	1.97502	1.12982	0.00281932
77	2.00067	1.16001	0.00226114
78	2.02632	1.18306	0.00185283
79	2.05197	1.20167	0.00207113
80	2.07762	1.21524	0.00167859
81	2.10327	1.21493	0.00180938
82	2.12892	1.21138	0.00221941
83	2.15457	1.19552	0.00189244
84	2.18022	1.17647	0.00276719
85	2.20587	1.151	0.00158185
86	2.23152	1.12579	0.00195113
87	2.25717	1.09864	0.00263912
88	2.28282	1.06732	0.00135416
89	2.30847	1.04028	0.00256716
90	2.33412	1.01456	0.00234369
91	2.35977	0.990142	0.0028677
92	2.38542	0.969583	0.00223034
93	2.41107	0.94987	0.00218925
94	2.43672	0.93319	0.00189779
95	2.46237	0.91895	0.00190346
96	2.48802	0.909415	0.0017405
97	2.51366	0.895838	0.00131469
98	2.53931	0.887135	0.00159695
99	2.56496	0.887487	0.00156316

0	0.0256496	0	0
1	0.0512993	0	0
2	0.0769489	0	0
3	0.102599	0	0
4	0.128248	0	0
5	0.153898	0	0
6	0.179547	0	0
7	0.205197	0	0
8	0.230847	0	0
9	0.256496	0	0
10	0.282146	0	0
11	0.307796	0	0
12	0.333445	0	0
13	0.359095	0	0
14	0.384745	0	0
15	0.410394	0	0
16	0.436044	0	0
17	0.461694	0	0
18	0.487343	0	0
19	0.512993	0	0
20	0.538642	0	0
21	0.564292	0	0
22	0.589942	0	0
23	0.615591	0	0
24	0.641241	0	0
25	0.666891	0	0
26	0.69254	0	0
27	0.71819	0	0
28	0.74384	0	0
29	0.769489	0	0
30	0.795139	0	0
31	0.820788	0	0
32	0.846438	0	0
33	0.872088	4.05256e-06	3.88003e-06
34	0.897737	0.00116924	0.000106099
35	0.923387	0.0246122	0.000480566
36	0.949037	0.163088	0.0016565
37	0.974686	0.561478	0.00356347
38	1.00034	1.19963	0.00521983
39	1.02599	1.86604	0.00557007
40	1.05164	2.33308	0.00621474
41	1.07728	2.55491	0.00526422
42	1.10293	2.54278	0.0042714
43	1.12858	2.40428	0.00532972
44	1.15423	2.19953	0.00455029
45	1.17988	1.97234	0.00427358
46	1.20553	1.75911	0.00409358
47	1.23118	1.56257	0.00459549
48	1.25683	1.39512	0.00340538
49	1.28248	1.24297	0.00304348
50	1.30813	1.12224	0.0027867
51	1.33378	1.02522	0.00241061
52	1.35943	0.944084	0.00292238
53	1.38508	0.873161	0.00216051
54	1.41073	0.816107	0.00176735
55	1.43638	0.777338	0.00186478
56	1.46203	0.738497	0.00248535
57	1.48768	0.711708	0.00179536
58	1.51333	0.690907	0.00197706
59	1.53898	0.678185	0.00262179
60	1.56463	0.67339	0.00235346
61	1.59028	0.672619	0.00189542
62	1.61593	0.676487	0.00189697
63	1.64158	0.687122	0.00197174
64	1.66723	0.702947	0.0028298
65	1.69288	0.723213	0.00272025
66	1.71853	0.749598	0.00267403
67	1.74418	0.779146	0.00187298
68	1.76983	0.812401	0.0017356
69	1.79547	0.850048	0.00210017
70	1.82112	0.893156	0.00169779
71	1.84677	0.934527	0.00241926
72	1.87242	0.973819	0.00263869
73	1.89807	1.01714	0.00271029
74	1.92372	1.05674	0.00210119
75	1.94937	1.09373	0.00291337
76	1.97502	1.12977	0.00258473
77	2.00067	1.15955	0.00211769
78	2.02632	1.18303	0.00169874
79	2.05197	1.20124	0.00194186
80	2.07762	1.21449	0.00169798
81	2.10327	1.21397	0.00189579
82	2.12892	1.20986	0.00250583
83	2.15457	1.19458	0.00195441
84	2.18022	1.17559	0.00267402
85	2.20587	1.15093	0.00145148
86	2.23152	1.12515	0.00189062
87	2.25717	1.09729	0.00274463
88	2.28282	1.06719	0.00124761
89	2.30847	1.04092	0.00243298
90	2.33412	1.01436	0.00215668
91	2.35977	0.990172	0.00262888
92	2.38542	0.968976	0.00212545
93	2.41107	0.950587	0.00212104
94	2.43672	0.933424	0.00175404
95	2.46237	0.919379	0.00179249
96	2.48802	0.909922	0.00166753
97	2.51366	0.896034	0.00121963
98	2.53931	0.887252	0.00146815
99	2.56496	0.887782	0.00146039

0	0.0256496	0	0
1	0.0512993	0	0
2	0.0769489	0	0
3	0.102599	0	0
4	0.128248	0	0
5	0.153898	0	0
6	0.179547	0	0
7	0.205197	0	0
8	0.230847	0	0
9	0.256496	0	0
10	0.282146	0	0
11	0.307796	0	0
12	0.333445	0	0
13	0.359095	0	0
14	0.384745	0	0
15	0.410394	0	0
16	0.436044	0	0
17	0.461694	0	0
18	0.487343	0	0
19	0.512993	0	0
20	0.538642	0	0
21	0.564292	0	0
22	0.589942	0	0
23	0.615591	0	0
24	0.641241	0	0
25	0.666891	0	0
26	0.69254	0	0
27	0.71819	0	0
28	0.74384	0	0
29	0.769489	0	0
30	0.795139	0	0
31	0.820788	0	0
32	0.846438	0	0
33	0.872088	3.74083e-06	3.59407e-06
34	0.897737	0.00114632	0.000100384
35	0.923387	0.0245411	0.000448823
36	0.949037	0.16384	0.00169154
37	0.974686	0.562376	0.00340052
38	1.00034	1.19968	0.00481862
39	1.02599	1.86434	0.00539697
40	1.05164	2.3325	0.00576426
41	1.07728	2.55419	0.00490755
42	1.10293	2.54364	0.00402756
43	1.12858	2.40495	0.00496067
44	1.15423	2.19956	0.00420036
45	1.17988	1.97193	0.00396485
46	1.20553	1.7587	0.00379854
47	1.23118	1.56229	0.0042503
48	1.25683	1.39483	0.00315572
49	1.28248	1.24255	0.00283805
50	1.30813	1.12161	0.0026418
51	1.33378	1.0251	0.00222794
52	1.35943	0.943372	0.00278283
53	1.38508	0.872887	0.0020115
54	1.41073	0.816893	0.00179765
55	1.43638	0.777358	0.00172144
56	1.46203	0.738577	0.00229546
57	1.48768	0.712198	0.00172295
58	1.51333	0.691103	0.00183468
59	1.53898	0.678145	0.00242042
60	1.56463	0.673253	0.00217639
61	1.59028	0.672232	0.00178873
62	1.61593	0.676387	0.00175373
63	1.64158	0.687181	0.00182092
64	1.66723	0.703041	0.00261368
65	1.69288	0.723418	0.00251874
66	1.71853	0.749989	0.00249676
67	1.74418	0.779241	0.0017313
68	1.76983	0.812729	0.00163277
69	1.79547	0.850818	0.00207487
70	1.82112	0.893142	0.00156724
71	1.84677	0.934097	0.00227102
72	1.87242	0.974141	0.00245537
73	1.89807	1.01641	0.00259833
74	1.92372	1.05602	0.00205894
75	1.94937	1.093	0.00277794
76	1.97502	1.1297	0.00238707
77	2.00067	1.16001	0.00200354
78	2.02632	1.18333	0.00159484
79	2.05197	1.20171	0.00184846
80	2.07762	1.21491	0.0016193
81	2.10327	1.21484	0.00194111
82	2.12892	1.21038	0.00236641
83	2.15457	1.19485	0.001822
84	2.18022	1.17603	0.00250358
85	2.20587	1.1511	0.00134903
86	2.23152	1.12547	0.00177229
87	2.25717	1.09744	0.00253763
88	2.28282	1.06693	0.00117728
89	2.30847	1.04078	0.00225001
90	2.33412	1.01387	0.00204603
91	2.35977	0.990162	0.00242668
92	2.38542	0.968455	0.00202478
93	2.41107	0.950485	0.00196036
94	2.43672	0.932616	0.00179574
95	2.46237	0.918843	0.00173281
96	2.48802	0.909269	0.00166221
97	2.51366	0.895625	0.00119238
98	2.53931	0.886934	0.00138927
99	2.56496	0.887839	0.00134917

0	0.0256496	0	0
1	0.0512993	0	0
2	0.0769489	0	0
3	0.102599	0	0
4	0.128248	0	0
5	0.153898	0	0
6	0.179547	0	0
7	0.205197	0	0
8	0.230847	0	0
9	0.256496	0	0
10	0.282146	0	0
11	0.307796	0	0
12	0.333445	0	0
13	0.359095	0	0
14	0.384745	0	0
15	0.410394	0	0
16	0.436044	0	0
17	0.461694	0	0
18	0.487343	0	0
19	0.512993	0	0
20	0.538642	0	0
21	0.564292	0	0
22	0.589942	0	0
23	0.615591	0	0
24	0.641241	0	0
25	0.666891	0	0
26	0.69254	0	0
27	0.71819	0	0
28	0.74384	0	0
29	0.769489	0	0
30	0.795139	0	0
31	0.820788	0	0
32	0.846438	0	0
33	0.872088	3.47362e-06	3.34727e-06
34	0.897737	0.00112666	9.51174e-05
35	0.923387	0.0243998	0.000438455
36	0.949037	0.163678	0.00157848
37	0.974686	0.561593	0.00324653
38	1.00034	1.19969	0.00447444
39	1.02599	1.86199	0.00549858
40	1.05164	2.33187	0.0053859
41	1.07728	2.55456	0.00457059
42	1.10293	2.54473	0.00388551
43	1.12858	2.40523	0.00461452
44	1.15423	2.2008	0.00407937
45	1.17988	1.97281	0.00377813
46	1.20553	1.75895	0.00353513
47	1.23118	1.56251	0.00395226
48	1.25683	1.39413	0.00300853
49	1.28248	1.24279	0.00264566
50	1.30813	1.12235	0.0025541
51	1.33378	1.02499	0.00207156
52	1.35943	0.943389	0.00258411
53	1.38508	0.873046	0.00187403
54	1.41073	0.817307	0.0017162
55	1.43638	0.777674	0.00162733
56	1.46203	0.739002	0.00217054
57	1.48768	0.71217	0.00160012
58	1.51333	0.691511	0.00174828
59	1.53898	0.678447	0.00226626
60	1.56463	0.673213	0.00202131
61	1.59028	0.671608	0.00176632
62	1.61593	0.675844	0.00171032
63	1.64158	0.686919	0.00170954
64	1.66723	0.702669	0.00245333
65	1.69288	0.722879	0.00239585
66	1.71853	0.749831	0.00232345
67	1.74418	0.778852	0.00165066
68	1.76983	0.812147	0.00161634
69	1.79547	0.850235	0.00200696
70	1.82112	0.893061	0.00145739
71	1.84677	0.934061	0.0021091
72	1.87242	0.973642	0.00233017
73	1.89807	1.01637	0.002413
74	1.92372	1.05629	0.00192987
75	1.94937	1.09289	0.00258182
76	1.97502	1.12896	0.00232568
77	2.00067	1.1594	0.00195135
78	2.02632	1.18329	0.00148149
79	2.05197	1.20191	0.00172647
80	2.07762	1.21521	0.00153059
81	2.10327	1.21489	0.00180305
82	2.12892	1.21047	0.00219907
83	2.15457	1.19619	0.0021317
84	2.18022	1.17674	0.00242493
85	2.20587	1.1514	0.00128695
86	2.23152	1.12644	0.00189337
87	2.25717	1.09821	0.00246947
88	2.28282	1.06777	0.00135696
89	2.30847	1.04088	0.00209179
90	2.33412	1.01383	0.0019004
91	2.35977	0.990523	0.00228011
92	2.38542	0.968566	0.00188318
93	2.41107	0.950304	0.00182867
94	2.43672	0.932358	0.00168592
95	2.46237	0.918646	0.00162022
96	2.48802	0.908794	0.00160996
97	2.51366	0.895519	0.00111195
98	2.53931	0.886798	0.00129665
99	2.56496	0.88735	0.00133859

0	0.0256496	0	0
1	0.0512993	0	0
2	0.0769489	0	0
3	0.102599	0	0
4	0.128248	0	0
5	0.153898	0	0
6	0.179547	0	0
7	0.205197	0	0
8	0.230847	0	0
9	0.256496	0	0
10	0.282146	0	0
11	0.307796	0	0
12	0.333445	0	0
13	0.359095	0	0
14	0.384745	0	0
15	0.410394	0	0
16	0.436044	0	0
17	0.461694	0	0
18	0.487343	0	0
19	0.512993	0	0
20	0.538642	0	0
21	0.564292	0	0
22	0.589942	0	0
23	0.615591	0	0
24	0.641241	0	0
25	0.666891	0	0
26	0.69254	0	0
27	0.71819	0	0
28	0.74384	0	0
29	0.769489	0	0
30	0.795139	0	0
31	0.820788	0	0
32	0.846438	0	0
33	0.872088	3.24205e-06	3.13212e-06
34	0.897737	0.00110352	9.15488e-05
35	0.923387	0.0243119	0.000417932
36	0.949037	0.163461	0.00148811
37	0.974686	0.561796	0.00303648
38	1.00034	1.20142	0.00449894
39	1.02599	1.86296	0.00521784
40	1.05164	2.33303	0.00514901
41	1.07728	2.55408	0.00429078
42	1.10293	2.54421	0.00366201
43	1.12858	2.40467	0.00434056
44	1.15423	2.20015	0.00385775
45	1.17988	1.97185	0.0036443
46	1.20553	1.75786	0.00346387
47	1.23118	1.5613	0.00386855
48	1.25683	1.39277	0.00309829
49	1.28248	1.24283	0.00246947
50	1.30813	1.12265	0.00240105
51	1.33378	1.0249	0.00193555
52	1.35943	0.943404	0.00241188
53	1.38508	0.873485	0.00179993
54	1.41073	0.817806	0.00167289
55	1.43638	0.777989	0.00154895
56	1.46203	0.739552	0.00209431
57	1.48768	0.712601	0.00155059
58	1.51333	0.692182	0.00175576
59	1.53898	0.678642	0.00212352
60	1.56463	0.673083	0.00189076
61	1.59028	0.671956	0.00168259
62	1.61593	0.676154	0.00162422
63	1.64158	0.687298	0.001637
64	1.66723	0.703155	0.00233735
65	1.69288	0.723261	0.00226632
66	1.71853	0.749655	0.00217515
67	1.74418	0.779488	0.00165861
68	1.76983	0.812606	0.00157226
69	1.79547	0.850671	0.00191997
70	1.82112	0.893325	0.00138387
71	1.84677	0.934183	0.00197206
72	1.87242	0.974137	0.00222664
73	1.89807	1.01634	0.00225237
74	1.92372	1.05597	0.00182735
75	1.94937	1.09298	0.00241146
76	1.97502	1.12877	0.00217909
77	2.00067	1.15903	0.00185637
78	2.02632	1.18307	0.00139822
79	2.05197	1.20103	0.00181902
80	2.07762	1.21474	0.00149716
81	2.10327	1.21459	0.00170668
82	2.12892	1.20968	0.00218982
83	2.15457	1.19583	0.00202065
84	2.18022	1.17593	0.00239523
85	2.20587	1.15036	0.00156888
86	2.23152	1.12516	0.00216045
87	2.25717	1.09806	0.0023094
88	2.28282	1.06775	0.00126659
89	2.30847	1.04059	0.00197274
90	2.33412	1.01405	0.00178689
91	2.35977	0.99079	0.00214365
92	2.38542	0.968674	0.00176072
93	2.41107	0.950694	0.00174786
94	2.43672	0.932881	0.00165283
95	2.46237	0.919637	0.00178975
96	2.48802	0.909783	0.00178087
97	2.51366	0.896352	0.00131366
98	2.53931	0.887217	0.00127624
99	2.56496	0.887985	0.00139207

0	0.0256496	0	0
1	0.0512993	0	0
2	0.0769489	0	0
3	0.102599	0	0
4	0.128248	0	0
5	0.153898	0	0
6	0.179547	0	0
7	0.205197	0	0
8	0.230847	0	0
9	0.256496	0	0
10	0.282146	0	0
11	0.307796	0	0
12	0.333445	0	0
13	0.359095	0	0
14	0.384745	0	0
15	0.410394	0	0
16	0.436044	0	0
17	0.461694	0	0
18	0.487343	0	0
19	0.512993	0	0
20	0.538642	0	0
21	0.564292	0	0
22	0.589942	0	0
23	0.615591	0	0
24	0.641241	0	0
25	0.666891	0	0
26	0.69254	0	0
27	0.71819	0	0
28	0.74384	0	0
29	0.769489	0	0
30	0.795139	0	0
31	0.820788	0	0
32	0.846438	0	0
33	0.872088	3.03942e-06	2.94291e-06
34	0.897737	0.00111766	8.69118e-05
35	0.923387	0.0243406	0.000392795
36	0.949037	0.163834	0.00144116
37	0.974686	0.561853	0.00284723
38	1.00034	1.20126	0.00422084
39	1.02599	1.8639	0.00497587
40	1.05164	2.33234	0.00487255
41	1.07728	2.55446	0.00403923
42	1.10293	2.54531	0.00359643
43	1.12858	2.40474	0.00406973
44	1.15423	2.19994	0.00362232
45	1.17988	1.97251	0.00347511
46	1.20553	1.75717	0.00331447
47	1.23118	1.56119	0.00362853
48	1.25683	1.39243	0.00292347
49	1.28248	1.24273	0.00231684
50	1.30813	1.12273	0.00225221
51	1.33378	1.02566	0.00195934
52	1.35943	0.9429	0.00231307
53	1.38508	0.87303	0.00174412
54	1.41073	0.817647	0.00157587
55	1.43638	0.777402	0.00155917
56	1.46203	0.739378	0.00197063
57	1.48768	0.712548	0.0014546
58	1.51333	0.692336	0.00165281
59	1.53898	0.67819	0.00203816
60	1.56463	0.672842	0.00178786
61	1.59028	0.671964	0.00157744
62	1.61593	0.676436	0.001547
63	1.64158	0.687226	0.00153627
64	1.66723	0.703382	0.0022023
65	1.69288	0.723476	0.00213489
66	1.71853	0.749838	0.00204688
67	1.74418	0.779973	0.00162441
68	1.76983	0.813055	0.001537
69	1.79547	0.8511	0.00184727
70	1.82112	0.89351	0.00130974
71	1.84677	0.934395	0.00186017
72	1.87242	0.974132	0.00208748
73	1.89807	1.01642	0.002113
74	1.92372	1.05598	0.00171315
75	1.94937	1.09294	0.00226116
76	1.97502	1.12814	0.00213158
77	2.00067	1.15914	0.00174361
78	2.02632	1.18314	0.00131224
79	2.05197	1.20082	0.00171811
80	2.07762	1.21445	0.0014321
81	2.10327	1.21388	0.00174179
82	2.12892	1.20939	0.002072
83	2.15457	1.19548	0.00192336
84	2.18022	1.1762	0.00226066
85	2.20587	1.15029	0.00147249
86	2.23152	1.12503	0.00202891
87	2.25717	1.09756	0.00221783
88	2.28282	1.06772	0.00118769
89	2.30847	1.04016	0.00189628
90	2.33412	1.01404	0.00167524
91	2.35977	0.990353	0.00205362
92	2.38542	0.968473	0.00166211
93	2.41107	0.950912	0.00165215
94	2.43672	0.932985	0.00155278
95	2.46237	0.919981	0.00171073
96	2.48802	0.910093	0.0016964
97	2.51366	0.89661	0.0012567
98	2.53931	0.887517	0.00123119
99	2.56496	0.888275	0.00133488

0	0.0256496	0	0
1	0.0512993	0	0
2	0.0769489	0	0
3	0.102599	0	0
4	0.128248	0	0
5	0.153898	0	0
6	0.179547	0	0
7	0.205197	0	0
8	0.230847	0	0
9	0.256496	0	0
10	0.282146	0	0
11	0.307796	0	0
12	0.333445	0	0
13	0.359095	0	0
14	0.384745	0	0
15	0.410394	0	0
16	0.436044	0	0
17	0.461694	0	0
18	0.487343	0	0
19	0.512993	0	0
20	0.538642	0	0
21	0.564292	0	0
22	0.589942	0	0
23	0.615591	0	0
24	0.641241	0	0
25	0.666891	0	0
26	0.69254	0	0
27	0.71819	0	0
28	0.74384	0	0
29	0.769489	0	0
30	0.795139	0	0
31	0.820788	0	0
32	0.846438	0	0
33	0.872088	2.86063e-06	2.77522e-06
34	0.897737	0.00113822	8.41976e-05
35	0.923387	0.0243608	0.00037021
36	0.949037	0.164349	0.00144546
37	0.974686	0.563833	0.00329671
38	1.00034	1.20288	0.0042746
39	1.02599	1.86277	0.0048108
40	1.05164	2.33252	0.00458906
41	1.07728	2.55407	0.00382002
42	1.10293	2.54395	0.00363326
43	1.12858	2.40406	0.00388604
44	1.15423	2.19883	0.0035759
45	1.17988	1.97218	0.00328644
46	1.20553	1.75607	0.00329904
47	1.23118	1.56027	0.00352801
48	1.25683	1.39059	0.00327621
49	1.28248	1.24394	0.00247563
50	1.30813	1.12312	0.00215432
51	1.33378	1.02589	0.00185759
52	1.35943	0.943492	0.00225133
53	1.38508	0.8738	0.0018036
54	1.41073	0.817855	0.0014968
55	1.43638	0.777645	0.00148619
56	1.46203	0.739682	0.00187803
57	1.48768	0.712696	0.00137654
58	1.51333	0.693199	0.00176632
59	1.53898	0.677934	0.00193435
60	1.56463	0.673178	0.00171408
61	1.59028	0.671903	0.00148581
62	1.61593	0.676244	0.00146793
63	1.64158	0.687212	0.00144596
64	1.66723	0.703498	0.00207579
65	1.69288	0.72362	0.00201414
66	1.71853	0.749548	0.00194693
67	1.74418	0.779973	0.00152885
68	1.76983	0.813375	0.00147945
69	1.79547	0.85126	0.00174556
70	1.82112	0.893768	0.00125783
71	1.84677	0.934355	0.00175119
72	1.87242	0.974372	0.00197851
73	1.89807	1.01643	0.00198875
74	1.92372	1.05598	0.00161238
75	1.94937	1.09322	0.00214494
76	1.97502	1.12801	0.00201014
77	2.00067	1.15876	0.00168187
78	2.02632	1.18274	0.00129411
79	2.05197	1.20102	0.00162853
80	2.07762	1.21389	0.00145263
81	2.10327	1.2133	0.00173486
82	2.12892	1.20892	0.00200116
83	2.15457	1.19562	0.00181536
84	2.18022	1.17593	0.00214386
85	2.20587	1.15059	0.00141767
86	2.23152	1.12548	0.00195735
87	2.25717	1.09789	0.00211122
88	2.28282	1.06753	0.00113332
89	2.30847	1.04083	0.00189862
90	2.33412	1.01397	0.00157834
91	2.35977	0.990524	0.00193992
92	2.38542	0.968318	0.00157147
93	2.41107	0.951037	0.00155972
94	2.43672	0.933145	0.0014696
95	2.46237	0.920278	0.00163561
96	2.48802	0.910286	0.00160753
97	2.51366	0.896561	0.00118375
98	2.53931	0.887539	0.00115896
99	2.56496	0.888065	0.00127272

0	0.0256496	0	0
1	0.0512993	0	0
2	0.0769489	0	0
3	0.102599	0	0
4	0.128248	0	0
5	0.153898	0	0
6	0.179547	0	0
7	0.205197	0	0
8	0.230847	0	0
9	0.256496	0	0
10	0.282146	0	0
11	0.307796	0	0
12	0.333445	0	0
13	0.359095	0	0
14	0.384745	0	0
15	0.410394	0	0
16	0.436044	0	0
17	0.461694	0	0
18	0.487343	0	0
19	0.512993	0	0
20	0.538642	0	0
21	0.564292	0	0
22	0.589942	0	0
23	0.615591	0	0
24	0.641241	0	0
25	0.666891	0	0
26	0.69254	0	0
27	0.71819	0	0
28	0.74384	0	0
29	0.769489	0	0
30	0.795139	0	0
31	0.820788	0	0
32	0.846438	0	0
33	0.872088	2.70171e-06	2.62559e-06
34	0.897737	0.00112594	8.04115e-05
35	0.923387	0.0244342	0.000356827
36	0.949037	0.16442	0.00136689
37	0.974686	0.563492	0.00313111
38	1.00034	1.20026	0.00477536
39	1.02599	1.86042	0.00508668
40	1.05164	2.33227	0.00434079
41	1.07728	2.55312	0.00372372
42	1.10293	2.54397	0.00343147
43	1.12858	2.40595	0.00410383
44	1.15423	2.20011	0.00359771
45	1.17988	1.97266	0.00313876
46	1.20553	1.75677	0.00319015
47	1.23118	1.56179	0.00364225
48	1.25683	1.39191	0.00334616
49	1.28248	1.24522	0.00264927
50	1.30813	1.12552	0.00309051
51	1.33378	1.02596	0.00175551
52	1.35943	0.943642	0.00213128
53	1.38508	0.874942	0.0020332
54	1.41073	0.818239	0.001462
55	1.43638	0.777137	0.00148791
56	1.46203	0.739117	0.00185689
57	1.48768	0.711727	0.00160529
58	1.51333	0.692111	0.00197496
59	1.53898	0.67742	0.00189398
60	1.56463	0.672058	0.00195113
61	1.59028	0.670832	0.00174727
62	1.61593	0.675295	0.00166505
63	1.64158	0.686039	0.00177888
64	1.66723	0.702533	0.00217318
65	1.69288	0.723001	0.00199497
66	1.71853	0.749091	0.00189158
67	1.74418	0.779717	0.00146525
68	1.76983	0.813095	0.00142351
69	1.79547	0.851316	0.00164946
70	1.82112	0.893816	0.00118887
71	1.84677	0.934779	0.0017043
72	1.87242	0.975312	0.00207976
73	1.89807	1.01709	0.00198591
74	1.92372	1.05642	0.00158202
75	1.94937	1.09367	0.00207237
76	1.97502	1.12877	0.00203825
77	2.00067	1.15871	0.00158915
78	2.02632	1.18336	0.00136315
79	2.05197	1.20102	0.00153805
80	2.07762	1.21414	0.00139312
81	2.10327	1.21321	0.00164071
82	2.12892	1.209	0.00189132
83	2.15457	1.19564	0.00171462
84	2.18022	1.17577	0.00203049
85	2.20587	1.1511	0.00142728
86	2.23152	1.12521	0.00186685
87	2.25717	1.09811	0.00200514
88	2.28282	1.06828	0.00129383
89	2.30847	1.04137	0.00186992
90	2.33412	1.01446	0.00156577
91	2.35977	0.990651	0.00183625
92	2.38542	0.968543	0.00150016
93	2.41107	0.95062	0.00152781
94	2.43672	0.93296	0.00139946
95	2.46237	0.920401	0.00154936
96	2.48802	0.910134	0.00152539
97	2.51366	0.89637	0.00113328
98	2.53931	0.886895	0.00126099
99	2.56496	0.887335	0.00139607

0	0.0256496	0	0
1	0.0512993	0	0
2	0.0769489	0	0
3	0.102599	0	0
4	0.128248	0	0
5	0.153898	0	0
6	0.179547	0	0
7	0.205197	0	0
8	0.230847	0	0
9	0.256496	0	0
10	0.282146	0	0
11	0.307796	0	0
12	0.333445	0	0
13	0.359095	0	0
14	0.384745	0	0
15	0.410394	0	0
16	0.436044	0	0
17	0.461694	0	0
18	0.487343	0	0
19	0.512993	0	0
20	0.538642	0	0
21	0.564292	0	0
22	0.589942	0	0
23	0.615591	0	0
24	0.641241	0	0
25	0.666891	0	0
26	0.69254	0	0
27	0.71819	0	0
28	0.74384	0	0
29	0.769489	0	0
30	0.795139	0	0
31	0.820788	0	0
32	0.846438	0	0
33	0.872088	2.55951e-06	2.49125e-06
34	0.897737	0.00112701	7.61864e-05
35	0.923387	0.0245294	0.000350522
36	0.949037	0.164147	0.00132192
37	0.974686	0.564141	0.00303285
38	1.00034	1.20098	0.00457876
39	1.02599	1.86217	0.00511157
40	1.05164	2.33231	0.00411254
41	1.07728	2.55335	0.00353444
42	1.10293	2.545	0.00340194
43	1.12858	2.40655	0.0039311
44	1.15423	2.20022	0.00341009
45	1.17988	1.97235	0.00298841
46	1.20553	1.75633	0.00305283
47	1.23118	1.56187	0.0034516
48	1.25683	1.39159	0.00318515
49	1.28248	1.24575	0.00256053
50	1.30813	1.12506	0.0029606
51	1.33378	1.02572	0.00167963
52	1.35943	0.942737	0.00220306
53	1.38508	0.87374	0.00225361
54	1.41073	0.817819	0.00144405
55	1.43638	0.776204	0.00167676
56	1.46203	0.738367	0.00190457
57	1.48768	0.711172	0.00161392
58	1.51333	0.69179	0.0018968
59	1.53898	0.677501	0.00179604
60	1.56463	0.672617	0.00192707
61	1.59028	0.671117	0.00167836
62	1.61593	0.675846	0.00166614
63	1.64158	0.68669	0.00180019
64	1.66723	0.702823	0.00207813
65	1.69288	0.723725	0.00201686
66	1.71853	0.749238	0.00179771
67	1.74418	0.780245	0.00148015
68	1.76983	0.81322	0.00135404
69	1.79547	0.851647	0.00159549
70	1.82112	0.893098	0.00132558
71	1.84677	0.934531	0.00163251
72	1.87242	0.975192	0.00197376
73	1.89807	1.01698	0.00188442
74	1.92372	1.05627	0.00150529
75	1.94937	1.09369	0.0019635
76	1.97502	1.12844	0.00195769
77	2.00067	1.15866	0.00150629
78	2.02632	1.18376	0.00134857
79	2.05197	1.20122	0.00147049
80	2.07762	1.21466	0.00141269
81	2.10327	1.21357	0.00159361
82	2.12892	1.20906	0.00179273
83	2.15457	1.19579	0.00163088
84	2.18022	1.1762	0.00196849
85	2.20587	1.15122	0.0013569
86	2.23152	1.12526	0.00176943
87	2.25717	1.09791	0.00190953
88	2.28282	1.06845	0.00123634
89	2.30847	1.04125	0.00177577
90	2.33412	1.01403	0.00154166
91	2.35977	0.990226	0.00178804
92	2.38542	0.968314	0.00143867
93	2.41107	0.950091	0.00153622
94	2.43672	0.932417	0.00142755
95	2.46237	0.920138	0.00149
96	2.48802	0.910121	0.00144516
97	2.51366	0.896064	0.00111407
98	2.53931	0.887053	0.00120446
99	2.56496	0.887453	0.00132758

0	0.0256496	0	0
1	0.0512993	0	0
2	0.0769489	0	0
3	0.102599	0	0
4	0.128248	0	0
5	0.153898	0	0
6	0.179547	0	0
7	0.205197	0	0
8	0.230847	0	0
9	0.256496	0	0
10	0.282146	0	0
11	0.307796	0	0
12	0.333445	0	0
13	0.359095	0	0
14	0.384745	0	0
15	0.410394	0	0
16	0.436044	0	0
17	0.461694	0	0
18	0.487343	0	0
19	0.512993	0	0
20	0.538642	0	0
21	0.564292	0	0
22	0.589942	0	0
23	0.615591	0	0
24	0.641241	0	0
25	0.666891	0	0
26	0.69254	0	0
27	0.71819	0	0
28	0.74384	0	0
29	0.769489	0	0
30	0.795139	0	0
31	0.820788	0	0
32	0.846438	0	0
33	0.872088	2.43154e-06	2.36997e-06
34	0.897737	0.00116695	8.21821e-05
35	0.923387	0.0244159	0.000350893
36	0.949037	0.164334	0.00126892
37	0.974686	0.563613	0.00292676
38	1.00034	1.20038	0.00438934
39	1.02599	1.86179	0.00486977
40	1.05164	2.33093	0.0041343
41	1.07728	2.5541	0.00343595
42	1.10293	2.5463	0.0034698
43	1.12858	2.40711	0.00377516
44	1.15423	2.20118	0.00337364
45	1.17988	1.97365	0.00310687
46	1.20553	1.75763	0.00316448
47	1.23118	1.56295	0.00344318
48	1.25683	1.39209	0.00306472
49	1.28248	1.24626	0.00248343
50	1.30813	1.12497	0.00281415
51	1.33378	1.02484	0.00180867
52	1.35943	0.942475	0.00210836
53	1.38508	0.87316	0.00221437
54	1.41073	0.816915	0.00163054
55	1.43638	0.776007	0.00160439
56	1.46203	0.738387	0.00180944
57	1.48768	0.710525	0.00165766
58	1.51333	0.691537	0.00181878
59	1.53898	0.676924	0.00179645
60	1.56463	0.672707	0.00183282
61	1.59028	0.670791	0.00162564
62	1.61593	0.675957	0.00158653
63	1.64158	0.686285	0.00175512
64	1.66723	0.702517	0.00199672
65	1.69288	0.723012	0.00203806
66	1.71853	0.749101	0.00171308
67	1.74418	0.780342	0.00140936
68	1.76983	0.813592	0.00133652
69	1.79547	0.851758	0.00151959
70	1.82112	0.89315	0.00126032
71	1.84677	0.934384	0.0015575
72	1.87242	0.975217	0.00187523
73	1.89807	1.01673	0.00180796
74	1.92372	1.05657	0.00145813
75	1.94937	1.09374	0.00186588
76	1.97502	1.12868	0.00187487
77	2.00067	1.15933	0.00157346
78	2.02632	1.18423	0.00136245
79	2.05197	1.20191	0.00154839
80	2.07762	1.21483	0.0013531
81	2.10327	1.21376	0.00152521
82	2.12892	1.20922	0.00171068
83	2.15457	1.19615	0.001588
84	2.18022	1.17602	0.00187856
85	2.20587	1.15154	0.00132665
86	2.23152	1.12557	0.00170778
87	2.25717	1.09759	0.00184007
88	2.28282	1.06808	0.00122807
89	2.30847	1.04077	0.00175012
90	2.33412	1.01408	0.00146539
91	2.35977	0.990082	0.0017044
92	2.38542	0.968518	0.00138115
93	2.41107	0.949905	0.00147067
94	2.43672	0.932333	0.00135861
95	2.46237	0.919733	0.00146936
96	2.48802	0.909753	0.00141903
97	2.51366	0.895812	0.00108645
98	2.53931	0.886873	0.00115756
99	2.56496	0.887319	0.00126793

0	0.0256496	0	0
1	0.0512993	0	0
2	0.0769489	0	0
3	0.102599	0	0
4	0.128248	0	0
5	0.153898	0	0
6	0.179547	0	0
7	0.205197	0	0
8	0.230847	0	0
9	0.256496	0	0
10	0.282146	0	0
11	0.307796	0	0
12	0.333445	0	0
13	0.359095	0	0
14	0.384745	0	0
15	0.410394	0	0
16	0.436044	0	0
17	0.461694	0	0
18	0.487343	0	0
19	0.512993	0	0
20	0.538642	0	0
21	0.564292	0	0
22	0.589942	0	0
23	0.615591	0	0
24	0.641241	0	0
25	0.666891	0	0
26	0.69254	0	0
27	0.71819	0	0
28	0.74384	0	0
29	0.769489	0	0
30	0.795139	0	0
31	0.820788	0	0
32	0.846438	0	0
33	0.872088	2.31575e-06	2.25994e-06
34	0.897737	0.00114413	8.13745e-05
35	0.923387	0.0243709	0.000337051
36	0.949037	0.164598	0.00123571
37	0.974686	0.562981	0.00285496
38	1.00034	1.19936	0.00429655
39	1.02599	1.85958	0.0051157
40	1.05164	2.33048	0.00396171
41	1.07728	2.5522	0.00376148
42	1.10293	2.54718	0.00341473
43	1.12858	2.40611	0.00372677
44	1.15423	2.20207	0.00332825
45	1.17988	1.97415	0.00299827
46	1.20553	1.75759	0.00301405
47	1.23118	1.56376	0.00337167
48	1.25683	1.39253	0.00295089
49	1.28248	1.24658	0.00238614
50	1.30813	1.1255	0.00273054
51	1.33378	1.02523	0.00176435
52	1.35943	0.942816	0.00203528
53	1.38508	0.873583	0.00214895
54	1.41073	0.81739	0.00162065
55	1.43638	0.776522	0.00160826
56	1.46203	0.738878	0.00178871
57	1.48768	0.710319	0.00159147
58	1.51333	0.691825	0.00175484
59	1.53898	0.676907	0.00171098
60	1.56463	0.672281	0.00179442
61	1.59028	0.67078	0.00154827
62	1.61593	0.675629	0.00154451
63	1.64158	0.685542	0.00182194
64	1.66723	0.702112	0.00194225
65	1.69288	0.723138	0.00194488
66	1.71853	0.748661	0.00168695
67	1.74418	0.780318	0.00134246
68	1.76983	0.813658	0.0012745
69	1.79547	0.851806	0.00144799
70	1.82112	0.89342	0.00122897
71	1.84677	0.933789	0.00159285
72	1.87242	0.974996	0.00179883
73	1.89807	1.01615	0.00181049
74	1.92372	1.05625	0.00142326
75	1.94937	1.0936	0.0017825
76	1.97502	1.12875	0.00178666
77	2.00067	1.15959	0.00151922
78	2.02632	1.18366	0.00141261
79	2.05197	1.20195	0.00147533
80	2.07762	1.2155	0.00144359
81	2.10327	1.21377	0.00145259
82	2.12892	1.20925	0.00162939
83	2.15457	1.19617	0.00151254
84	2.18022	1.17584	0.00179783
85	2.20587	1.15196	0.00132812
86	2.23152	1.1259	0.00165827
87	2.25717	1.09776	0.00176001
88	2.28282	1.06813	0.0011709
89	2.30847	1.04088	0.00167016
90	2.33412	1.01396	0.00140005
91	2.35977	0.990095	0.00162328
92	2.38542	0.968445	0.00131728
93	2.41107	0.950089	0.0014121
94	2.43672	0.932575	0.00131533
95	2.46237	0.919722	0.00139943
96	2.48802	0.909918	0.00136102
97	2.51366	0.895678	0.00104301
98	2.53931	0.886805	0.00110441
99	2.56496	0.887421	0.00121167

0	0.0256496	0	0
1	0.0512993	0	0
2	0.0769489	0	0
3	0.102599	0	0
4	0.128248	0	0
5	0.153898	0	0
6	0.179547	0	0
7	0.205197	0	0
8	0.230847	0	0
9	0.256496	0	0
10	0.282146	0	0
11	0.307796	0	0
12	0.333445	0	0
13	0.359095	0	0
14	0.384745	0	0
15	0.410394	0	0
16	0.436044	0	0
17	0.461694	0	0
18	0.487343	0	0
19	0.512993	0	0
20	0.538642	0	0
21	0.564292	0	0
22	0.589942	0	0
23	0.615591	0	0
24	0.641241	0	0
25	0.666891	0	0
26	0.69254	0	0
27	0.71819	0	0
28	0.74384	0	0
29	0.769489	0	0
30	0.795139	0	0
31	0.820788	0	0
32	0.846438	0	0
33	0.872088	2.21049e-06	2.15966e-06
34	0.897737	0.00112339	8.02759e-05
35	0.923387	0.0243576	0.000321993
36	0.949037	0.164349	0.00120446
37	0.974686	0.562495	0.00276611
38	1.00034	1.19944	0.00410202
39	1.02599	1.85881	0.0049402
40	1.05164	2.33033	0.0037845
41	1.07728	2.55142	0.00366963
42	1.10293	2.54593	0.0034819
43	1.12858	2.40578	0.00357174
44	1.15423	2.20112	0.00331185
45	1.17988	1.97438	0.00287111
46	1.20553	1.75809	0.00291813
47	1.23118	1.5639	0.00322155
48	1.25683	1.39328	0.00290903
49	1.28248	1.24663	0.00227822
50	1.30813	1.1261	0.00267117
51	1.33378	1.02566	0.00173435
52	1.35943	0.943423	0.00203141
53	1.38508	0.874309	0.00217045
54	1.41073	0.817856	0.00161242
55	1.43638	0.777088	0.00163187
56	1.46203	0.73913	0.001725
57	1.48768	0.710601	0.00154399
58	1.51333	0.691814	0.00167511
59	1.53898	0.67733	0.00168463
60	1.56463	0.672164	0.00171667
61	1.59028	0.670815	0.00147828
62	1.61593	0.675373	0.0014954
63	1.64158	0.685643	0.00174193
64	1.66723	0.701877	0.00186807
65	1.69288	0.722385	0.00199697
66	1.71853	0.748492	0.00161871
67	1.74418	0.779413	0.00155656
68	1.76983	0.813209	0.00129332
69	1.79547	0.851075	0.00155597
70	1.82112	0.893136	0.00120543
71	1.84677	0.934076	0.00154612
72	1.87242	0.974805	0.00172721
73	1.89807	1.01572	0.00177892
74	1.92372	1.05618	0.00136032
75	1.94937	1.09362	0.00170162
76	1.97502	1.12904	0.00172991
77	2.00067	1.1594	0.00146137
78	2.02632	1.18365	0.00134843
79	2.05197	1.20244	0.0014879
80	2.07762	1.2154	0.00138127
81	2.10327	1.21333	0.00145002
82	2.12892	1.20926	0.00155538
83	2.15457	1.19589	0.00147044
84	2.18022	1.17574	0.00171897
85	2.20587	1.15232	0.00131677
86	2.23152	1.12624	0.00161656
87	2.25717	1.09817	0.00172704
88	2.28282	1.06819	0.00111898
89	2.30847	1.0411	0.00160928
90	2.33412	1.01443	0.00141248
91	2.35977	0.990137	0.00155004
92	2.38542	0.968369	0.00125962
93	2.41107	0.950491	0.00140404
94	2.43672	0.932564	0.00125558
95	2.46237	0.919754	0.00133617
96	2.48802	0.910273	0.0013445
97	2.51366	0.895946	0.00102954
98	2.53931	0.887046	0.0010801
99	2.56496	0.887341	0.00115922

0	0.0256496	0	0
1	0.0512993	0	0
2	0.0769489	0	0
3	0.102599	0	0
4	0.128248	0	0
5	0.153898	0	0
6	0.179547	0	0
7	0.205197	0	0
8	0.230847	0	0
9	0.256496	0	0
10	0.282146	0	0
11	0.307796	0	0
12	0.333445	0	0
13	0.359095	0	0
14	0.384745	0	0
15	0.410394	0	0
16	0.436044	0	0
17	0.461694	0	0
18	0.487343	0	0
19	0.512993	0	0
20	0.538642	0	0
21	0.564292	0	0
22	0.589942	0	0
23	0.615591	0	0
24	0.641241	0	0
25	0.666891	0	0
26	0.69254	0	0
27	0.71819	0	0
28	0.74384	0	0
29	0.769489	0	0
30	0.795139	0	0
31	0.820788	0	0
32	0.846438	0	0
33	0.872088	2.11438e-06	2.0679e-06
34	0.897737	0.00117821	9.36536e-05
35	0.923387	0.0244547	0.000322288
36	0.949037	0.164331	0.00115222
37	0.974686	0.561926	0.00270385
38	1.00034	1.19951	0.00392413
39	1.02599	1.85918	0.00473899
40	1.05164	2.33039	0.00362042
41	1.07728	2.55109	0.00352459
42	1.10293	2.54617	0.00333936
43	1.12858	2.40596	0.0034211
44	1.15423	2.20154	0.00319451
45	1.17988	1.97562	0.0030038
46	1.20553	1.75841	0.00280874
47	1.23118	1.56406	0.00308526
48	1.25683	1.39321	0.00278324
49	1.28248	1.24653	0.00218131
50	1.30813	1.12605	0.00255555
51	1.33378	1.02578	0.001663
52	1.35943	0.943108	0.00196734
53	1.38508	0.87415	0.00208194
54	1.41073	0.818226	0.00158433
55	1.43638	0.776554	0.00164585
56	1.46203	0.738861	0.00167075
57	1.48768	0.710277	0.00151066
58	1.51333	0.691316	0.00167462
59	1.53898	0.677154	0.00162052
60	1.56463	0.672003	0.00164954
61	1.59028	0.670706	0.00141802
62	1.61593	0.675188	0.00144175
63	1.64158	0.685727	0.00166823
64	1.66723	0.701496	0.00182545
65	1.69288	0.722159	0.00192286
66	1.71853	0.748305	0.00155916
67	1.74418	0.779126	0.00151524
68	1.76983	0.813232	0.00123731
69	1.79547	0.851507	0.00154717
70	1.82112	0.893233	0.00115692
71	1.84677	0.934598	0.00156459
72	1.87242	0.975143	0.00168481
73	1.89807	1.01572	0.00170158
74	1.92372	1.05651	0.00134187
75	1.94937	1.09359	0.00162797
76	1.97502	1.12894	0.00165752
77	2.00067	1.15968	0.00142478
78	2.02632	1.18386	0.00130609
79	2.05197	1.20232	0.0014281
80	2.07762	1.21538	0.00132139
81	2.10327	1.21344	0.00139117
82	2.12892	1.20905	0.00150136
83	2.15457	1.19624	0.00144768
84	2.18022	1.17566	0.00164611
85	2.20587	1.15263	0.00129481
86	2.23152	1.12655	0.0015763
87	2.25717	1.09802	0.0016583
88	2.28282	1.06827	0.00107339
89	2.30847	1.0409	0.00155245
90	2.33412	1.01452	0.00135403
91	2.35977	0.989764	0.00152673
92	2.38542	0.968338	0.00120522
93	2.41107	0.950143	0.00138564
94	2.43672	0.93242	0.00120922
95	2.46237	0.919673	0.00128052
96	2.48802	0.910129	0.00129374
97	2.51366	0.896135	0.00100195
98	2.53931	0.886786	0.0010639
99	2.56496	0.887162	0.00112261

0	0.0256496	0	0
1	0.0512993	0	0
2	0.0769489	0	0
3	0.102599	0	0
4	0.128248	0	0
5	0.153898	0	0
6	0.179547	0	0
7	0.205197	0	0
8	0.230847	0	0
9	0.256496	0	0
10	0.282146	0	0
11	0.307796	0	0
12	0.333445	0	0
13	0.359095	0	0
14	0.384745	0	0
15	0.410394	0	0
16	0.436044	0	0
17	0.461694	0	0
18	0.487343	0	0
19	0.512993	0	0
20	0.538642	0	0
21	0.564292	0	0
22	0.589942	0	0
23	0.615591	0	0
24	0.641241	0	0
25	0.666891	0	0
26	0.69254	0	0
27	0.71819	0	0
28	0.74384	0	0
29	0.769489	0	0
30	0.795139	0	0
31	0.820788	0	0
32	0.846438	0	0
33	0.872088	4.05256e-06	2.7436e-06
34	0.897737	0.00118453	8.99639e-05
35	0.923387	0.0245238	0.000316184
36	0.949037	0.164673	0.00115395
37	0.974686	0.562057	0.00259437
38	1.00034	1.2008	0.00396834
39	1.02599	1.85908	0.00454268
40	1.05164	2.3311	0.00353848
41	1.07728	2.55098	0.00337964
42	1.10293	2.5453	0.00331358
43	1.12858	2.40503	0.00340325
44	1.15423	2.20114	0.00308671
45	1.17988	1.97614	0.00292217
46	1.20553	1.75843	0.00269179
47	1.23118	1.56286	0.0031799
48	1.25683	1.39257	0.00274115
49	1.28248	1.24669	0.00209609
50	1.30813	1.12637	0.00246888
51	1.33378	1.02564	0.00159916
52	1.35943	0.943336	0.00189851
53	1.38508	0.874046	0.00199775
54	1.41073	0.818229	0.00151832
55	1.43638	0.776344	0.00159071
56	1.46203	0.738386	0.00166722
57	1.48768	0.710539	0.00147039
58	1.51333	0.69096	0.00164239
59	1.53898	0.67716	0.00155301
60	1.56463	0.672051	0.0015815
61	1.59028	0.670821	0.00136362
62	1.61593	0.675538	0.00142338
63	1.64158	0.685665	0.0015999
64	1.66723	0.701759	0.00176836
65	1.69288	0.722413	0.00185947
66	1.71853	0.748191	0.00149834
67	1.74418	0.779276	0.00145956
68	1.76983	0.813463	0.00120706
69	1.79547	0.851548	0.00148325
70	1.82112	0.893216	0.00110885
71	1.84677	0.934597	0.0014994
72	1.87242	0.975013	0.00161958
73	1.89807	1.01589	0.00163911
74	1.92372	1.05662	0.00129066
75	1.94937	1.09366	0.00156182
76	1.97502	1.129	0.00158952
77	2.00067	1.15955	0.00137193
78	2.02632	1.18408	0.00127049
79	2.05197	1.20213	0.00138111
80	2.07762	1.2151	0.00129675
81	2.10327	1.21363	0.00134552
82	2.12892	1.20891	0.00144544
83	2.15457	1.19617	0.00138877
84	2.18022	1.17612	0.00164177
85	2.20587	1.15261	0.00124098
86	2.23152	1.12664	0.00151295
87	2.25717	1.0979	0.0015932
88	2.28282	1.06821	0.00103064
89	2.30847	1.04091	0.00148783
90	2.33412	1.01431	0.00131425
91	2.35977	0.989487	0.00148813
92	2.38542	0.968418	0.00115765
93	2.41107	0.949986	0.00133676
94	2.43672	0.932348	0.00116098
95	2.46237	0.919898	0.00124681
96	2.48802	0.909901	0.00125972
97	2.51366	0.896413	0.000998058
98	2.53931	0.887049	0.00105154
99	2.56496	0.887156	0.00107586

0	0.0256496	0	0
1	0.0512993	0	0
2	0.0769489	0	0
3	0.102599	0	0
4	0.128248	0	0
5	0.153898	0	0
6	0.179547	0	0
7	0.205197	0	0
8	0.230847	0	0
9	0.256496	0	0
10	0.282146	0	0
11	0.307796	0	0
12	0.333445	0	0
13	0.359095	0	0
14	0.384745	0	0
15	0.410394	0	0
16	0.436044	0	0
17	0.461694	0	0
18	0.487343	0	0
19	0.512993	0	0
20	0.538642	0	0
21	0.564292	0	0
22	0.589942	0	0
23	0.615591	0	0
24	0.641241	0	0
25	0.666891	0	0
26	0.69254	0	0
27	0.71819	0	0
28	0.74384	0	0
29	0.769489	0	0
30	0.795139	0	0
31	0.820788	0	0
32	0.846438	0	0
33	0.872088	3.89046e-06	2.63864e-06
34	0.897737	0.00120684	8.90899e-05
35	0.923387	0.0244852	0.000305886
36	0.949037	0.164742	0.00110986
37	0.974686	0.561953	0.00249269
38	1.00034	1.20154	0.00387747
39	1.02599	1.85975	0.00441046
40	1.05164	2.33151	0.00342102
41	1.07728	2.55148	0.00328187
42	1.10293	2.54594	0.00324278
43	1.12858	2.40465	0.00328816
44	1.15423	2.20066	0.00299913
45	1.17988	1.97563	0.00284882
46	1.20553	1.7576	0.00270844
47	1.23118	1.56296	0.00305413
48	1.25683	1.39272	0.00263609
49	1.28248	1.24653	0.00201861
50	1.30813	1.12556	0.00249924
51	1.33378	1.02526	0.00157967
52	1.35943	0.942689	0.0019298
53	1.38508	0.873873	0.00192537
54	1.41073	0.817862	0.00150131
55	1.43638	0.776132	0.0015411
56	1.46203	0.738642	0.00162007
57	1.48768	0.710366	0.00142171
58	1.51333	0.691322	0.00161612
59	1.53898	0.677578	0.00154629
60	1.56463	0.672034	0.00151833
61	1.59028	0.671185	0.00135665
62	1.61593	0.675997	0.00143853
63	1.64158	0.685789	0.00154076
64	1.66723	0.702033	0.0017186
65	1.69288	0.722669	0.00180253
66	1.71853	0.748381	0.00145047
67	1.74418	0.779294	0.00140129
68	1.76983	0.813636	0.00117113
69	1.79547	0.85174	0.00143635
70	1.82112	0.893249	0.00106498
71	1.84677	0.93484	0.00145899
72	1.87242	0.975071	0.00155583
73	1.89807	1.01602	0.00157913
74	1.92372	1.0567	0.00124154
75	1.94937	1.09357	0.00150231
76	1.97502	1.12881	0.00153826
77	2.00067	1.15964	0.00132022
78	2.02632	1.18455	0.00130133
79	2.05197	1.2022	0.00132769
80	2.07762	1.21506	0.00124548
81	2.10327	1.21367	0.00129237
82	2.12892	1.20865	0.00141124
83	2.15457	1.19595	0.00135138
84	2.18022	1.17592	0.0015882
85	2.20587	1.15234	0.00122036
86	2.23152	1.12624	0.00150518
87	2.25717	1.09779	0.00153343
88	2.28282	1.06785	0.00105018
89	2.30847	1.04096	0.00142906
90	2.33412	1.01396	0.00130751
91	2.35977	0.989234	0.00144996
92	2.38542	0.968079	0.00115996
93	2.41107	0.949565	0.00134789
94	2.43672	0.932455	0.00111946
95	2.46237	0.919555	0.00124326
96	2.48802	0.909831	0.0012113
97	2.51366	0.896642	0.000983905
98	2.53931	0.887094	0.00101042
99	2.56496	0.887465	0.00107647

0	0.0256496	0	0
1	0.0512993	0	0
2	0.0769489	0	0
3	0.102599	0	0
4	0.128248	0	0
5	0.153898	0	0
6	0.179547	0	0
7	0.205197	0	0
8	0.230847	0	0
9	0.256496	0	0
10	0.282146	0	0
11	0.307796	0	0
12	0.333445	0	0
13	0.359095	0	0
14	0.384745	0	0
15	0.410394	0	0
16	0.436044	0	0
17	0.461694	0	0
18	0.487343	0	0
19	0.512993	0	0
20	0.538642	0	0
21	0.564292	0	0
22	0.589942	0	0
23	0.615591	0	0
24	0.641241	0	0
25	0.666891	0	0
26	0.69254	0	0
27	0.71819	0	0
28	0.74384	0	0
29	0.769489	0	0
30	0.795139	0	0
31	0.820788	0	0
32	0.846438	0	0
33	0.872088	3.74083e-06	2.54139e-06
34	0.897737	0.00121333	8.58994e-05
35	0.923387	0.0245128	0.000295368
36	0.949037	0.164913	0.00108026
37	0.974686	0.56214	0.00240384
38	1.00034	1.20197	0.00375208
39	1.02599	1.85949	0.00424835
40	1.05164	2.33101	0.00332541
41	1.07728	2.55183	0.00317423
42	1.10293	2.54631	0.00313938
43	1.12858	2.40301	0.00354867
44	1.15423	2.19952	0.00309463
45	1.17988	1.97586	0.0027487
46	1.20553	1.75745	0.00260829
47	1.23118	1.56286	0.00293821
48	1.25683	1.39289	0.00253987
49	1.28248	1.24718	0.00204481
50	1.30813	1.12569	0.00240669
51	1.33378	1.02586	0.00162688
52	1.35943	0.943283	0.00194494
53	1.38508	0.874172	0.00187448
54	1.41073	0.818494	0.00157104
55	1.43638	0.776264	0.00148745
56	1.46203	0.73867	0.00155799
57	1.48768	0.710355	0.00136708
58	1.51333	0.691277	0.00155458
59	1.53898	0.677259	0.00151952
60	1.56463	0.671733	0.0014895
61	1.59028	0.670857	0.00134347
62	1.61593	0.675575	0.00144369
63	1.64158	0.685456	0.00151707
64	1.66723	0.701892	0.00165822
65	1.69288	0.722689	0.00173332
66	1.71853	0.748252	0.00140044
67	1.74418	0.778864	0.00141172
68	1.76983	0.813841	0.00114381
69	1.79547	0.85202	0.00140801
70	1.82112	0.893222	0.00102435
71	1.84677	0.935248	0.00145878
72	1.87242	0.975465	0.00154506
73	1.89807	1.01657	0.00161215
74	1.92372	1.05703	0.00123534
75	1.94937	1.09366	0.00144728
76	1.97502	1.12876	0.00147982
77	2.00067	1.15936	0.00129868
78	2.02632	1.18435	0.00126651
79	2.05197	1.20186	0.00131996
80	2.07762	1.21465	0.001261
81	2.10327	1.21376	0.00124541
82	2.12892	1.20883	0.00136902
83	2.15457	1.19592	0.00129975
84	2.18022	1.17564	0.00155153
85	2.20587	1.15184	0.00127366
86	2.23152	1.12597	0.00147052
87	2.25717	1.09769	0.0014779
88	2.28282	1.06786	0.00100989
89	2.30847	1.04093	0.00137434
90	2.33412	1.0145	0.00136573
91	2.35977	0.989422	0.00140632
92	2.38542	0.968268	0.00113058
93	2.41107	0.949745	0.001308
94	2.43672	0.932569	0.00108212
95	2.46237	0.919863	0.00123315
96	2.48802	0.91002	0.00117949
97	2.51366	0.89675	0.000952051
98	2.53931	0.887084	0.000971604
99	2.56496	0.887515	0.00103624

0	0.0256496	0	0
1	0.0512993	0	0
2	0.0769489	0	0
3	0.102599	0	0
4	0.128248	0	0
5	0.153898	0	0
6	0.179547	0	0
7	0.205197	0	0
8	0.230847	0	0
9	0.256496	0	0
10	0.282146	0	0
11	0.307796	0	0
12	0.333445	0	0
13	0.359095	0	0
14	0.384745	0	0
15	0.410394	0	0
16	0.436044	0	0
17	0.461694	0	0
18	0.487343	0	0
19	0.512993	0	0
20	0.538642	0	0
21	0.564292	0	0
22	0.589942	0	0
23	0.615591	0	0
24	0.641241	0	0
25	0.666891	0	0
26	0.69254	0	0
27	0.71819	0	0
28	0.74384	0	0
29	0.769489	0	0
30	0.795139	0	0
31	0.820788	0	0
32	0.846438	0	0
33	0.872088	3.60228e-06	2.45104e-06
34	0.897737	0.00119896	8.39113e-05
35	0.923387	0.0245031	0.000284587
36	0.949037	0.164756	0.00105164
37	0.974686	0.562273	0.0023185
38	1.00034	1.20167	0.00362511
39	1.02599	1.85961	0.00409256
40	1.05164	2.33072	0.0032146
41	1.07728	2.55075	0.00323552
42	1.10293	2.54627	0.00302341
43	1.12858	2.40275	0.00342691
44	1.15423	2.19883	0.00305611
45	1.17988	1.97551	0.00266912
46	1.20553	1.757	0.002551
47	1.23118	1.5625	0.00285123
48	1.25683	1.39265	0.0024571
49	1.28248	1.24744	0.00198463
50	1.30813	1.126	0.00233664
51	1.33378	1.02621	0.00160364
52	1.35943	0.943766	0.00193191
53	1.38508	0.874559	0.0018444
54	1.41073	0.819295	0.00170491
55	1.43638	0.776881	0.00155524
56	1.46203	0.739654	0.00178446
57	1.48768	0.710979	0.00145204
58	1.51333	0.691729	0.00156142
59	1.53898	0.677914	0.00159827
60	1.56463	0.672034	0.00146433
61	1.59028	0.671277	0.00135768
62	1.61593	0.675766	0.00140282
63	1.64158	0.685676	0.00147668
64	1.66723	0.702265	0.0016381
65	1.69288	0.722342	0.00170365
66	1.71853	0.748106	0.0013561
67	1.74418	0.77836	0.00144656
68	1.76983	0.813114	0.00131226
69	1.79547	0.851669	0.00139895
70	1.82112	0.892631	0.00114456
71	1.84677	0.93485	0.00145806
72	1.87242	0.974581	0.00172223
73	1.89807	1.01589	0.00169234
74	1.92372	1.05655	0.00127741
75	1.94937	1.09317	0.00147293
76	1.97502	1.12867	0.0014278
77	2.00067	1.15883	0.00135454
78	2.02632	1.18408	0.00124857
79	2.05197	1.20149	0.00132369
80	2.07762	1.21451	0.00122272
81	2.10327	1.21369	0.00120088
82	2.12892	1.20889	0.00131948
83	2.15457	1.19593	0.00125165
84	2.18022	1.17592	0.00151815
85	2.20587	1.15222	0.00128126
86	2.23152	1.12652	0.00151479
87	2.25717	1.09789	0.00143741
88	2.28282	1.0683	0.0010644
89	2.30847	1.04137	0.00139285
90	2.33412	1.01498	0.00139438
91	2.35977	0.989671	0.0013762
92	2.38542	0.968809	0.0012113
93	2.41107	0.95026	0.00135711
94	2.43672	0.933127	0.0011772
95	2.46237	0.920415	0.00130499
96	2.48802	0.910522	0.00123797
97	2.51366	0.896843	0.000921262
98	2.53931	0.887303	0.000959955
99	2.56496	0.887538	0.00099811

0	0.0256496	0	0
1	0.0512993	0	0
2	0.0769489	0	0
3	0.102599	0	0
4	0.128248	0	0
5	0.153898	0	0
6	0.179547	0	0
7	0.205197	0	0
8	0.230847	0	0
9	0.256496	0	0
10	0.282146	0	0
11	0.307796	0	0
12	0.333445	0	0
13	0.359095	0	0
14	0.384745	0	0
15	0.410394	0	0
16	0.436044	0	0
17	0.461694	0	0
18	0.487343	0	0
19	0.512993	0	0
20	0.538642	0	0
21	0.564292	0	0
22	0.589942	0	0
23	0.615591	0	0
24	0.641241	0	0
25	0.666891	0	0
26	0.69254	0	0
27	0.71819	0	0
28	0.74384	0	0
29	0.769489	0	0
30	0.795139	0	0
31	0.820788	0	0
32	0.846438	0	0
33	0.872088	8.68406e-06	5.52163e-06
34	0.897737	0.00121018	8.16612e-05
35	0.923387	0.0246009	0.000290718
36	0.949037	0.165233	0.00111713
37	0.974686	0.562488	0.00224565
38	1.00034	1.20187	0.00350136
39	1.02599	1.86023	0.00399293
40	1.05164	2.33155	0.0032032
41	1.07728	2.55014	0.00317632
42	1.10293	2.54598	0.00292968
43	1.12858	2.40174	0.0034475
44	1.15423	2.19858	0.00295729
45	1.17988	1.97413	0.00290908
46	1.20553	1.75638	0.00253444
47	1.23118	1.56198	0.0027967
48	1.25683	1.39236	0.00238608
49	1.28248	1.24756	0.00191729
50	1.30813	1.12546	0.00231397
51	1.33378	1.02609	0.00155046
52	1.35943	0.943604	0.00186969
53	1.38508	0.874795	0.00179365
54	1.41073	0.81987	0.00173835
55	1.43638	0.776987	0.00150329
56	1.46203	0.740022	0.00175821
57	1.48768	0.711622	0.00153615
58	1.51333	0.692092	0.00154715
59	1.53898	0.678275	0.00158147
60	1.56463	0.672209	0.00142253
61	1.59028	0.671434	0.00131827
62	1.61593	0.676033	0.00137777
63	1.64158	0.686037	0.00146738
64	1.66723	0.702387	0.00158412
65	1.69288	0.722957	0.00175055
66	1.71853	0.748026	0.00131002
67	1.74418	0.778263	0.00139814
68	1.76983	0.812953	0.00127515
69	1.79547	0.851398	0.00137501
70	1.82112	0.892097	0.0012216
71	1.84677	0.934499	0.00144744
72	1.87242	0.9743	0.00168341
73	1.89807	1.01571	0.00164145
74	1.92372	1.05635	0.00124732
75	1.94937	1.09299	0.00143155
76	1.97502	1.12873	0.00137798
77	2.00067	1.15901	0.00131855
78	2.02632	1.18429	0.00122168
79	2.05197	1.2018	0.00131286
80	2.07762	1.21457	0.0011807
81	2.10327	1.2139	0.00117595
82	2.12892	1.20911	0.00129044
83	2.15457	1.19592	0.00120697
84	2.18022	1.17609	0.00147422
85	2.20587	1.15235	0.00124276
86	2.23152	1.12618	0.00149774
87	2.25717	1.09763	0.00141024
88	2.28282	1.06804	0.00105744
89	2.30847	1.04101	0.00139033
90	2.33412	1.01476	0.00136177
91	2.35977	0.989305	0.00137495
92	2.38542	0.968844	0.00116854
93	2.41107	0.950446	0.00132138
94	2.43672	0.933206	0.0011378
95	2.46237	0.920499	0.00126111
96	2.48802	0.91067	0.00120254
97	2.51366	0.896781	0.000890447
98	2.53931	0.887126	0.000941826
99	2.56496	0.887604	0.000964627

0	0.0256496	0	0
1	0.0512993	0	0
2	0.0769489	0	0
3	0.102599	0	0
4	0.128248	0	0
5	0.153898	0	0
6	0.179547	0	0
7	0.205197	0	0
8	0.230847	0	0
9	0.256496	0	0
10	0.282146	0	0
11	0.307796	0	0
12	0.333445	0	0
13	0.359095	0	0
14	0.384745	0	0
15	0.410394	0	0
16	0.436044	0	0
17	0.461694	0	0
18	0.487343	0	0
19	0.512993	0	0
20	0.538642	0	0
21	0.564292	0	0
22	0.589942	0	0
23	0.615591	0	0
24	0.641241	0	0
25	0.666891	0	0
26	0.69254	0	0
27	0.71819	0	0
28	0.74384	0	0
29	0.769489	0	0
30	0.795139	0	0
31	0.820788	0	0
32	0.846438	0	0
33	0.872088	8.38461e-06	5.33934e-06
34	0.897737	0.00119375	8.04816e-05
35	0.923387	0.0245858	0.000281082
36	0.949037	0.165178	0.00107999
37	0.974686	0.562458	0.00216841
38	1.00034	1.20222	0.00339754
39	1.02599	1.86027	0.00385553
40	1.05164	2.33172	0.00309738
41	1.07728	2.55073	0.00311996
42	1.10293	2.54607	0.00283027
43	1.12858	2.40307	0.00357565
44	1.15423	2.1993	0.00294166
45	1.17988	1.97395	0.00281474
46	1.20553	1.7564	0.00244718
47	1.23118	1.56121	0.00280274
48	1.25683	1.39235	0.00230386
49	1.28248	1.24699	0.00193214
50	1.30813	1.12539	0.00223521
51	1.33378	1.02631	0.00151179
52	1.35943	0.943655	0.0018059
53	1.38508	0.874853	0.00173273
54	1.41073	0.819449	0.00172868
55	1.43638	0.776676	0.00148326
56	1.46203	0.739509	0.0017707
57	1.48768	0.711296	0.00151736
58	1.51333	0.691862	0.00151081
59	1.53898	0.677668	0.00163941
60	1.56463	0.671983	0.00139142
61	1.59028	0.671363	0.00127473
62	1.61593	0.675884	0.0013383
63	1.64158	0.685717	0.0014511
64	1.66723	0.702247	0.00153566
65	1.69288	0.723109	0.00169675
66	1.71853	0.748118	0.00126801
67	1.74418	0.778494	0.00136883
68	1.76983	0.813264	0.0012684
69	1.79547	0.851704	0.00136137
70	1.82112	0.892434	0.00122497
71	1.84677	0.935093	0.00151434
72	1.87242	0.974694	0.00167061
73	1.89807	1.01619	0.00165522
74	1.92372	1.05686	0.00130304
75	1.94937	1.09323	0.00140272
76	1.97502	1.12926	0.00142936
77	2.00067	1.15931	0.00130518
78	2.02632	1.18463	0.00122604
79	2.05197	1.20185	0.00126865
80	2.07762	1.21444	0.00114757
81	2.10327	1.21385	0.00113649
82	2.12892	1.20879	0.00128438
83	2.15457	1.19575	0.00117806
84	2.18022	1.17555	0.00151978
85	2.20587	1.15198	0.00125547
86	2.23152	1.12578	0.00149944
87	2.25717	1.09778	0.00136973
88	2.28282	1.06788	0.00103392
89	2.30847	1.04075	0.00136688
90	2.33412	1.0144	0.00136099
91	2.35977	0.989048	0.00135131
92	2.38542	0.968458	0.00119029
93	2.41107	0.950202	0.0012982
94	2.43672	0.933051	0.00110905
95	2.46237	0.920244	0.00124319
96	2.48802	0.910616	0.00116228
97	2.51366	0.89656	0.000886626
98	2.53931	0.887147	0.000909591
99	2.56496	0.887567	0.000932061

0	0.0256496	0	0
1	0.0512993	0	0
2	0.0769489	0	0
3	0.102599	0	0
4	0.128248	0	0
5	0.153898	0	0
6	0.179547	0	0
7	0.205197	0	0
8	0.230847	0	0
9	0.256496	0	0
10	0.282146	0	0
11	0.307796	0	0
12	0.333445	0	0
13	0.359095	0	0
14	0.384745	0	0
15	0.410394	0	0
16	0.436044	0	0
17	0.461694	0	0
18	0.487343	0	0
19	0.512993	0	0
20	0.538642	0	0
21	0.564292	0	0
22	0.589942	0	0
23	0.615591	0	0
24	0.641241	0	0
25	0.666891	0	0
26	0.69254	0	0
27	0.71819	0	0
28	0.74384	0	0
29	0.769489	0	0
30	0.795139	0	0
31	0.820788	0	0
32	0.846438	0	0
33	0.872088	8.10512e-06	5.16867e-06
34	0.897737	0.00120898	7.92271e-05
35	0.923387	0.0246093	0.000272693
36	0.949037	0.165227	0.00104511
37	0.974686	0.562589	0.0021001
38	1.00034	1.20204	0.00328875
39	1.02599	1.86084	0.00376883
40	1.05164	2.33177	0.00299453
41	1.07728	2.5506	0.00301855
42	1.10293	2.54544	0.00280612
43	1.12858	2.40328	0.00346229
44	1.15423	2.19912	0.00284903
45	1.17988	1.97368	0.00273324
46	1.20553	1.7565	0.00236763
47	1.23118	1.56139	0.00271459
48	1.25683	1.39198	0.00225551
49	1.28248	1.24683	0.00187432
50	1.30813	1.12532	0.00216179
51	1.33378	1.02607	0.00147926
52	1.35943	0.943709	0.00174651
53	1.38508	0.875088	0.00169078
54	1.41073	0.819912	0.00173199
55	1.43638	0.777003	0.00146942
56	1.46203	0.739892	0.00175256
57	1.48768	0.711254	0.00146739
58	1.51333	0.691867	0.00146046
59	1.53898	0.677729	0.0015859
60	1.56463	0.671979	0.00134505
61	1.59028	0.670979	0.00128884
62	1.61593	0.675837	0.00129451
63	1.64158	0.685857	0.00140944
64	1.66723	0.702283	0.0014849
65	1.69288	0.723229	0.00164439
66	1.71853	0.748235	0.00123118
67	1.74418	0.778399	0.00132651
68	1.76983	0.813089	0.00123815
69	1.79547	0.851558	0.00132377
70	1.82112	0.892144	0.00121802
71	1.84677	0.934626	0.00153429
72	1.87242	0.974394	0.0016416
73	1.89807	1.01596	0.00161699
74	1.92372	1.05677	0.00126302
75	1.94937	1.09354	0.00138934
76	1.97502	1.1293	0.00138245
77	2.00067	1.15905	0.00128734
78	2.02632	1.18459	0.00118564
79	2.05197	1.2021	0.00124984
80	2.07762	1.2145	0.00111122
81	2.10327	1.21431	0.00118856
82	2.12892	1.20865	0.00124913
83	2.15457	1.19586	0.00114375
84	2.18022	1.17573	0.00147924
85	2.20587	1.152	0.00121383
86	2.23152	1.12581	0.00144978
87	2.25717	1.09769	0.00132686
88	2.28282	1.0678	0.00100229
89	2.30847	1.04073	0.00132137
90	2.33412	1.01466	0.00133962
91	2.35977	0.989253	0.00132171
92	2.38542	0.968406	0.00115175
93	2.41107	0.950293	0.00125816
94	2.43672	0.933251	0.00109004
95	2.46237	0.920355	0.00120667
96	2.48802	0.910715	0.00112777
97	2.51366	0.896452	0.000863673
98	2.53931	0.886928	0.000905376
99	2.56496	0.887346	0.00092702

