#	BLOCK	ACTUAL_P	P_AVE	ERROR
	1	1.31359	1.31359	0
	2	1.43759	1.37559	0.0438403
	3	1.40381	1.38499	0.0302194
	4	1.37908	1.38352	0.0227007
	5	1.36091	1.37899	0.0186054
	6	1.44259	1.38959	0.0182763
	7	1.39994	1.39107	0.015725
	8	1.27372	1.3764	0.019432
	9	1.43962	1.38343	0.018499
	10	1.39272	1.38436	0.0166724
	11	1.44591	1.38995	0.0160684
	12	1.4532	1.39522	0.0155697
	13	1.43684	1.39842	0.0146973
	14	1.31942	1.39278	0.0146911
	15	1.40757	1.39377	0.0137448
	16	1.36797	1.39216	0.0129799
	17	1.4477	1.39542	0.0126209
	18	1.41693	1.39662	0.0119762
	19	1.29975	1.39152	0.0123835
	20	1.44067	1.39398	0.0120056
	21	1.45858	1.39705	0.0118215
	22	1.39925	1.39715	0.0112846
	23	1.30161	1.393	0.0115332
	24	1.29866	1.38907	0.0117034
	25	1.52035	1.39432	0.0123574
	26	1.2157	1.38745	0.0136589
	27	1.44009	1.3894	0.0132914
	28	1.48781	1.39291	0.0132733
	29	1.58111	1.3994	0.0143144
	30	1.57103	1.40512	0.0149368
	31	1.55602	1.40999	0.0152275
	32	1.47276	1.41195	0.0148774
	33	1.42167	1.41225	0.0144295
	34	1.45176	1.41341	0.0140518
	35	1.38036	1.41247	0.013682
	36	1.43178	1.413	0.0133125
	37	1.33253	1.41083	0.0131292
	38	1.37157	1.40979	0.0128242
	39	1.45539	1.41096	0.0125486
	40	1.39723	1.41062	0.0122396
	41	1.3381	1.40885	0.0120682
	42	1.15622	1.40284	0.013195
	43	1.36474	1.40195	0.0129179
	44	1.36149	1.40103	0.012657
	45	1.38496	1.40067	0.0123807
	46	1.4854	1.40252	0.0122478
	47	1.37424	1.40191	0.012002
	48	1.31336	1.40007	0.0118929
	49	1.38712	1.3998	0.0116531
	50	1.44505	1.40071	0.0114551
