L	block_ave	err
10	-5.459683497739953	0.00035133935881214064
14	-5.459682029576228	0.0004131523963442219
19	-5.459678114183413	0.00047634685277725115
24	-5.459680572469158	0.0005284872961176794
29	-5.459679499588971	0.0005720087685478581
34	-5.459673816008977	0.0006087609287285581
39	-5.459676493799761	0.0006398713024390714
44	-5.4596742775795315	0.0006654124298540552
49	-5.459682029576246	0.0006878735972361026
54	-5.4596784537967205	0.0007063452895525493
59	-5.459673020145386	0.0007220232200505992
64	-5.459673395677317	0.0007361292480543351
69	-5.459674778288453	0.0007473636353966839
74	-5.459672361664505	0.0007552592570595841
79	-5.459680212643827	0.0007645685455414566
84	-5.459673395677316	0.0007730966611738054
89	-5.4596770997753685	0.0007803086269447405
94	-5.459678453796711	0.0007840121077419466
99	-5.459671927852783	0.0007882106684724013
104	-5.459674622025589	0.0007900340880473227
109	-5.459677449473285	0.0007997947510797546
114	-5.459680576206771	0.0008061636026748822
119	-5.459676099068046	0.0008108785231454626
124	-5.459673395677333	0.0008112369592115625
129	-5.459681278559648	0.00081353269905471
134	-5.45967187315234	0.0008196422109479068
139	-5.459677449473285	0.0008175135926094429
144	-5.459673395677327	0.0008195736486729211
149	-5.459679961011805	0.0008314782480764684
154	-5.459681083171291	0.0008356062080808474
159	-5.459679822343056	0.0008317789437399085
164	-5.459681207929236	0.0008360568999395532
169	-5.4596789170077304	0.0008293378749668671
174	-5.45967891700774	0.0008368892573262837
179	-5.459672098062399	0.0008401079401289209
184	-5.45967462202558	0.0008462044417815906
189	-5.459678434262501	0.0008457594332185478
194	-5.459673095543851	0.0008399654812331603
199	-5.4596807779542775	0.0008558557141082535
204	-5.4596844154861905	0.0008450960750877644
209	-5.4596746220255685	0.0008611613869461228
214	-5.459678596310509	0.000848728444372736
219	-5.459675598357528	0.0008442769257794411
224	-5.459673395677335	0.0008511045058929166
229	-5.459678105127561	0.0008502150121338877
234	-5.459681969933407	0.0008673579274875572
239	-5.459679146579525	0.0008510224571803142
244	-5.459671924709365	0.0008630454258621188
249	-5.459680572469166	0.0008594620570061141
254	-5.459681207929223	0.0008740846716897247
259	-5.459681129013548	0.0008648128068054786
264	-5.459687506763343	0.0008641987218706959
269	-5.459684245201107	0.0008712073660181636
274	-5.459686227289829	0.0008598827515856552
279	-5.459673395677329	0.0008852000735424154
284	-5.459680285611393	0.0008821947392076606
289	-5.459673816008963	0.0008801464151676243
294	-5.459684415486188	0.0008750293777467987
299	-5.459674622025566	0.0008838815939009836
304	-5.459686227289825	0.0008770505104839078
309	-5.459672418783822	0.0008780050188498166
314	-5.45968077795426	0.0008813788139747475
319	-5.459681238414562	0.000890995874674207
324	-5.459673987522308	0.0008738274974133114
329	-5.459687511920936	0.0008904165280191821
334	-5.459682763711052	0.0008788609078397374
339	-5.459680606200688	0.0008929790966742593
344	-5.459681023563912	0.0008893416169179648
349	-5.459686783867718	0.0008738506686428652
354	-5.459680038131595	0.0008932254746731979
359	-5.459685732518487	0.0008870113903583024
364	-5.459686511269137	0.0009053259305558292
369	-5.459681663516639	0.0008790387539743704
374	-5.4596832805645406	0.0008911384114782227
379	-5.4596790741366785	0.000902662106594164
384	-5.4596733956773225	0.000875178716396115
389	-5.45968084974943	0.0008869049083543121
394	-5.459678453796703	0.0009066652953120864
399	-5.4596720980623905	0.0008939861346083855
404	-5.4596874877738335	0.0009052191169526961
409	-5.459684581570952	0.0009073949566285512
414	-5.459681041829263	0.0008897055199894433
419	-5.459680971618453	0.0009055837256212376
424	-5.459679822343051	0.0009031655669471228
429	-5.45968557615774	0.0009034880262384302
434	-5.459673395677333	0.0009045547714836687
439	-5.459693466978393	0.0008923650310653881
444	-5.459672361664512	0.0008993785863341769
449	-5.459686847141597	0.0009031988223917064
454	-5.459680188995184	0.0009071080926057845
459	-5.459680084085054	0.0009051451439959891
464	-5.4596857325184995	0.0008997165508144079
469	-5.459671873152328	0.000923087453014697
474	-5.459692899142505	0.0008946910749155413
479	-5.459692823195489	0.0009016340215522265
484	-5.459674277579536	0.0009135488727722279
489	-5.45968734573533	0.0009221183897553224
494	-5.459674622025579	0.0009138316807121637
499	-5.459682763711058	0.0009079178315191222
504	-5.459673395677321	0.0009185909093068031
509	-5.4596804312397245	0.0009110501543702336
513	-5.459683640200778	0.0009120401416942856
518	-5.45968112901354	0.0009069648586181571
523	-5.459679146579523	0.0009065096850919164
528	-5.459680424955158	0.0009113073279428683
533	-5.459671873152331	0.0009087583886845588
538	-5.459684245201102	0.0009244434689849895
543	-5.459690888421809	0.0009003003294763997
548	-5.45968622728983	0.0009200598969984907
553	-5.4596772680991865	0.0009142065250837326
558	-5.459673395677325	0.0009308772809815312
563	-5.4596723616645075	0.0009244416706833741
568	-5.459680285611396	0.0009307594532403964
573	-5.459684709920422	0.000920340907749104
578	-5.45967381600896	0.0009092794433101819
583	-5.459688558996533	0.0009172500515089352
588	-5.459684415486198	0.0009051961843010284
593	-5.459679382095189	0.0009193106211237437
598	-5.459674622025571	0.0009235775125706411
603	-5.459680866755892	0.0009230022925266397
608	-5.459686227289828	0.0009285493099574675
613	-5.459692971206678	0.0009190265456163015
618	-5.459672418783825	0.0009279714307703713
623	-5.459686332443374	0.0009443420083319168
628	-5.459680777954271	0.0009285417329715672
633	-5.4596883392700155	0.0009258322022631626
638	-5.459689404668957	0.0009280298555805158
643	-5.459691421565981	0.0009189629134205859
648	-5.459691777993947	0.0009187006413072744
653	-5.459686807875172	0.0009012081253122706
658	-5.459688836935496	0.0009118196431714274
663	-5.459678917007737	0.0009103969645635327
668	-5.459683280564535	0.0009327721939613577
673	-5.459686104340305	0.0009017895804699005
678	-5.459680606200696	0.0009190215573189929
683	-5.4596719247093715	0.0009340492154658443
688	-5.459680424955152	0.0009298828631917072
693	-5.459685218281487	0.0009150067430663316
698	-5.459686783867718	0.0009079616794539542
703	-5.459680912984934	0.0009337471667455247
708	-5.459680038131595	0.0009146065536380246
713	-5.4596832012572785	0.000917892869636264
718	-5.459685732518488	0.0009393047923239856
723	-5.459693102725619	0.0009141372854452325
728	-5.459689763399867	0.0009446381377460867
733	-5.45967827005477	0.000916461907553885
738	-5.459689303899315	0.0009211260084794886
743	-5.459673779842018	0.0009235208918011706
748	-5.459683280564539	0.0009357592159055157
753	-5.459680572469162	0.0009153235319490291
758	-5.4596806569480485	0.0009106448233624505
763	-5.459686979720467	0.0009448644466821646
768	-5.4596733956773145	0.0009254789876380275
773	-5.459684447009964	0.0009310938123097361
778	-5.459683119609352	0.0009201895917235396
783	-5.459689404668964	0.0009296529774408739
788	-5.459693162200357	0.0009175667122115303
793	-5.459693268640282	0.000963186301514277
798	-5.459687704885221	0.0009241517251236329
803	-5.459685442832942	0.0009275123683068156
808	-5.45968179892019	0.0009304420680877202
813	-5.459681663516628	0.0009115732758850867
818	-5.459684581570958	0.0009441130371584281
823	-5.459691109354017	0.000921427188150296
828	-5.459672268388327	0.0008913679303809934
833	-5.4596844154862	0.0009392412133477077
838	-5.459687899340866	0.000926835100994874
843	-5.459679382095177	0.0009142728280776085
848	-5.459684089738761	0.0009418562894692101
853	-5.459680400333693	0.0009365399196962105
858	-5.459684047252863	0.0009162895602235187
863	-5.459681245364509	0.0009551467405362777
868	-5.459673395677318	0.0009211910865006332
873	-5.459684047252859	0.0009324597558960088
878	-5.459693466978403	0.0009438270723662632
883	-5.459686081059989	0.0009282309692563724
888	-5.459672361664503	0.0009503165993587602
893	-5.459673750758733	0.000900247973038759
898	-5.459672737337966	0.0009509475741143501
903	-5.459684649440588	0.0009176527082548554
908	-5.459690128794551	0.0009422135781057996
913	-5.459689559400972	0.0009259476640488401
918	-5.4596900251706035	0.0009251341904181566
923	-5.459681619888532	0.0009232980308147661
928	-5.459670806887738	0.0009431811642133634
933	-5.459673929961641	0.0009177632092700304
938	-5.4596718731523275	0.0009047952720031896
943	-5.459685204025695	0.0009308304531292283
948	-5.459692899142507	0.0009110696253325955
953	-5.459687343723717	0.0009415911097820516
958	-5.459679619328495	0.0009179044858311104
963	-5.459684663133232	0.0009461921875975548
968	-5.459680424955154	0.0009290726420428178
973	-5.459674635329337	0.000927608117618619
978	-5.459687345735342	0.000943398424192668
983	-5.459685685572048	0.0009536777163888807
988	-5.459674622025571	0.0009398029057969436
993	-5.4596823894498065	0.0009187437140435673
998	-5.459682763711056	0.0009420687197388163
1003	-5.459679496510465	0.0009598335892045177
1008	-5.459673395677327	0.0009341147480321427
1012	-5.459674622025574	0.0009343074999386203
1017	-5.459682339134911	0.0009500144212488082
1022	-5.459687345735333	0.0009279042173134678
1027	-5.459679212256725	0.0009629954306403786
1032	-5.45968042495515	0.0009434185055375935
1037	-5.4596808061076265	0.0009194298359836256
1042	-5.459679619328495	0.0009444489414232479
1047	-5.459689007706958	0.0009330367810511206
1052	-5.459681244446666	0.0009151255305522403
1057	-5.459672301419507	0.0009386341899993017
1062	-5.459676160015223	0.0009325931616189472
1067	-5.45968404725286	0.0009329738964594731
1072	-5.459688855954934	0.0009332412498267459
1077	-5.459685732518493	0.0009109066367194021
1082	-5.459681083171292	0.0009107886676558069
1087	-5.4596884305507976	0.0009623876288066799
1092	-5.459668905888062	0.0009324805262347268
1097	-5.459677103068308	0.0009310999064762648
1102	-5.459673027647902	0.0009351168162854213
1107	-5.4596706414732274	0.0009336688528035966
1112	-5.459672737337968	0.0009379319188756206
1117	-5.459674194640884	0.000915754209038672
1122	-5.459672986400686	0.000981136731959972
1127	-5.459670715517541	0.0009072263499820888
1132	-5.45967258932077	0.0009547429037764812
1137	-5.459675606509556	0.0009246098545095877
1142	-5.459671065636175	0.0009371876248144402
1147	-5.459684720680639	0.0009399046777470752
1152	-5.459673395677326	0.0009540507030078851
1157	-5.459681969933412	0.0009183713609725227
1162	-5.459683998799181	0.0009187905412222149
1167	-5.459683119609355	0.0009375881127407802
1172	-5.459671197303277	0.0009574195371499523
1177	-5.459669736438174	0.0009473600488486546
1182	-5.45967845379671	0.0009341279403859946
1187	-5.4596855826881425	0.0009309248295536158
1192	-5.459687899340869	0.0009333434746588838
1197	-5.45967463532933	0.000943819561508249
1202	-5.459693261351556	0.0009464468722370611
1207	-5.459681041829266	0.0009382003406604775
1212	-5.459681798920182	0.0009751172268020925
1217	-5.4596738037357015	0.0009834589034634186
1222	-5.459684581570951	0.0009760172070009611
1227	-5.4596898329558705	0.0009555840015658775
1232	-5.459678280683827	0.000935910826422706
1237	-5.459687487773841	0.0009187082818385124
1242	-5.459672268388337	0.0009142484817785838
1247	-5.459693073516439	0.0009384575135305582
1252	-5.459687704885215	0.0009381509919927102
1257	-5.459666601279687	0.0009049892956594696
1262	-5.459687506763356	0.0009235057709959155
1267	-5.459673501616591	0.0009774356893810143
1272	-5.459679822343046	0.0009281964792577525
1277	-5.459675366197552	0.0009487561280776788
1282	-5.459676493799753	0.0009526914977236608
1287	-5.459684047252862	0.0009226883881961847
1292	-5.45970309090216	0.0009103600369538482
1297	-5.459681978151377	0.0009435178716350205
1302	-5.459673395677327	0.0009549808704559712
1307	-5.459671335298851	0.0009855555498278932
1312	-5.45968120792923	0.0009270638587542808
1317	-5.459675606509554	0.0009404813629438265
1322	-5.459683727297105	0.0009384802583466128
1327	-5.459681897376901	0.0009078576503461453
1332	-5.459678985225222	0.000963990849897677
1337	-5.459705614165605	0.0009584327385188772
1342	-5.4596717144408125	0.0009279991945773122
1347	-5.4596868471415965	0.0009516256164228277
1352	-5.459692701387887	0.0009501901265188334
1357	-5.459688102912433	0.0009320859066592736
1362	-5.459680188995184	0.0009288545486652247
1367	-5.459680571414255	0.0009452450103016514
1372	-5.459689763399866	0.0009580606430438006
1377	-5.459680084085059	0.0009450899789473911
1382	-5.459692163791684	0.0009475408108918016
1387	-5.459677487142513	0.0009263817917142636
1392	-5.459685732518491	0.0009402849801979428
1397	-5.459700104365292	0.0009467690343571484
1402	-5.459679953256986	0.0009236963781009566
1407	-5.45968101995055	0.0009360059778449327
1412	-5.459680038131591	0.0009660942047279048
1417	-5.4596952997088914	0.0009129789408051128
1422	-5.459679212256725	0.0009305548465341616
1427	-5.459687752667935	0.0009197771094469025
1432	-5.459686783867718	0.0009855463014663145
1437	-5.45972037774823	0.0008893889779321626
1442	-5.459688669057109	0.0009358649439063354
1447	-5.4596723629097665	0.0009692718051685886
1452	-5.4596804249551525	0.0009296382997044754
1457	-5.459687511920933	0.0009325682200490867
1462	-5.459734564831045	0.0009408480306673791
1467	-5.459695956072816	0.0009650288559174576
1472	-5.459666196854566	0.0009568770821815606
1477	-5.459671585253971	0.0009528415062634711
1482	-5.4596884100802106	0.0009347331935242292
1487	-5.459688410790345	0.000896083205508945
1492	-5.4596824407186615	0.0009306590793415033
1497	-5.459682763711051	0.0009149051330072243
1502	-5.459715129044808	0.0009465539765491957
1507	-5.4596926285190746	0.0009478526386508901
1511	-5.459722260233038	0.0009282168083631097
1516	-5.459698003223969	0.000932255330528859
1521	-5.459692701387887	0.0009507151364882846
1526	-5.459666517408751	0.0009224332335592563
1531	-5.459679949169118	0.0009138335436670384
1536	-5.45967340196314	0.0009324621333425758
1541	-5.45967226838833	0.0009438259361857227
1546	-5.459684447009957	0.000935413621584393
1551	-5.459688836935502	0.0009666744628712967
1556	-5.459683119609345	0.0009169919322740531
1561	-5.459680294542762	0.0009603919016231813
1566	-5.459689404668962	0.0009295384074824655
1571	-5.459693371085195	0.0009364461636434494
1576	-5.459693162200358	0.0009203841712900545
1581	-5.4596928991425075	0.00093728200498262
1586	-5.459693268640286	0.00093307970601038
1591	-5.459693116755477	0.0009384794715368784
1596	-5.459687704885218	0.0009231280835026754
1601	-5.459679246204297	0.0009537335563666304
1606	-5.459685442832947	0.0009773827530983822
1611	-5.459689629783148	0.0009340602755811883
1616	-5.459681798920184	0.0009373140592634584
1621	-5.459670972223331	0.0009368102209219445
1626	-5.459673693222108	0.0009317399307519841
1631	-5.459677813783596	0.0009493682363286969
1636	-5.459670216120887	0.0009748006685114826
1641	-5.459693088276566	0.0009557486074346825
1646	-5.459699155568658	0.0009417289495420283
1651	-5.459727670627071	0.0009470082870839582
1656	-5.459742268404834	0.0009017392472540219
1661	-5.45967230141951	0.0009441036015896182
1666	-5.459684415486193	0.0009549482235615257
1671	-5.459688855951118	0.0009310601842099414
1676	-5.459687899340871	0.0009305420725429903
1681	-5.459670641473229	0.0009632948224562132
1686	-5.459671519789361	0.0008950867773976465
1691	-5.459693544126932	0.000958514715693086
1696	-5.459723458938999	0.0009379283440289634
1701	-5.459739694197149	0.0009596537519106532
1706	-5.459680400333694	0.000927329793087134
1711	-5.459691294884836	0.0009272178540549364
1716	-5.459684047252862	0.0009444200112998706
1721	-5.45967844893706	0.0009374962606912633
1726	-5.459692557787069	0.0009671665415754962
1731	-5.459736091994836	0.0009631354610599391
1736	-5.459673395677324	0.0009404543494230157
1741	-5.459682747709976	0.0008844180684689683
1746	-5.459684047252865	0.0009478942769218807
1751	-5.459667330167223	0.0009684204771837574
1756	-5.459704882134495	0.0009287569050825004
1761	-5.4597408827501255	0.0009242129043453025
1766	-5.459686081059991	0.0009352614943335868
1771	-5.459688836935493	0.0009333577528754868
1776	-5.4596715197893655	0.000958997559115458
1781	-5.4597112929935045	0.0009388495779524551
1786	-5.459735040518249	0.0009527749490873701
1791	-5.459680576938862	0.0009433360767396303
1796	-5.459672737337966	0.000980100159182914
1801	-5.459692889429659	0.0009415636660412192
1806	-5.459742268404836	0.000927823699232873
1811	-5.459680606318876	0.0009360242614834747
1816	-5.459690128794553	0.00089837786680598
1821	-5.459681019132027	0.0009503453790929893
1826	-5.459740550754465	0.000973034685628782
1831	-5.45968072167774	0.0009472302817798028
1836	-5.45969002517061	0.0009462334368471945
1841	-5.459691621772218	0.0009859082843583927
1846	-5.459739113498657	0.000943623857997793
1851	-5.4596866483982645	0.0009347384411045976
1856	-5.459670806887741	0.000969997285959032
1861	-5.459698681839321	0.0009571177468606596
1866	-5.45972517054646	0.0009577330073019119
1871	-5.45969017893854	0.0009356439145699404
1876	-5.459666032912771	0.0008996647127488669
1881	-5.45974297134202	0.000893261084114775
1886	-5.459685204025688	0.0009259862628860115
1891	-5.459671714440812	0.0009253442828115754
1896	-5.459718475257096	0.0009109401663277532
1901	-5.4596725491286335	0.0009717842793679361
1906	-5.459687343723717	0.0009464124950390271
1911	-5.459697284525363	0.0009589414437685289
1916	-5.4597318783924855	0.0009740776220690273
1921	-5.459686558523202	0.0009317104069737043
1926	-5.459693431061239	0.0009757384210073917
1931	-5.45972672919201	0.0009271150713479238
1936	-5.45968042495515	0.0009264124570167536
1941	-5.459693515657418	0.00091275208691492
1946	-5.459730009334047	0.0009587699390037394
1951	-5.459687136104081	0.0009014152880462025
1956	-5.459695956072822	0.0009380576954823458
1961	-5.459734040020558	0.0009472309186063561
1966	-5.459685685572049	0.0009318953752925961
1971	-5.459715344832079	0.000951268612563363
1976	-5.459674622025571	0.0009495409469595952
1981	-5.459672589320767	0.0009429882890381054
1986	-5.459742161805945	0.0009210270909836167
1991	-5.459687178258338	0.000991515018506516
1996	-5.459666670300598	0.0009436276638735662
2001	-5.459729799999599	0.0009296359490814504
2006	-5.459679496510467	0.0009585251172530902
2010	-5.459742752527686	0.0009390287262693534
2015	-5.459684433742899	0.0009333395559196642
2020	-5.459686453260913	0.0009389543317652189
2025	-5.45973282609656	0.000928180998609734
2030	-5.459688772517921	0.0009699071215496774
2035	-5.459731824058568	0.000931163104388898
2040	-5.459684415486197	0.000989891609962147
2045	-5.459670216120881	0.0009211768136393211
2050	-5.459732826096556	0.0009530824409713768
2055	-5.459685894526044	0.0009424530982272279
2060	-5.459737252086177	0.0009731385049586927
2065	-5.459686018369915	0.0009178776662383514
2070	-5.459692984945982	0.0008991049999918133
2075	-5.459720875341366	0.0009583205730655756
2080	-5.459673401963141	0.000940529924524365
2085	-5.45973483561603	0.0009525312147098736
2090	-5.459679091990154	0.0009811941229601602
2095	-5.459726168628789	0.000979543496858509
2100	-5.459684415486194	0.000948926895079622
2105	-5.459692768634052	0.0009542412545465528
2110	-5.459717210217686	0.0009734389065517721
2115	-5.459676160015228	0.0009435414846551561
2120	-5.459726449377757	0.0009251943327303475
2125	-5.459687920740925	0.0008919220054931392
2130	-5.459739113498657	0.0009364423074099877
2135	-5.459693268640286	0.000986633598573777
2140	-5.459724243512098	0.000953531657899615
2145	-5.459685576157751	0.0009287981603378295
2150	-5.4596930735164415	0.0009350372958911271
2155	-5.459672198135849	0.0009206261348631028
2160	-5.459678280683819	0.0009424007281162712
2165	-5.459717415583897	0.0009346172897835944
2170	-5.459679615608094	0.0009443427359346141
2175	-5.459732087255936	0.0009684816283072465
2180	-5.459671992848845	0.0008811698843601849
2185	-5.459729441567307	0.0009738156079624212
2190	-5.459677487142514	0.0009122749323614963
2195	-5.4597336604618025	0.0009589133787494325
2200	-5.459690128794553	0.0009367722949940204
2205	-5.45973669983746	0.0009298493329782972
2210	-5.459686558523203	0.0009990445693478652
2215	-5.459740823456235	0.0009833868392728215
2220	-5.459678985225228	0.000917896774309541
2225	-5.459739297532102	0.0009378311712723645
2230	-5.459680294542763	0.0009438957726510796
2235	-5.459739104724069	0.0009466894989367147
2240	-5.459680294542762	0.0009386380449950091
2245	-5.459739893717772	0.0009392352752128899
2250	-5.459678985225224	0.0009216056611627921
2255	-5.4597403655225705	0.0009442631887129876
2260	-5.459686558523206	0.0008802922153156665
2265	-5.459734717539637	0.0009592554599735068
2270	-5.459690128794553	0.0009704767783641846
2275	-5.459725375503035	0.0009526454116799759
2280	-5.459677487142515	0.0009710983014547946
2285	-5.459734325095861	0.000922115856778241
2290	-5.4596719928488415	0.0009307337937491747
2295	-5.459721989217192	0.0009897874307533063
2300	-5.459679615608093	0.000974571108495793
2305	-5.459725191270992	0.0009562995871934648
2310	-5.4596782806838196	0.0009378402001269375
2315	-5.459729591742428	0.0009521105729283613
2320	-5.459693073516439	0.0009212745311134294
2325	-5.459681278559639	0.0008936099187405669
2330	-5.459724243512097	0.0009030030209012287
2335	-5.45968058976565	0.0009416930218396544
2340	-5.459739113498656	0.0009331053364938944
2345	-5.459681019950548	0.000957966314142764
2350	-5.459726449377759	0.0009708076806001673
2355	-5.4596706922445195	0.0009597020020360094
2360	-5.459717210217687	0.000973410626940899
2365	-5.459666036151216	0.000949335493915054
2370	-5.459729671448664	0.0009537667359258973
2375	-5.459698628771932	0.0008739151356481271
2380	-5.459684415486195	0.0009772983570572227
2385	-5.459742971342024	0.0010033693565967344
2390	-5.459679091990148	0.0009386435522591551
2395	-5.459731878392485	0.0010035155901977882
2400	-5.459673401963142	0.0009592401787076266
2405	-5.459732199082025	0.0009550311304896634
2410	-5.459692984945981	0.0009284439963416232
2415	-5.459678434262508	0.0009287249777567698
2420	-5.459737252086173	0.0009349856382839981
2425	-5.459688287058357	0.0009626189939196517
2430	-5.459732826096555	0.0009559291868786046
2435	-5.459673523533831	0.0009661618995060448
2440	-5.459731612283027	0.0009358086260877286
2445	-5.459695956072818	0.0009491443761629477
2450	-5.4596844154861985	0.0009005229568746008
2455	-5.459740942180931	0.0009234815285999802
2460	-5.459688772517919	0.0009591753597578
2465	-5.459718618018597	0.0009598288068138084
2470	-5.459686453260915	0.0009278162510394286
2475	-5.459671927852786	0.000999830908826951
2480	-5.459742752527682	0.0009490639685145862
2485	-5.459681019950547	0.0009326234959560036
2490	-5.459720875341366	0.0009629712901895202
2495	-5.459666670300606	0.0009274982137347516
2500	-5.459683497739999	0.0009682919531038963
2505	-5.459740980892488	0.0009713036577206774
2509	-5.4596731143561605	0.0010003028638008009
2514	-5.459732862354654	0.0009446202047207438
2519	-5.459698150440489	0.000916226932005759
2524	-5.459687506763351	0.0008928949896958202
2529	-5.459725159479981	0.000949411664208423
2534	-5.459673501616591	0.0009676290430390472
2539	-5.459732364642196	0.000897064122909792
2544	-5.459723458939001	0.0009354296517210549
2549	-5.459692202564432	0.0009398153185922812
2554	-5.4597232350460825	0.0009324357156110568
2559	-5.459666334866382	0.0009138865324667759
2564	-5.459676493799754	0.0009336204682903908
2569	-5.45974016976801	0.0009220524097548993
2574	-5.459684047252859	0.0009782530020908987
2579	-5.459730469013378	0.0009603896296924816
2584	-5.459703090902166	0.0009325980159163872
2589	-5.459681245364507	0.0009577501460686477
2594	-5.459725903688001	0.0009933241133015136
2599	-5.459666196854562	0.0009338409985695107
2604	-5.459673395677324	0.0009402454682067358
2609	-5.459735181781147	0.0009478065417142193
2614	-5.459671335298854	0.0010050214905444577
2619	-5.459737156749263	0.0009969058888362181
2624	-5.459733255295253	0.0009502429169000418
2629	-5.459679091990149	0.0009123919184061292
2634	-5.459732801099183	0.000974375018307664
2639	-5.459697284525362	0.0009675801943027193
2644	-5.459683727297108	0.0009219089295629942
2649	-5.459721787005133	0.0009069480146807953
2654	-5.4596818973769015	0.0009596395079162315
2659	-5.459680347315021	0.0009662915125292226
2664	-5.459731025417128	0.0009758171555879172
2669	-5.459679821700133	0.000942419017978057
2674	-5.4596945060760325	0.0009281857364321875
2679	-5.45973504051825	0.0009011097031360565
2684	-5.459671714440811	0.0009294162441273514
2689	-5.4597086225764615	0.0009456718070834109
2694	-5.459739893717772	0.0009469020488931823
2699	-5.459676639696385	0.0009445494837863699
2704	-5.459729650457456	0.000979435397102554
2709	-5.459742268404833	0.0009611681531204518
2714	-5.459688102912435	0.000941644615710964
2719	-5.459733908420203	0.0009708326317465944
2724	-5.459741398016418	0.0009442186863931313
2729	-5.45968982627396	0.0009497769135075967
2734	-5.459735604275023	0.0010078903877826916
2739	-5.459740550754464	0.0009729009776099902
2744	-5.459689763399864	0.0009709760501686941
2749	-5.459732716306682	0.0009196902357044683
2754	-5.45974307885667	0.0009561552566435535
2759	-5.459688614939754	0.0009583143796400297
2764	-5.459728638828592	0.0009604220192119857
2769	-5.459739113498656	0.0009403561262968222
2774	-5.459677487142513	0.0009431794926161733
2779	-5.459703634240039	0.0009459021505264996
2784	-5.459737703878506	0.0009485478693564972
2789	-5.459671287480146	0.0009548359885864492
2794	-5.459684767137445	0.0009797547108288142
2799	-5.459725170546464	0.0009838650704577043
2804	-5.459679953256983	0.0009360084900368262
2809	-5.459695037621206	0.0009273399533030007
2814	-5.459732570340389	0.000945780174706825
2819	-5.4596768957417705	0.0009884410245341788
2824	-5.459680038131592	0.0009640980230557021
2829	-5.459720920076963	0.0009182881331035592
2834	-5.45969529970889	0.0009510562670748078
2839	-5.459683280564541	0.0009131134335325797
2844	-5.459729671448659	0.0009222615039137809
2849	-5.459731824058568	0.0009836360319082937
2854	-5.459687752667937	0.0009448638754091205
2859	-5.459709044336701	0.0009378831512590956
2864	-5.459737703878505	0.0009598318462762316
2869	-5.459673027647904	0.0009415570222271267
2874	-5.459693654832444	0.000978435308195115
2879	-5.4597304554407335	0.0009907153101829341
2884	-5.4596886690571065	0.0009268208384962152
2889	-5.45968466313323	0.0009507051688851512
2894	-5.459732430148177	0.0009887076018368103
2899	-5.459722662345478	0.000998236758173055
2904	-5.459680424955156	0.0009810671745127258
2909	-5.4597036693142265	0.0009304261883851179
2914	-5.4597350405182485	0.0008837164760537724
2919	-5.459674635329331	0.0009238753396313874
2924	-5.459700623923714	0.0009403007423712494
2929	-5.4597186180185995	0.000946245859612898
2934	-5.459695956072818	0.0009276676170039696
2939	-5.459688707503551	0.0009200638829721845
2944	-5.459729650457455	0.0009485926584042602
2949	-5.459740502206142	0.0009401666592199099
2954	-5.459671585253973	0.0009432725692539971
2959	-5.459698069630186	0.0009190211695115634
2964	-5.459717339562851	0.0009572221573997273
2969	-5.45969404270718	0.0009387286767093669
2974	-5.459688410790342	0.0009200284705906766
2979	-5.45972197134432	0.0009144996759583541
2984	-5.459736379513093	0.0008979641130470082
2989	-5.459673464920274	0.0009138967223914633
2994	-5.459682763711057	0.0009108580931935773
2999	-5.45973227101805	0.0009819472519472865
3004	-5.459715129044811	0.0009858283779914886
3008	-5.459678904747981	0.001017923691893709
3013	-5.459697578895495	0.0010053481497315135
3018	-5.459717538446092	0.0010051243934556205
3023	-5.459693633216048	0.0009770492541650905
3028	-5.459690187402425	0.0009713003049258007
3033	-5.45970574726786	0.0009267923430954706
3038	-5.45972622521235	0.0009544269506283136
3043	-5.45967061542685	0.0009442014979668894
3048	-5.459681207929232	0.0009581212820038615
3053	-5.45973327976706	0.0009159842732611
3058	-5.459742061112963	0.0009564016209268704
3063	-5.459671021793859	0.0009087165709072188
3068	-5.459707938175031	0.0009513577380418917
3073	-5.45973280109918	0.0009565451277690377
3078	-5.459721013785606	0.0009994176592155752
3083	-5.459688019525634	0.0009463415078178344
3088	-5.459696932847652	0.0009185738085854095
3093	-5.4597177595170825	0.0008978125137427775
3098	-5.4596962773217745	0.0009277375431786961
3103	-5.459693467251687	0.0009329169621500067
3108	-5.459685164816605	0.000905540086660661
3113	-5.459732850987792	0.0009116014926908957
3118	-5.45969285126684	0.0009628746521945777
3123	-5.4596809433637565	0.0009667720801188381
3128	-5.459690240373018	0.000973683059553839
3133	-5.459733101072579	0.0009813059428312606
3138	-5.4596857905928955	0.0009034063981568224
3143	-5.459686847141595	0.0009312020268709257
3148	-5.459701502480983	0.0009390124810505571
3153	-5.459730279199635	0.0009445776279867673
3158	-5.459676437799119	0.0009785572193042645
3163	-5.459687475638013	0.0009619538589615549
3168	-5.459698866591875	0.0009589421285916003
3173	-5.459731778862657	0.0009621411543433578
3178	-5.459684344297777	0.0009434034580387681
3183	-5.459686154451094	0.0009606787996315456
3188	-5.459684075278289	0.0009185800153281267
3193	-5.4597344989038525	0.000975216602506728
3198	-5.459692701387887	0.0009987150623230613
3203	-5.459682573809011	0.0009600217393393296
3208	-5.459686647393612	0.0009931323217203557
3213	-5.45972198921719	0.0009504358809751045
3218	-5.459694339281058	0.0009202914522574643
3223	-5.459691909020848	0.0009375636964305812
3228	-5.459698069630182	0.0009538160840629263
3233	-5.459724749699727	0.0009665833500628715
3238	-5.459717640939973	0.0009606119475379797
3243	-5.459688836935497	0.0009332499446192727
3248	-5.459709888075917	0.0009435944461698125
3253	-5.4597297683988035	0.0009940485077726464
3258	-5.45974307885667	0.0009828256791105268
3263	-5.459670898787955	0.0009805165641434787
3268	-5.459725665142048	0.0009477696550196688
3273	-5.459723163965134	0.0009663456623034111
3278	-5.459731564035357	0.0009506843240470495
3283	-5.459666032912772	0.0009854094170490893
3288	-5.45968622728983	0.0009838716652174877
3293	-5.459686524435738	0.0009495457919054378
3298	-5.459720678315978	0.000949684241479742
3303	-5.459698549622759	0.0009519640855928529
3308	-5.459678980256575	0.0009723723748087543
3313	-5.459708460730458	0.0009462700511039872
3318	-5.459729671448664	0.0009592988721950961
3323	-5.459741623693451	0.0009499225461317315
3328	-5.459673401963143	0.0009261748223551229
3333	-5.459671927852784	0.0009330570453268398
3338	-5.459693771357685	0.0009169547349856564
3343	-5.459734476528135	0.0009762438627154608
3348	-5.4596934012893605	0.0009950685828021878
3353	-5.459692823195494	0.0009787051244706897
3358	-5.459706507432833	0.0009869507159525747
3363	-5.459729598331603	0.0009186450828894103
3368	-5.459742918405341	0.0009281593314199996
3373	-5.459673161493097	0.0009323846458790173
3378	-5.459672361664508	0.0010179967098848431
3383	-5.4596834437292525	0.0010434655398090132
3388	-5.459723898453122	0.0009414226620053389
3393	-5.4596972845253635	0.0009760574273500809
3398	-5.459678912785832	0.0009423754257784943
3403	-5.459732322688684	0.000988616500340868
3408	-5.459732573376903	0.0009929460453388646
3413	-5.459734813625583	0.0009430669818060156
3418	-5.459666508552626	0.0009572596317562068
3423	-5.459687345735337	0.0009087438244378466
3428	-5.459705471713677	0.0009094597607377414
3433	-5.459734092087949	0.0009339863747220972
3438	-5.459738776132878	0.0009361661205888332
3443	-5.459671077148036	0.0009281202224475073
3448	-5.459672198135854	0.000906750274250097
3453	-5.4596873405975455	0.000955720374028295
3458	-5.459717339562847	0.0009920474344795533
3463	-5.459713312497995	0.0009639117307201394
3468	-5.459690025170606	0.000973347639708955
3473	-5.45973712751113	0.0009615198168708382
3478	-5.459690920410816	0.0009428365042437979
3483	-5.459730902264547	0.0009528003996252921
3488	-5.459695299708893	0.0009519987241615152
3493	-5.4596790390371135	0.0009727398171570706
3498	-5.459726690583754	0.000996000109058302
3503	-5.459704747701164	0.0009695148097905319
3507	-5.45972023998281	0.0009736784300813785
3512	-5.459704882134493	0.0009496168078632187
3517	-5.459689346454046	0.000986585592600851
3522	-5.45974147063443	0.0009479035030992768
3527	-5.459683088494634	0.0009629682416785551
3532	-5.45972178700513	0.0009949452867749962
3537	-5.4597020881983225	0.0010010105373573514
3542	-5.459688836935494	0.001008504340452952
3547	-5.4597380271054	0.0010057529667042693
3552	-5.459685164816602	0.0009734107545124527
3557	-5.459718477629625	0.0009319216619232301
3562	-5.459711292993504	0.0009272054293550415
3567	-5.459688772517922	0.0009427699731156757
3572	-5.4597171468536265	0.0009622934150621189
3577	-5.459693469729669	0.0009713410545140763
3582	-5.459721717138855	0.0009746771494843115
3587	-5.459729259115149	0.0009618113364488061
3592	-5.45967273733797	0.0009689420906095237
3597	-5.459677449473282	0.0009369745041913619
3602	-5.459701512907485	0.0009575846772148927
3607	-5.459732217969893	0.0009950807397682627
3612	-5.459742268404836	0.000960949269329515
3617	-5.459675093659971	0.000961599818965169
3622	-5.459680606318876	0.0009673568261604131
3627	-5.459723333554708	0.0009985546003606633
3632	-5.459734994875239	0.0009724807035822904
3637	-5.459734395838391	0.0010266804753462189
3642	-5.459681019132023	0.0009981404368560166
3647	-5.4596873822099585	0.0009623066150046235
3652	-5.459729870014819	0.0009625558356673434
3657	-5.459690240373015	0.00092653577351691
3662	-5.459723439538023	0.000927346750827916
3667	-5.459703090902163	0.0009607079594408309
3672	-5.459690025170607	0.0009962575728904575
3677	-5.459708120267125	0.0009987449174575697
3682	-5.459703019031526	0.0009749600126932439
3687	-5.459730312690234	0.0009060427960620475
3692	-5.459739113498658	0.0009157646269520616
3697	-5.459679115238582	0.0009122043909890665
3702	-5.4596866483982645	0.0009298341309688728
3707	-5.459725655536717	0.0009619695115301969
3712	-5.459705717760872	0.001000391973219821
3717	-5.459732570340385	0.0009676554659768907
3722	-5.459698681839322	0.0010106211954808563
3727	-5.459689071339038	0.0009547751481582258
3732	-5.459716208910541	0.0009277956703609798
3737	-5.459707930047222	0.0009424465708512926
3742	-5.459729149724926	0.0009271780745941743
3747	-5.459739943453514	0.0009481252070592409
3752	-5.4596660329127715	0.0009552088423214729
3757	-5.459680862170066	0.0009634548664981765
3762	-5.4597388943059	0.0009751954923703838
3767	-5.459686493552463	0.0009987612354357147
3772	-5.459720920076964	0.0009504638731521827
3777	-5.459732918963259	0.0009321672633511898
3782	-5.4596717144408125	0.0008889280599524361
3787	-5.459681083171295	0.0009331227450063795
3792	-5.459725825643379	0.0009385966704628512
3797	-5.4597056819465735	0.0009708632254244543
3802	-5.459729259188614	0.00104393161103082
3807	-5.459702088198319	0.0009993926798187805
3812	-5.459687343723721	0.0010100302814307967
3817	-5.459724882670643	0.0010100939779687386
3822	-5.459730755907097	0.0010037375798218596
3827	-5.459727178508976	0.0009805290340675857
3832	-5.459731878392489	0.000996999215703493
3837	-5.459692546019525	0.0009502296898717899
3842	-5.459686558523206	0.0009538662787668767
3847	-5.4597306694635686	0.000952109612841676
3852	-5.459720832065493	0.0009283925993532435
3857	-5.459730743458487	0.0009338990075529318
3862	-5.459726729192011	0.0009727113613026015
3867	-5.459693560799687	0.0010124335861997815
3872	-5.459680424955155	0.001004515303660221
3877	-5.4597306110757335	0.0009763826507560015
3882	-5.4597240926471535	0.0009404845947711392
3887	-5.459729650457457	0.0009275747072850684
3892	-5.4597300093340495	0.0009615344427139424
3897	-5.459692599676032	0.0009619035781483334
3902	-5.459687136104082	0.0009526115935397507
3907	-5.45972693552255	0.0009756268632824186
3912	-5.459731791137303	0.0009948853846737623
3917	-5.4597063942154005	0.0009903917878493443
3922	-5.459734040020558	0.0009700920442007232
3927	-5.459700104365296	0.0009398447339473217
3932	-5.459685685572047	0.000922481111276095
3937	-5.459683131306265	0.0009284915601017483
3942	-5.45972853005484	0.0009341426756553453
3947	-5.459683348313564	0.0009526827233392971
3952	-5.459717339562851	0.0009747500748108951
3957	-5.459730944137572	0.0009565833705495773
3962	-5.459672589320768	0.000984094412573611
3967	-5.4596801717942895	0.0009387017384717935
3972	-5.459714055850957	0.0009651145453827251
3977	-5.459697834186573	0.0009998622388353257
3982	-5.4597307152586625	0.0009775922742721393
3987	-5.459740823456233	0.0009781156191052856
3992	-5.459666670300604	0.0009916883560129805
3997	-5.459689452569426	0.0010362913962021216
4002	-5.459729756049397	0.0010137793292743843
4006	-5.45972569134202	0.0009977183280072373
4011	-5.459694506076031	0.0009693352323024727
4016	-5.459718977979209	0.0009302794442945674
4021	-5.459727299480147	0.0009145882491656948
4026	-5.459671714440812	0.0009192728421305546
4031	-5.459680092508864	0.0009256669076828207
4036	-5.459702031432553	0.0009434856649291505
4041	-5.459707680623207	0.0009699177909784996
4046	-5.459729938933969	0.0009491843941392747
4051	-5.459734950298329	0.000981080388339813
4056	-5.459692701387886	0.0009621036567223306
4061	-5.459678896102725	0.000993866799952982
4066	-5.459728601699015	0.0009832891947750026
4071	-5.459731454993539	0.0009548539904950787
4076	-5.459685725498318	0.001022767674222606
4081	-5.459724749699729	0.00102740753307665
4086	-5.459741398016418	0.000991353248167172
4091	-5.459679761451566	0.0010031617980167692
4096	-5.459683017037816	0.0009649652619089685
4101	-5.459725315494508	0.0009844783150137156
4106	-5.459731942370169	0.0009540231717026922
4111	-5.459704228465857	0.0009446355905350556
4116	-5.459723898453127	0.000985138826698276
4121	-5.459719952330435	0.0009630638928139705
4126	-5.459670688498253	0.0009449589243604165
4131	-5.459680084085057	0.0009498295985053615
4136	-5.459717335448905	0.0009156442352876065
4141	-5.4597171523786505	0.000954273448638217
4146	-5.459728638828589	0.0009304695095517209
4151	-5.459734587669638	0.0009655686553965768
4156	-5.459701531821462	0.0009768930626803192
4161	-5.45967748714251	0.0009526858302124291
4166	-5.45967593362938	0.0009875793859627786
4171	-5.459716913683719	0.000991540369600302
4176	-5.4597098880759205	0.0009974454593904352
4181	-5.459729786268008	0.0009653320039919872
4186	-5.459734121320772	0.0009302320798705719
4191	-5.459700104365296	0.000965354633641014
4196	-5.459678189031568	0.000947070963900229
4201	-5.459676099068051	0.0009475015410997144
4206	-5.459719064310874	0.0009271942712643739
4211	-5.4597235905960595	0.0009903502485882683
4216	-5.45971976218522	0.0009944020667690878
4221	-5.459732570340386	0.0010291363102891387
4226	-5.459714240998016	0.000958414185569105
4231	-5.459670654631474	0.0009419980508734889
4236	-5.459680038131592	0.0009085542125899288
4241	-5.459725849068009	0.0009316918569332725
4246	-5.4597270970365255	0.0009193373298725311
4251	-5.45969561253561	0.0009175882504113274
4256	-5.45971733956285	0.0009685427549511135
4261	-5.45973502057019	0.0010123736734281225
4266	-5.459679212256725	0.001028711777575944
4271	-5.4596821917043385	0.0010416389778872411
4276	-5.459717231903812	0.0010645831978322927
4281	-5.459740924252313	0.0010222585264743555
4286	-5.459696521211805	0.00098087309092812
4291	-5.459731239000635	0.0009326082470523299
4296	-5.459737703878508	0.0009227392250226594
4301	-5.459691201965865	0.0009175397655986338
4306	-5.459679276430643	0.0009489684591266099
4311	-5.459723160307808	0.0009589371656850411
4316	-5.459717185618726	0.0009682009909148048
4321	-5.459718722155703	0.0009577144902822367
4326	-5.459720676697018	0.000960798922716347
4331	-5.459729988134081	0.0009484377701512084
4336	-5.459720165028878	0.0009335760473271272
4341	-5.4596723629097665	0.0009556663888900566
4346	-5.45968520402569	0.0009620933384567399
4351	-5.459716628280656	0.0010126534541430078
4356	-5.459738894305899	0.0009486369138068007
4361	-5.459697403118551	0.0009421281678704259
4366	-5.459729598331608	0.0009678646005623378
4371	-5.4597350405182485	0.0009692882923608325
4376	-5.4596930882765635	0.0009333734937106737
4381	-5.45968841008021	0.0009196607912775037
4386	-5.4597383368441035	0.0009625598860130186
4391	-5.45972788110435	0.0010015357499929614
4396	-5.459725748850522	0.0010373957479953668
4401	-5.459682955764274	0.0010004175410539043
4406	-5.45972563941367	0.0009986056216292596
4411	-5.459740844830802	0.0009679458318293063
4416	-5.459666196854561	0.0009845692263452106
4421	-5.459693025904122	0.0009747135414541635
4426	-5.459723816187626	0.0009722093053747102
4431	-5.459729658594483	0.0009801687842841515
4436	-5.459732250237503	0.0009961199862408524
4441	-5.459703646741403	0.0009906169730555224
4446	-5.45971733956285	0.0009922834015133211
4451	-5.4597384716917565	0.0010039362009538753
4456	-5.459675099644943	0.001005398586101942
4461	-5.45968841079034	0.0010030122207673635
4466	-5.459723443091547	0.0010121223984354364
4471	-5.459727537705451	0.0009955457855647524
4476	-5.459732325213954	0.001027839002514191
4481	-5.459703413612227	0.0010070042916569349
4486	-5.459717601988972	0.0009620463379408709
4491	-5.459740112878407	0.000965681972027979
4496	-5.459671519789363	0.0009254733951169739
4501	-5.459691421565981	0.0009115091141078029
4505	-5.459734921299565	0.000959168185549548
4510	-5.459729503850031	0.0009711681069873313
4515	-5.459734285271315	0.0009474794299488451
4520	-5.459694006456154	0.0009482690173819766
4525	-5.459730715258663	0.0010060385702182633
4530	-5.459734717539636	0.0009826210513318588
4535	-5.4596934528615835	0.0009742764258437984
4540	-5.459690128794554	0.0009456121091167405
4545	-5.459671927852784	0.0009349925781904226
4550	-5.459724781550555	0.0009485573023709843
4555	-5.459712269690531	0.0009655869094985826
4560	-5.459707801887171	0.0009228757835214715
4565	-5.459735149411659	0.0009198476126644253
4570	-5.459734325095861	0.0009168957089826298
4575	-5.459712580879327	0.0009608465373659519
4580	-5.459671992848845	0.0009476529789905864
4585	-5.459686979720469	0.0009961637832763197
4590	-5.459723562696685	0.0010007217184152836
4595	-5.459730731693065	0.0009902522571322873
4600	-5.459728911010466	0.0009983489032477936
4605	-5.459686599167572	0.0009678530669949135
4610	-5.45972519127099	0.0009367896771666116
4615	-5.459739113498656	0.0009226532329525561
4620	-5.459678280683823	0.0009440321077347513
4625	-5.459678985225224	0.0009347278651588515
4630	-5.459724134434105	0.0009793283485053067
4635	-5.459725393783585	0.00096348926999181
4640	-5.4597078673864	0.0009583845632520282
4645	-5.459707937828838	0.0009718505256603801
4650	-5.459730473299167	0.001009700227440268
4655	-5.459733418211749	0.0010167159192166222
4660	-5.459724243512093	0.0009789125827456145
4665	-5.459673929961633	0.0009733596277498749
4670	-5.4596805897656555	0.000983831001193149
4675	-5.459734921299565	0.0010018305516997516
4680	-5.459729737239961	0.000993050710637181
4685	-5.4597416054650525	0.0009901465143697377
4690	-5.4596976435611735	0.0009969784608040086
4695	-5.4597288680651825	0.0009922078945659673
4700	-5.459726449377759	0.0010258703765736153
4705	-5.459699971928702	0.0010335597727711902
4710	-5.459670692244522	0.0010294468449207742
4715	-5.45968520402569	0.0010226995778455923
4720	-5.459736474071834	0.0010516028140738708
4725	-5.4597314172033276	0.0010578266966624064
4730	-5.459734285271318	0.0010322635646863741
4735	-5.459696581284255	0.001025243192623076
4740	-5.459729671448664	0.0010257684612306548
4745	-5.459725375503036	0.0009746658446595567
4750	-5.459698628771929	0.0009719480767393974
4755	-5.45967141018477	0.0010309884753217512
4760	-5.459684415486193	0.0010592350412019296
4765	-5.4597356676689	0.0010409901874656546
4770	-5.459729737239963	0.0010362256201749034
4775	-5.459741329198551	0.00103161067501057
4780	-5.459697914748954	0.0010170333810879967
4785	-5.459733099610161	0.001018297736580168
4790	-5.459731878392484	0.0010158820586528
4795	-5.459711292993502	0.0010307411860964435
4800	-5.459673401963139	0.0010039651013684246
4805	-5.459684433742895	0.000983091801962842
4810	-5.459728759279818	0.0010442153399224054
4815	-5.459725393783582	0.001035638503273162
4820	-5.45970370307779	0.0010081112680066292
4825	-5.459706055314654	0.0010399069622695854
4830	-5.459720676697019	0.0010064271326277931
4835	-5.459721296573329	0.0010174430206284094
4840	-5.4597372520861756	0.001004820289159146
4845	-5.459667330167223	0.0009582249848774151
4850	-5.459688287058353	0.0009714313801675608
4855	-5.459699362028228	0.0009606839831927393
4860	-5.459723562696685	0.0009385525059348566
4865	-5.45972652346694	0.0009747460139427623
4870	-5.4597256583725855	0.000991323398722769
4875	-5.459686383730517	0.0009392254041094574
4880	-5.459731612283029	0.0009530097667574112
4885	-5.459734552270857	0.0009710931526936514
4890	-5.459695956072816	0.0009752534026687494
4895	-5.459672986400689	0.0009846299869971488
4900	-5.459684415486192	0.0009736715779228248
4905	-5.459723123323341	0.0009896464327841129
4910	-5.459726688532193	0.0009718913800784872
4915	-5.4597036296647	0.0009630215146189118
4920	-5.459717152378651	0.0010060105858650536
4925	-5.459704852389807	0.0010092326763855685
4930	-5.459718618018596	0.000941277275044709
4935	-5.459740038279816	0.000931713110503999
4940	-5.459686453260915	0.0008993341941544551
4945	-5.459688071038852	0.0009482202959243308
4950	-5.459671927852785	0.0009603569250169924
4955	-5.459724246619577	0.0009575143360799116
4960	-5.4597141050000015	0.0009557042402886712
4965	-5.459714055850958	0.0009562203347833625
4970	-5.459707637082496	0.0009651055794440723
4975	-5.459724575316585	0.0009957710184580614
4980	-5.459720875341365	0.0009997776944413088
4985	-5.459740259658977	0.0009570841674928362
4990	-5.459666670300599	0.00092424905972221
4995	-5.459678985225223	0.0009430603981573404
5000	-5.459683497739998	0.0009505847045505972
