x	y	z	r
49.0944	49.2078	50.5512	85.9481
48.6892	49.1529	50.7236	85.7876
49.1812	48.1593	51.098	85.727
49.1812	48.1593	51.098	85.727
49.8437	47.01	50.302	84.9978
50.0176	46.4802	50.412	84.8737
48.8591	46.6798	49.3672	83.6859
49.4703	46.0394	48.6311	83.2581
49.454	46.6539	48.581	83.5608
49.4403	46.0728	47.9553	82.8659
49.3726	46.2766	48.2356	83.1015
49.5657	45.2781	47.4178	82.1907
49.5657	45.2781	47.4178	82.1907
48.424	45.7246	47.1043	81.5747
48.7887	45.0378	47.5324	81.6582
47.8244	44.1281	47.9647	80.8398
48.0098	44.9441	46.8913	80.7695
47.8982	45.5819	48.02	81.7183
47.8982	45.5819	48.02	81.7183
47.8982	45.5819	48.02	81.7183
47.0194	44.5103	48.5322	80.9158
46.0876	45.6754	48.2898	80.884
45.5422	45.0787	48.3814	80.2929
45.0195	45.0344	47.1955	79.2608
44.3348	43.8772	46.2697	77.6639
44.4513	43.2989	45.4069	76.8928
45.4167	42.4251	44.7819	76.6028
45.4167	42.4251	44.7819	76.6028
44.6996	41.6069	45.2018	75.9762
43.6537	41.3667	44.7862	74.9844
44.8213	40.9904	44.6347	75.3752
43.6901	41.8203	44.6983	75.2044
43.6901	41.8203	44.6983	75.2044
43.6901	41.8203	44.6983	75.2044
43.6901	41.8203	44.6983	75.2044
43.1871	42.4969	43.525	74.6025
43.1871	42.4969	43.525	74.6025
42.3346	41.9219	44.3811	74.2923
42.4493	40.9334	44.5921	73.932
42.4493	40.9334	44.5921	73.932
42.0692	41.5575	43.4867	73.4026
42.34	40.869	43.4777	73.166
43.1524	42.0506	42.4135	73.6837
42.1391	41.0591	43.4345	73.1308
42.8425	40.1205	43.0657	72.7996
42.8425	40.1205	43.0657	72.7996
43.8412	39.0385	42.0527	72.2114
43.8412	39.0385	42.0527	72.2114
44.6195	39.3892	41.3026	72.4452
44.0405	38.3334	40.419	71.012
42.8716	38.0411	39.5826	69.6555
42.8716	38.0411	39.5826	69.6555
42.8716	38.0411	39.5826	69.6555
43.4034	38.2773	38.9789	69.7737
43.4034	38.2773	38.9789	69.7737
44.3334	37.9389	38.1344	69.7069
45.0383	37.4153	38.8761	70.283
45.0383	37.4153	38.8761	70.283
45.6202	37.7668	37.6763	70.1929
45.6202	37.7668	37.6763	70.1929
45.9185	38.0813	36.7413	70.0615
46.6654	37.8606	37.8088	70.997
46.6654	37.8606	37.8088	70.997
45.9198	38.9872	37.2142	70.8063
45.5163	39.8461	37.9301	71.4013
46.5971	40.1297	37.0894	71.8144
46.69	39.6233	37.1858	71.6432
46.3913	40.0142	36.3813	71.2523
45.6301	38.8348	36.2036	70.0068
44.5174	38.1358	35.0819	68.3145
44.1007	37.4301	35.1122	67.6664
44.1007	37.4301	35.1122	67.6664
43.0276	37.595	36.0812	67.5768
41.9103	37.0972	36.3073	66.715
41.2542	36.3057	35.2889	65.3094
40.3372	35.146	35.0925	63.9829
39.4472	35.5362	34.7216	63.4389
38.7302	34.4882	33.5757	61.7801
38.7302	34.4882	33.5757	61.7801
37.5367	34.2251	34.6988	61.5172
37.451	33.5123	35.4671	61.5107
37.227	34.5554	34.5682	61.4402
37.227	34.5554	34.5682	61.4402
37.227	34.5554	34.5682	61.4402
36.7873	34.5377	35.1376	61.4883
36.2508	34.1527	35.1296	60.9476
36.2508	34.1527	35.1296	60.9476
35.5095	34.5541	34.6612	60.4674
34.618	35.0268	34.6373	60.2081
34.7149	34.8702	35.0258	60.3976
34.7321	35.3881	34.7577	60.5536
33.793	34.2245	34.4166	59.1421
33.1386	34.0937	34.0933	58.5055
32.7876	33.8723	33.1168	57.6115
32.7876	33.8723	33.1168	57.6115
33.1716	32.9488	32.397	56.8818
33.4133	32.6819	32.5597	56.9622
32.5085	33.2677	32.8347	56.9356
33.2236	33.381	31.6584	56.7482
32.8371	33.4642	31.0978	56.2601
32.8371	33.4642	31.0978	56.2601
32.8371	33.4642	31.0978	56.2601
33.5174	33.6253	30.8673	56.6292
33.2493	32.8323	30.0593	55.5611
34.1495	32.3754	29.203	55.382
34.1495	32.3754	29.203	55.382
34.1495	32.3754	29.203	55.382
34.1495	32.3754	29.203	55.382
33.929	31.2959	30.1052	55.1084
34.3277	30.4305	28.9886	54.2655
33.2303	31.5484	29.8288	54.6746
33.5717	32.2935	29.1908	54.9731
33.01	31.6974	30.1682	54.8133
33.235	30.7402	29.6358	54.1092
32.4006	30.2853	30.3411	53.7363
33.4188	29.2514	31.1279	54.2347
33.6219	30.2131	30.5112	54.5362
33.6219	30.2131	30.5112	54.5362
33.6219	30.2131	30.5112	54.5362
33.6219	30.2131	30.5112	54.5362
33.6219	30.2131	30.5112	54.5362
33.6219	30.2131	30.5112	54.5362
33.2216	30.6727	30.4117	54.4918
33.2216	30.6727	30.4117	54.4918
33.2216	30.6727	30.4117	54.4918
32.2997	30.9733	30.8282	54.3414
32.2997	30.9733	30.8282	54.3414
32.2997	30.9733	30.8282	54.3414
31.3483	31.6274	30.702	54.089
30.3811	32.1545	30.501	53.733
30.4053	31.8733	29.8306	53.2002
31.4073	31.2387	29.1149	53.009
31.0338	30.939	30.2768	53.2635
31.0338	30.939	30.2768	53.2635
32.0106	30.1792	29.5366	52.9894
31.0414	31.2914	29.8735	53.2461
31.8545	31.4449	28.7068	53.1749
31.501	31.8921	28.5746	53.1595
31.916	31.528	28.4525	53.1243
30.893	32.6852	28.1298	53.047
30.893	32.6852	28.1298	53.047
30.893	32.6852	28.1298	53.047
30.3394	31.7613	28.9896	52.6276
29.3348	30.8927	28.9213	51.4911
29.4736	30.0224	27.9204	50.4934
29.1803	29.0056	28.8462	50.2486
28.8512	29.6217	28.2918	50.1026
28.8512	29.6217	28.2918	50.1026
29.1825	29.0113	27.2423	49.3499
29.1825	29.0113	27.2423	49.3499
28.4028	29.8192	28.221	49.9232
27.6653	29.2972	28.1474	49.1525
27.6653	29.2972	28.1474	49.1525
27.6653	29.2972	28.1474	49.1525
27.6985	29.5321	27.6525	49.0307
26.8786	28.6136	28.0755	48.2641
26.0335	28.3878	29.0317	48.2333
26.0335	28.3878	29.0317	48.2333
26.4858	27.5076	28.9892	47.9431
25.9275	27.8143	29.2365	47.965
26.24	27.8248	28.1944	47.5151
26.24	27.8248	28.1944	47.5151
26.3083	28.379	27.9913	47.7599
26.4419	27.4235	27.9832	47.2682
25.6355	27.7699	27.5368	46.7613
25.7367	28.2407	28.5618	47.7042
25.1045	27.5774	28.108	46.6991
25.1045	27.5774	28.108	46.6991
24.4882	26.7434	28.5947	46.1794
24.5956	26.5331	28.5651	46.0968
24.3368	27.3029	29.3068	46.8681
24.3368	27.3029	29.3068	46.8681
24.3368	27.3029	29.3068	46.8681
23.7108	27.6949	29.6523	46.9943
23.7108	27.6949	29.6523	46.9943
24.4052	26.6775	30.3412	47.2006
24.5968	27.0251	29.8287	47.171
24.0914	26.1684	28.769	45.7475
23.1717	26.2616	29.525	45.8074
24.1514	25.8981	28.5665	45.4977
25.1909	25.2216	27.8925	45.2626
24.4152	24.0229	27.8705	44.1584
23.2801	23.8263	29.0032	44.1683
23.97	23.9955	27.8957	43.9149
23.97	23.9955	27.8957	43.9149
22.8992	22.9533	27.9558	42.8107
22.2614	23.2969	27.4806	42.3497
22.4005	22.9585	27.843	42.4748
22.7147	21.9402	28.1163	42.283
22.5635	22.0252	27.1223	41.5914
21.425	21.9046	27.6708	41.2857
21.7428	20.9535	28.3942	41.4491
22.7815	20.039	29.4607	42.2905
21.5951	20.3063	28.7701	41.3088
21.4176	19.3467	28.7688	40.7512
20.519	20.0562	28.2817	40.2881
20.6956	20.1134	28.0224	40.2258
21.2183	20.1404	28.057	40.5345
21.8321	20.8534	27.5891	40.8982
21.8321	20.8534	27.5891	40.8982
21.1782	22.0336	26.9233	40.7291
21.5868	21.2575	27.049	40.6142
22.0085	20.712	26.0943	39.9283
21.9753	20.542	25.5344	39.4575
21.9753	20.542	25.5344	39.4575
21.5982	20.3134	26.3027	39.6352
21.8637	20.4236	25.1461	39.0829
21.3444	19.9576	24.7331	38.2834
21.7515	19.1249	24.2217	37.7569
21.7515	19.1249	24.2217	37.7569
21.7515	19.1249	24.2217	37.7569
20.5572	18.96	24.4441	37.1429
20.5572	18.96	24.4441	37.1429
19.6623	17.8974	24.1369	35.9098
19.6623	17.8974	24.1369	35.9098
19.444	18.0265	24.9751	36.425
19.8187	17.2442	25.3912	36.5357
20.3476	17.4143	25.2126	36.7826
20.5401	18.277	24.8485	37.0593
20.5401	18.277	24.8485	37.0593
20.8977	19.043	23.8487	36.988
21.0607	18.5926	24.1803	37.0665
21.0607	18.5926	24.1803	37.0665
22.1624	17.5651	24.9397	37.7054
22.1624	17.5651	24.9397	37.7054
20.9986	18.0614	24.6244	37.061
20.9986	18.0614	24.6244	37.061
20.3181	18.7361	24.8846	37.1902
21.0045	19.3351	23.8593	37.2062
19.9749	18.8477	23.9866	36.4635
19.9749	18.8477	23.9866	36.4635
19.1512	17.9424	24.2913	35.7598
18.9803	16.7924	24.1818	35.0285
19.1119	17.0651	23.017	34.4422
19.8616	16.1273	22.7704	34.25
19.8616	16.1273	22.7704	34.25
19.4295	15.1847	21.9663	33.0242
19.351	16.055	21.0953	32.8212
19.102	15.4305	21.7186	32.7824
18.0171	14.2572	21.3433	31.3595
17.5036	13.3229	20.4011	30.0013
16.8007	13.343	19.328	28.8768
17.5591	13.7832	18.3093	28.871
17.5591	13.7832	18.3093	28.871
18.0222	12.8009	18.4439	28.7895
19.074	12.8591	17.99	29.203
19.074	12.8591	17.99	29.203
19.4893	12.4331	17.3755	28.9192
18.4011	12.295	18.5427	28.8721
17.9918	12.1488	18.9658	28.827
17.9918	12.1488	18.9658	28.827
18.5961	12.7109	18.0429	28.8605
18.5961	12.7109	18.0429	28.8605
18.5961	12.7109	18.0429	28.8605
19.1999	12.0325	17.2298	28.4655
18.1547	10.9252	17.6923	27.6038
17.9221	10.4276	16.5564	26.534
17.9221	10.4276	16.5564	26.534
17.9221	10.4276	16.5564	26.534
17.9221	10.4276	16.5564	26.534
16.9107	11.3465	16.9403	26.4894
17.6825	10.2489	15.8822	25.8835
16.8713	10.1031	15.8025	25.2276
16.4252	9.82116	16.7665	25.4433
16.966	9.09642	16.3798	25.2762
16.966	9.09642	16.3798	25.2762
15.957	10.1904	16.796	25.3096
15.8925	10.8299	17.5683	26.0481
15.3194	11.2832	17.5565	25.8887
15.3194	11.2832	17.5565	25.8887
15.3194	11.2832	17.5565	25.8887
16.268	11.7067	17.2686	26.4556
17.1502	12.5036	16.9021	27.1321
16.5574	12.0461	16.929	26.5678
16.5574	12.0461	16.929	26.5678
16.5574	12.0461	16.929	26.5678
16.4286	12.5266	17.0787	26.8048
16.8805	12.4624	16.3078	26.5746
17.6496	12.7352	17.3982	27.8638
16.8743	13.6014	17.2147	27.6782
16.4653	13.5648	18.1951	28.0388
15.4271	13.7427	18.8313	27.9548
15.4271	13.7427	18.8313	27.9548
15.9195	13.1559	18.8367	27.9523
16.6148	12.3841	18.4864	27.7698
16.7383	13.4571	18.3442	28.2449
15.6119	13.4342	18.8325	27.9083
15.9275	13.7339	19.6875	28.808
15.9275	13.7339	19.6875	28.808
15.3433	14.3061	18.6649	28.0795
14.5654	14.3011	19.4223	28.1762
14.8924	15.2489	18.9859	28.5443
14.8924	15.2489	18.9859	28.5443
14.8924	15.2489	18.9859	28.5443
15.7265	15.4655	18.0976	28.5312
15.9982	15.0787	17.8793	28.3369
14.9575	15.2423	17.1988	27.4199
14.9575	15.2423	17.1988	27.4199
13.9043	15.2547	16.4007	26.3633
13.039	16.2569	16.1552	26.3684
13.0446	17.1855	15.6321	26.6433
13.76	16.5553	16.1638	26.92
13.022	16.1652	15.3133	25.7951
13.6849	15.3445	15.571	25.7912
13.7504	15.6147	15.3368	25.8478
13.7504	15.6147	15.3368	25.8478
13.7504	15.6147	15.3368	25.8478
13.7504	15.6147	15.3368	25.8478
13.7504	15.6147	15.3368	25.8478
13.7504	15.6147	15.3368	25.8478
12.8026	16.5066	15.5409	26.0364
12.085	17.1809	16.3545	26.6214
12.085	17.1809	16.3545	26.6214
11.3883	18.0231	16.0001	26.6558
11.5691	17.7116	15.7836	26.3944
11.628	16.9331	15.644	25.8201
11.628	16.9331	15.644	25.8201
12.2001	15.8152	16.2647	25.7585
12.2001	15.8152	16.2647	25.7585
11.2735	15.5726	15.9847	25.0021
12.28	14.5948	15.8952	24.8287
12.28	14.5948	15.8952	24.8287
12.28	14.5948	15.8952	24.8287
11.8554	14.1878	16.5668	24.8255
12.5486	14.5466	15.7607	24.8489
12.5486	14.5466	15.7607	24.8489
12.2935	13.4922	14.7753	23.4836
12.7986	13.1654	15.0364	23.7324
12.529	12.9254	14.5931	23.1733
13.0058	12.5411	14.0546	22.8902
13.0058	12.5411	14.0546	22.8902
12.2756	11.7554	15.2254	22.8187
12.2756	11.7554	15.2254	22.8187
12.2756	11.7554	15.2254	22.8187
12.2756	11.7554	15.2254	22.8187
11.1544	10.6236	14.6976	21.2909
11.3546	9.82153	14.9008	21.1524
10.4982	9.37823	15.6667	21.062
10.4982	9.37823	15.6667	21.062
10.0428	9.73759	15.0479	20.5455
9.38442	9.73107	15.299	20.4162
8.48624	9.13036	15.991	20.2754
7.75904	8.40637	16.2274	19.8544
6.81001	7.39575	17.3461	20.049
7.55173	6.27315	17.8684	20.3877
7.0836	5.88941	18.2853	20.4747
7.0836	5.88941	18.2853	20.4747
6.42897	5.27528	19.212	20.9347
7.36679	4.36952	18.5765	20.456
7.36679	4.36952	18.5765	20.456
7.36679	4.36952	18.5765	20.456
7.36679	4.36952	18.5765	20.456
7.36679	4.36952	18.5765	20.456
7.36679	4.36952	18.5765	20.456
6.2868	3.4849	18.2204	19.587
7.05239	2.67868	17.4073	18.9717
5.85325	3.15596	16.4932	17.7833
5.74251	2.44154	15.5755	16.779
5.74251	2.44154	15.5755	16.779
4.81339	3.4341	15.1658	16.2777
5.08345	3.18058	14.8968	16.0584
4.33895	4.16674	15.4625	16.5914
3.98085	3.76164	15.4118	16.3561
4.86842	2.63353	15.4496	16.4112
4.04208	1.83455	16.5588	17.1435
4.04208	1.83455	16.5588	17.1435
4.04208	1.83455	16.5588	17.1435
3.07643	1.10155	16.1515	16.4788
4.09901	0.812799	15.2856	15.8465
4.0516	-0.221665	14.2294	14.7967
4.67462	-0.324612	13.9704	14.7353
4.67462	-0.324612	13.9704	14.7353
3.48779	-0.533361	14.1186	14.5528
3.48779	-0.533361	14.1186	14.5528
2.83154	-0.749221	13.4351	13.7507
2.6341	0.248064	13.3473	13.607
2.6341	0.248064	13.3473	13.607
2.9136	0.834712	13.0762	13.4228
2.9136	0.834712	13.0762	13.4228
2.9136	0.834712	13.0762	13.4228
3.58642	1.9391	12.608	13.2508
3.96473	2.2131	12.2499	13.0644
3.86513	2.64858	12.3744	13.2317
3.98873	3.68518	11.4777	12.6975
5.04512	3.52612	10.5464	12.2112
4.11453	3.4411	11.6598	12.8344
3.03994	3.25269	11.7133	12.5309
3.29989	3.76848	11.3915	12.4442
3.73553	2.65084	10.3124	11.2839
3.94744	1.54098	10.4441	11.271
4.86639	0.623363	9.89933	11.0484
4.86639	0.623363	9.89933	11.0484
5.44133	1.73168	9.89057	11.4206
4.88252	2.41518	11.008	12.282
4.88252	2.41518	11.008	12.282
4.45307	3.39141	10.5311	11.9262
4.45307	3.39141	10.5311	11.9262
4.45307	3.39141	10.5311	11.9262
4.45307	3.39141	10.5311	11.9262
4.78391	4.08666	9.55499	11.4405
4.1115	3.83115	8.74006	10.3909
4.1115	3.83115	8.74006	10.3909
5.14154	4.17624	7.96102	10.3564
5.58818	3.33287	7.54902	9.96611
5.58818	3.33287	7.54902	9.96611
5.34442	3.79443	6.56677	9.27809
5.11995	4.35683	6.50461	9.35445
5.11995	4.35683	6.50461	9.35445
5.11995	4.35683	6.50461	9.35445
5.11995	4.35683	6.50461	9.35445
5.32232	5.49677	5.35486	9.33895
4.71657	6.32387	4.19426	8.93472
5.73285	6.00781	3.73887	9.10706
5.45603	5.32966	4.28133	8.74661
5.45603	5.32966	4.28133	8.74661
5.45603	5.32966	4.28133	8.74661
5.53543	4.52143	4.77655	8.5965
5.53543	4.52143	4.77655	8.5965
5.53543	4.52143	4.77655	8.5965
5.79574	4.7145	3.58192	8.28537
6.40453	3.87473	4.00066	8.48745
6.40453	3.87473	4.00066	8.48745
5.39858	4.19984	2.82874	7.40169
5.39858	4.19984	2.82874	7.40169
4.23615	4.37121	3.89859	7.22852
4.23615	4.37121	3.89859	7.22852
3.65641	4.43695	4.45702	7.27468
3.65641	4.43695	4.45702	7.27468
2.96747	4.31767	3.64401	6.38177
3.31078	3.20328	2.6128	5.29613
2.2522	2.85104	2.50105	4.4109
1.40055	2.46175	1.70088	3.30375
1.40055	2.46175	1.70088	3.30375
1.94457	1.60776	1.90087	3.15904
1.94457	1.60776	1.90087	3.15904
2.49652	1.55474	0.766135	3.03921
1.69312	0.688227	1.258	2.21875
1.69312	0.688227	1.258	2.21875
1.69312	0.688227	1.258	2.21875
2.0854	0.727023	1.83109	2.86885
2.0854	0.727023	1.83109	2.86885
2.0854	0.727023	1.83109	2.86885
2.11833	0.0987399	2.89914	3.59195
1.79885	-0.0427422	1.79726	2.5432
2.77724	-0.670888	1.29952	3.13878
2.90567	-0.167813	2.11707	3.59904
2.72064	-0.69871	1.14851	3.03466
2.53286	-0.675439	1.4331	2.98753
3.03671	-0.530705	1.39893	3.3853
3.03671	-0.530705	1.39893	3.3853
3.19107	0.0853037	1.11488	3.38129
3.07553	0.450843	0.938747	3.24706
3.33401	-0.736232	0.071634	3.41508
3.51631	-1.50112	0.226245	3.83002
3.51631	-1.50112	0.226245	3.83002
3.3846	-0.416	0.955666	3.54145
2.65344	-1.20931	0.63483	2.98432
2.22054	-1.75526	1.35186	3.13676
2.22054	-1.75526	1.35186	3.13676
2.22054	-1.75526	1.35186	3.13676
2.33739	-1.10447	0.893487	2.73524
2.33739	-1.10447	0.893487	2.73524
2.58801	-0.81521	0.925728	2.86694
2.58801	-0.81521	0.925728	2.86694
2.0074	-1.19974	-0.244819	2.35138
2.01981	-1.69128	-1.24642	2.91438
2.01981	-1.69128	-1.24642	2.91438
1.9922	-1.39626	-0.875646	2.58557
1.9922	-1.39626	-0.875646	2.58557
1.35623	-2.26726	-0.373061	2.66814
1.1479	-2.2734	-1.01682	2.74225
0.11246	-1.6144	-0.96184	1.88257
-0.75877	-0.616019	-1.87017	2.11016
-0.75877	-0.616019	-1.87017	2.11016
-0.75877	-0.616019	-1.87017	2.11016
-0.75877	-0.616019	-1.87017	2.11016
-1.00339	-1.47713	-1.42042	2.28174
-1.00339	-1.47713	-1.42042	2.28174
-0.284602	-0.374774	-0.718594	0.858971
0.49107	0.0186717	-0.919319	1.04242
0.49107	0.0186717	-0.919319	1.04242
0.49107	0.0186717	-0.919319	1.04242
0.678183	0.549558	-1.13668	1.43317
0.678183	0.549558	-1.13668	1.43317
0.0618113	0.204346	0.00339639	0.213517
0.0618113	0.204346	0.00339639	0.213517
0.0618113	0.204346	0.00339639	0.213517
0.658976	0.0291456	-0.878857	1.09886
0.658976	0.0291456	-0.878857	1.09886
0.658976	0.0291456	-0.878857	1.09886
0.672789	0.340784	-1.82862	1.97803
0.0626397	0.299901	-2.06011	2.08277
1.20873	1.04227	-0.953192	1.85902
0.33257	1.92109	-0.889059	2.14281
0.823524	1.54032	-1.52326	2.31756
0.823524	1.54032	-1.52326	2.31756
0.823524	1.54032	-1.52326	2.31756
0.515423	1.73257	-1.02999	2.08046
0.515423	1.73257	-1.02999	2.08046
1.40981	1.2001	-0.997654	2.10312
1.05591	1.70536	-0.478372	2.06205
1.51142	1.13805	-0.326859	1.91999
1.51142	1.13805	-0.326859	1.91999
2.42056	0.622078	0.114722	2.50185
2.42056	0.622078	0.114722	2.50185
2.42056	0.622078	0.114722	2.50185
1.48149	-0.461919	-0.82611	1.75802
2.24917	-0.372574	-1.57334	2.77001
2.24917	-0.372574	-1.57334	2.77001
2.24917	-0.372574	-1.57334	2.77001
2.30246	-1.14239	-0.497104	2.61792
2.30246	-1.14239	-0.497104	2.61792
2.28254	-0.52196	0.241782	2.35391
1.17194	0.67198	0.915735	1.63204
1.17194	0.67198	0.915735	1.63204
1.07008	-0.325095	1.80284	2.12155
1.35401	-0.24745	1.38919	1.95562
1.35401	-0.24745	1.38919	1.95562
1.35401	-0.24745	1.38919	1.95562
1.35401	-0.24745	1.38919	1.95562
1.35401	-0.24745	1.38919	1.95562
2.07658	-1.34022	0.917046	2.63616
2.07658	-1.34022	0.917046	2.63616
1.48629	-2.15299	1.74778	3.1463
1.48629	-2.15299	1.74778	3.1463
1.06923	-1.66457	1.21046	2.31932
1.2576	-1.68069	0.573525	2.17605
1.50899	-0.65553	1.54676	2.25815
1.50899	-0.65553	1.54676	2.25815
0.694373	0.517044	0.78945	1.17163
0.694373	0.517044	0.78945	1.17163
0.745304	-0.393773	0.979184	1.29203
0.745304	-0.393773	0.979184	1.29203
-0.184539	0.0443543	0.29298	0.349083
-0.790857	-0.00720477	0.457463	0.913662
-1.53986	0.123661	0.587034	1.65259
-1.50366	-0.801396	0.945932	1.94885
-1.50366	-0.801396	0.945932	1.94885
-1.50366	-0.801396	0.945932	1.94885
-1.50366	-0.801396	0.945932	1.94885
-1.50366	-0.801396	0.945932	1.94885
-1.50366	-0.801396	0.945932	1.94885
-1.54754	-1.1757	-0.14832	1.94914
-1.54754	-1.1757	-0.14832	1.94914
-0.416089	-0.472132	0.0512189	0.631397
-0.433982	-1.43491	0.524511	1.58821
0.053712	-1.35613	0.835652	1.59383
1.21176	-0.355445	0.451944	1.34125
0.517979	0.0293017	0.341205	0.620952
0.557045	0.155926	0.0805045	0.584031
0.557045	0.155926	0.0805045	0.584031
1.03733	-0.208638	-0.647039	1.24026
0.233798	-0.74258	-0.62485	0.998261
-0.653556	-0.928369	0.295897	1.17327
-1.28231	-1.53025	0.957903	2.2144
-1.28231	-1.53025	0.957903	2.2144
-0.352908	-0.465228	1.94644	2.03214
-0.311847	0.197243	2.56894	2.59531
-0.906407	0.936896	1.87557	2.2841
-0.906407	0.936896	1.87557	2.2841
-0.914158	1.90586	0.932422	2.31028
-0.605975	2.54432	0.805234	2.73663
-0.364304	1.71353	1.06836	2.0519
-0.364304	1.71353	1.06836	2.0519
0.183968	1.40654	1.22383	1.87349
0.183968	1.40654	1.22383	1.87349
0.183968	1.40654	1.22383	1.87349
-0.0282167	1.23429	1.53954	1.97343
-0.0282167	1.23429	1.53954	1.97343
-0.609834	1.67218	0.961939	2.02322
-0.609834	1.67218	0.961939	2.02322
-0.609834	1.67218	0.961939	2.02322
-1.42862	1.58453	0.566028	2.20727
-2.07737	0.726951	-0.0840747	2.2025
-2.07737	0.726951	-0.0840747	2.2025
-1.54722	-0.261609	-0.740094	1.73496
-1.54722	-0.261609	-0.740094	1.73496
-1.54722	-0.261609	-0.740094	1.73496
-0.397597	0.285675	0.445622	0.662022
-0.0800524	0.213465	0.190275	0.296951
-0.0800524	0.213465	0.190275	0.296951
-0.0800524	0.213465	0.190275	0.296951
-0.0800524	0.213465	0.190275	0.296951
-1.06239	1.08039	-0.562552	1.61629
-0.962105	0.912324	0.152128	1.33459
-0.962105	0.912324	0.152128	1.33459
0.0383781	-0.0833857	0.308566	0.321931
0.0383781	-0.0833857	0.308566	0.321931
0.0383781	-0.0833857	0.308566	0.321931
0.0383781	-0.0833857	0.308566	0.321931
0.0383781	-0.0833857	0.308566	0.321931
1.04861	-0.570867	0.383196	1.25392
1.04861	-0.570867	0.383196	1.25392
1.04861	-0.570867	0.383196	1.25392
0.989311	-0.626309	-0.633571	1.33132
0.989311	-0.626309	-0.633571	1.33132
0.989311	-0.626309	-0.633571	1.33132
0.989311	-0.626309	-0.633571	1.33132
-0.0532352	0.467357	0.546104	0.720754
-0.0532352	0.467357	0.546104	0.720754
0.782521	0.648205	0.21941	1.03954
0.463514	0.0699972	-0.206631	0.512291
0.463514	0.0699972	-0.206631	0.512291
0.463514	0.0699972	-0.206631	0.512291
-0.156106	0.80673	0.289247	0.871118
-0.156106	0.80673	0.289247	0.871118
-0.156106	0.80673	0.289247	0.871118
-0.712971	-0.00115215	-0.319185	0.781158
0.354924	0.0907669	0.879393	0.952649
-0.103967	-0.826927	0.0531499	0.83513
-0.536205	-0.107056	0.131814	0.562451
-0.536205	-0.107056	0.131814	0.562451
-0.536205	-0.107056	0.131814	0.562451
-0.536205	-0.107056	0.131814	0.562451
-1.64624	0.291059	0.955641	1.92563
-1.64624	0.291059	0.955641	1.92563
-2.13361	-0.816354	0.579246	2.35675
-2.13361	-0.816354	0.579246	2.35675
-2.13361	-0.816354	0.579246	2.35675
-2.3959	-0.766656	1.26011	2.81353
-1.72912	-0.198579	2.15465	2.7698
-0.971361	0.86166	1.32722	1.85675
-0.396464	1.69269	1.56642	2.34009
-1.01817	0.874889	1.21693	1.81191
-1.01817	0.874889	1.21693	1.81191
-1.01817	0.874889	1.21693	1.81191
-0.98004	0.856807	0.917477	1.5926
-0.824338	0.682382	0.622428	1.23798
-0.824338	0.682382	0.622428	1.23798
-0.0782838	0.774728	0.219238	0.808948
-0.0782838	0.774728	0.219238	0.808948
-0.0782838	0.774728	0.219238	0.808948
-0.0782838	0.774728	0.219238	0.808948
0.197985	-0.308541	1.1721	1.22809
-0.863376	0.351422	0.0454764	0.933265
-0.863376	0.351422	0.0454764	0.933265
-1.73011	1.48268	1.24228	2.59516
-1.73011	1.48268	1.24228	2.59516
-1.73011	1.48268	1.24228	2.59516
-0.700893	1.41267	1.86857	2.44509
-0.700893	1.41267	1.86857	2.44509
-0.700893	1.41267	1.86857	2.44509
-0.749429	1.24514	1.15415	1.85583
-0.749429	1.24514	1.15415	1.85583
-0.620961	0.298098	2.16064	2.26778
-1.22414	-0.0131041	1.88629	2.24873
-1.22414	-0.0131041	1.88629	2.24873
-1.22414	-0.0131041	1.88629	2.24873
-1.22414	-0.0131041	1.88629	2.24873
-1.22414	-0.0131041	1.88629	2.24873
-0.0349404	-0.110125	1.03267	1.03911
0.720791	-0.075358	0.0233968	0.725097
0.720791	-0.075358	0.0233968	0.725097
0.761085	0.0180044	0.245599	0.799933
0.307846	0.108475	0.204294	0.385061
0.307846	0.108475	0.204294	0.385061
0.307846	0.108475	0.204294	0.385061
0.307846	0.108475	0.204294	0.385061
0.307846	0.108475	0.204294	0.385061
0.307846	0.108475	0.204294	0.385061
0.307846	0.108475	0.204294	0.385061
0.307846	0.108475	0.204294	0.385061
0.307846	0.108475	0.204294	0.385061
0.307846	0.108475	0.204294	0.385061
0.307846	0.108475	0.204294	0.385061
0.307846	0.108475	0.204294	0.385061
0.307846	0.108475	0.204294	0.385061
-0.385855	-0.032633	-0.858828	0.942091
-0.385855	-0.032633	-0.858828	0.942091
-0.320327	0.148732	-1.10801	1.16293
-0.886568	0.0518242	-0.301007	0.937707
-0.160956	-0.722267	0.24429	0.779265
0.463797	-0.0308122	0.0280019	0.465662
0.463797	-0.0308122	0.0280019	0.465662
0.463797	-0.0308122	0.0280019	0.465662
0.463797	-0.0308122	0.0280019	0.465662
0.463797	-0.0308122	0.0280019	0.465662
0.463797	-0.0308122	0.0280019	0.465662
0.463797	-0.0308122	0.0280019	0.465662
-0.139781	-0.591491	-0.849806	1.04478
0.810888	-1.39508	-0.330778	1.64718
-0.225941	-0.50439	-0.418085	0.693004
-0.225941	-0.50439	-0.418085	0.693004
-0.225941	-0.50439	-0.418085	0.693004
0.126	-0.95717	-0.766949	1.23299
-0.904304	-1.05322	0.0450174	1.38891
-1.0836	-0.000508939	-1.0956	1.54095
-1.0836	-0.000508939	-1.0956	1.54095
-1.0836	-0.000508939	-1.0956	1.54095
-0.269993	0.551738	-0.57675	0.842587
-0.269993	0.551738	-0.57675	0.842587
-0.269993	0.551738	-0.57675	0.842587
-0.269993	0.551738	-0.57675	0.842587
-0.269993	0.551738	-0.57675	0.842587
-0.269993	0.551738	-0.57675	0.842587
-0.999747	-0.08878	-0.750705	1.25337
-1.31221	-0.937081	-1.01882	1.90736
-1.82019	-1.86191	-1.59713	3.0546
-1.45094	-1.68743	-0.46442	2.27339
-2.10618	-0.824197	0.597858	2.33939
-1.45803	-1.00535	0.527708	1.84799
-1.45803	-1.00535	0.527708	1.84799
-0.76824	-1.63008	-0.153526	1.80857
-1.09016	-1.09929	-0.541738	1.64024
-0.618997	-1.71014	-0.162035	1.82592
0.273936	-0.891581	-0.528675	1.07213
0.301698	-1.57797	-0.436597	1.66482
0.144026	-0.970902	-0.454648	1.08171
0.181193	-1.46046	-1.29448	1.95996
-0.306316	-1.0987	-1.28143	1.71553
-1.10115	-0.735559	-1.97815	2.38047
-0.36168	0.441235	-1.65255	1.74826
0.800945	1.34857	-2.35576	2.83015
1.55478	0.164522	-3.54669	3.87601
1.55478	0.164522	-3.54669	3.87601
1.55478	0.164522	-3.54669	3.87601
0.593871	-0.216014	-3.79861	3.85081
0.781701	-1.39012	-2.91048	3.3188
0.781701	-1.39012	-2.91048	3.3188
0.781701	-1.39012	-2.91048	3.3188
0.781701	-1.39012	-2.91048	3.3188
1.19748	-1.28023	-2.92326	3.40858
1.19748	-1.28023	-2.92326	3.40858
1.19748	-1.28023	-2.92326	3.40858
1.19748	-1.28023	-2.92326	3.40858
1.28393	-0.731768	-3.14789	3.47753
1.28393	-0.731768	-3.14789	3.47753
1.40368	-1.81997	-2.18883	3.17389
0.796807	-1.39154	-1.37117	2.10983
0.796807	-1.39154	-1.37117	2.10983
1.27925	-0.851005	-1.55268	2.18438
0.257149	0.139972	-1.54296	1.57049
0.390952	-1.03359	-0.590751	1.25306
0.390952	-1.03359	-0.590751	1.25306
-0.791685	0.0679154	-0.851836	1.1649
-0.382514	0.543871	-0.80779	1.04625
-0.726544	-0.515664	-1.01271	1.34884
-0.726544	-0.515664	-1.01271	1.34884
-0.726544	-0.515664	-1.01271	1.34884
0.248481	-0.331484	-0.533627	0.675561
-0.023507	0.000179635	-0.107568	0.110107
-0.023507	0.000179635	-0.107568	0.110107
-0.557971	-0.080588	0.498564	0.75259
0.634402	1.09447	0.580008	1.39167
0.634402	1.09447	0.580008	1.39167
-0.423622	0.604342	0.719866	1.03097
-0.423622	0.604342	0.719866	1.03097
0.171446	-0.431507	1.27875	1.36043
1.17082	-0.221138	0.947041	1.52204
-0.0251212	0.120275	-0.0847306	0.149253
-0.0251212	0.120275	-0.0847306	0.149253
-0.0251212	0.120275	-0.0847306	0.149253
-0.0251212	0.120275	-0.0847306	0.149253
-0.0251212	0.120275	-0.0847306	0.149253
-0.0251212	0.120275	-0.0847306	0.149253
-0.0251212	0.120275	-0.0847306	0.149253
-0.0251212	0.120275	-0.0847306	0.149253
-0.0251212	0.120275	-0.0847306	0.149253
-0.0251212	0.120275	-0.0847306	0.149253
-0.172997	-0.712005	0.522012	0.899654
-0.889632	-0.260267	0.41475	1.01548
-0.0747338	-0.841434	0.455209	0.959589
-0.0747338	-0.841434	0.455209	0.959589
-0.0747338	-0.841434	0.455209	0.959589
-0.0747338	-0.841434	0.455209	0.959589
-1.14012	-0.496701	-0.156077	1.25337
-0.494904	-0.673206	-0.31447	0.892764
-0.494904	-0.673206	-0.31447	0.892764
-0.111759	-0.953403	-0.609163	1.1369
0.741475	-0.169928	0.00299659	0.760704
0.741475	-0.169928	0.00299659	0.760704
0.741475	-0.169928	0.00299659	0.760704
0.741475	-0.169928	0.00299659	0.760704
0.491875	-1.17091	1.13147	1.70093
1.30236	-1.00095	0.737588	1.80058
1.30236	-1.00095	0.737588	1.80058
1.76844	-1.81933	-0.356088	2.56206
1.76844	-1.81933	-0.356088	2.56206
1.76844	-1.81933	-0.356088	2.56206
1.76844	-1.81933	-0.356088	2.56206
1.76844	-1.81933	-0.356088	2.56206
1.76844	-1.81933	-0.356088	2.56206
2.84973	-1.36191	-1.30065	3.41577
2.26292	-0.937294	-0.312934	2.46926
1.90743	-1.50147	-0.425556	2.46451
1.05345	-1.85086	-1.60225	2.66507
1.62978	-1.29267	-1.72458	2.7021
1.11269	-0.131821	-2.14234	2.41766
-0.0372663	-1.28022	-1.96246	2.34342
0.114973	-1.1625	-1.89203	2.2236
0.114973	-1.1625	-1.89203	2.2236
-0.329713	-1.12305	-1.81465	2.15938
0.270081	-1.49416	-0.664161	1.65728
0.0551299	-0.791784	-0.950547	1.23835
0.486089	-0.0811388	0.15682	0.517164
0.27018	1.03313	0.566314	1.20875
0.27018	1.03313	0.566314	1.20875
1.04543	0.834233	0.837164	1.57788
2.02599	-0.352275	-0.303535	2.07867
1.69877	0.537786	-0.683831	1.90857
1.69877	0.537786	-0.683831	1.90857
1.52854	-0.468419	-1.86477	2.45626
1.52854	-0.468419	-1.86477	2.45626
0.376838	0.487826	-2.24616	2.32921
1.25205	-0.0272138	-2.33577	2.65032
1.61527	0.387764	-1.92844	2.54526
2.26674	-0.328949	-0.792351	2.42366
1.80553	-0.450421	-0.277958	1.88151
1.4072	0.482996	-0.267203	1.51159
1.4072	0.482996	-0.267203	1.51159
1.14641	0.516677	-0.610475	1.39782
0.108898	0.64965	0.267426	0.71093
-0.613955	0.263251	0.827542	1.06352
-0.613955	0.263251	0.827542	1.06352
0.0415491	-0.384804	1.90783	1.94669
0.0415491	-0.384804	1.90783	1.94669
-0.382439	0.655655	1.04058	1.288
0.48102	0.0145807	1.00188	1.11147
0.48102	0.0145807	1.00188	1.11147
-0.422626	-0.86442	0.615003	1.14196
-0.422626	-0.86442	0.615003	1.14196
0.509214	0.0216875	0.278584	0.580842
0.509214	0.0216875	0.278584	0.580842
-0.466855	0.377213	-0.0424949	0.601705
-0.466855	0.377213	-0.0424949	0.601705
-0.466855	0.377213	-0.0424949	0.601705
-0.122452	-0.0287375	-0.746113	0.756641
-0.122452	-0.0287375	-0.746113	0.756641
-0.52006	0.0823247	-0.483572	0.7149
-0.52006	0.0823247	-0.483572	0.7149
0.042057	-0.917591	-0.482615	1.03762
0.553919	-0.0335749	0.256054	0.611161
0.553919	-0.0335749	0.256054	0.611161
-0.307018	0.244665	-0.819272	0.908475
-0.307018	0.244665	-0.819272	0.908475
-0.307018	0.244665	-0.819272	0.908475
0.454135	-0.195123	-0.430888	0.655726
0.454135	-0.195123	-0.430888	0.655726
0.454135	-0.195123	-0.430888	0.655726
0.454135	-0.195123	-0.430888	0.655726
-0.302735	0.0189777	-0.90148	0.951144
0.178002	0.500421	-0.151499	0.552321
0.178002	0.500421	-0.151499	0.552321
0.178002	0.500421	-0.151499	0.552321
0.178002	0.500421	-0.151499	0.552321
0.178002	0.500421	-0.151499	0.552321
0.178002	0.500421	-0.151499	0.552321
0.292715	-0.0497601	-0.476216	0.561195
0.292715	-0.0497601	-0.476216	0.561195
-0.185569	0.29309	0.184666	0.392987
-0.185569	0.29309	0.184666	0.392987
-0.185569	0.29309	0.184666	0.392987
-0.185569	0.29309	0.184666	0.392987
-0.185569	0.29309	0.184666	0.392987
-0.185569	0.29309	0.184666	0.392987
-0.185569	0.29309	0.184666	0.392987
-0.185569	0.29309	0.184666	0.392987
-0.185569	0.29309	0.184666	0.392987
0.507715	-0.264097	0.726279	0.924664
0.507715	-0.264097	0.726279	0.924664
1.64521	-0.46561	-0.14618	1.71607
1.44226	-0.0869605	0.983024	1.74757
1.44226	-0.0869605	0.983024	1.74757
1.44226	-0.0869605	0.983024	1.74757
0.879578	0.814119	1.35331	1.80773
0.879578	0.814119	1.35331	1.80773
0.980041	-0.335245	1.81885	2.09311
1.67165	-0.958011	0.777377	2.07762
1.86456	-0.455605	-0.090466	1.92155
1.86456	-0.455605	-0.090466	1.92155
0.750827	-1.19593	-0.165129	1.42171
0.750827	-1.19593	-0.165129	1.42171
0.24612	-1.17402	-0.653651	1.36607
-0.773541	-0.184788	0.297075	0.84898
-0.773541	-0.184788	0.297075	0.84898
-0.773541	-0.184788	0.297075	0.84898
-0.773541	-0.184788	0.297075	0.84898
-0.773541	-0.184788	0.297075	0.84898
-0.773541	-0.184788	0.297075	0.84898
-0.773541	-0.184788	0.297075	0.84898
-0.773541	-0.184788	0.297075	0.84898
-0.877272	0.744483	-0.56534	1.28198
-0.480244	0.555088	-1.1101	1.33082
-0.480244	0.555088	-1.1101	1.33082
-1.19711	-0.0661277	-2.11132	2.42798
-1.41956	0.324927	-1.63007	2.18583
-1.41956	0.324927	-1.63007	2.18583
-1.41956	0.324927	-1.63007	2.18583
-1.38742	-0.833973	-0.452561	1.68085
-1.09419	-1.69919	0.336655	2.04886
-1.36649	-0.547151	1.49641	2.09903
-1.36649	-0.547151	1.49641	2.09903
-0.338257	0.384094	1.23093	1.33309
-0.279726	-0.561317	1.01639	1.19431
0.807927	-0.516717	-0.156054	0.971646
0.807927	-0.516717	-0.156054	0.971646
-0.257084	-0.711333	-0.877917	1.1588
0.205193	-0.751285	-2.04193	2.18541
-0.481256	-1.6782	-1.17995	2.10719
0.594479	-1.96815	-0.511186	2.11857
0.594479	-1.96815	-0.511186	2.11857
0.850484	-1.69803	0.446561	1.95091
0.850484	-1.69803	0.446561	1.95091
0.95329	-1.64156	0.765112	2.04668
1.80045	-1.35207	0.511779	2.30903
1.80045	-1.35207	0.511779	2.30903
1.41723	-2.09879	-0.488678	2.57919
1.41723	-2.09879	-0.488678	2.57919
1.41723	-2.09879	-0.488678	2.57919
2.16323	-1.69394	-0.977397	2.91621
2.16323	-1.69394	-0.977397	2.91621
2.95484	-1.44202	-0.883481	3.40456
2.52128	-1.68826	-0.35132	3.05459
1.35595	-2.01189	-1.54207	2.87477
1.08211	-2.04294	-2.29253	3.25581
1.08211	-2.04294	-2.29253	3.25581
1.08211	-2.04294	-2.29253	3.25581
1.88284	-2.65099	-1.97071	3.80217
1.88284	-2.65099	-1.97071	3.80217
2.40622	-1.61587	-1.24984	3.15643
1.35315	-1.24117	-0.206709	1.84777
2.17445	-0.932166	0.610418	2.44331
2.17445	-0.932166	0.610418	2.44331
2.17445	-0.932166	0.610418	2.44331
2.17445	-0.932166	0.610418	2.44331
2.17445	-0.932166	0.610418	2.44331
2.70518	-0.696809	0.374777	2.81851
1.77295	-1.7916	0.750792	2.63
0.621782	-1.8085	0.914345	2.11975
0.68507	-1.4829	0.524017	1.71549
-0.386094	-0.384449	-0.225808	0.589796
-0.386094	-0.384449	-0.225808	0.589796
-0.386094	-0.384449	-0.225808	0.589796
-0.386094	-0.384449	-0.225808	0.589796
0.171106	-0.462452	-0.148846	0.515067
0.171106	-0.462452	-0.148846	0.515067
0.171106	-0.462452	-0.148846	0.515067
0.171106	-0.462452	-0.148846	0.515067
0.171106	-0.462452	-0.148846	0.515067
0.171106	-0.462452	-0.148846	0.515067
-0.368268	-0.541389	0.217679	0.690006
-0.368268	-0.541389	0.217679	0.690006
0.761534	0.00894684	1.24975	1.46352
-0.261734	0.186297	0.396235	0.510111
-0.261734	0.186297	0.396235	0.510111
0.112742	0.41723	0.371491	0.56991
0.112742	0.41723	0.371491	0.56991
0.112742	0.41723	0.371491	0.56991
1.22183	-0.0537105	0.340595	1.26955
1.22183	-0.0537105	0.340595	1.26955
0.470251	0.636528	0.949078	1.23574
0.0365915	0.227168	0.538361	0.585471
0.73359	-0.225133	1.70608	1.87071
0.73359	-0.225133	1.70608	1.87071
1.16861	-0.373108	1.05936	1.62083
1.16861	-0.373108	1.05936	1.62083
0.624123	-0.650017	0.191492	0.921261
-0.35344	-0.357961	0.341309	0.607905
0.664468	0.513126	0.250336	0.876062
0.664468	0.513126	0.250336	0.876062
1.01024	0.193481	1.39566	1.73375
0.617307	0.209704	1.5722	1.70202
0.617307	0.209704	1.5722	1.70202
0.146863	0.269009	1.53496	1.56525
-0.997792	-0.0556913	0.817224	1.29095
-0.997792	-0.0556913	0.817224	1.29095
-0.681599	-0.286931	0.182999	0.761837
-0.681599	-0.286931	0.182999	0.761837
-0.681599	-0.286931	0.182999	0.761837
0.109036	0.490604	-0.297419	0.583985
0.109036	0.490604	-0.297419	0.583985
-0.469205	-0.559936	-0.85327	1.12328
-0.469205	-0.559936	-0.85327	1.12328
-0.469205	-0.559936	-0.85327	1.12328
-0.469205	-0.559936	-0.85327	1.12328
0.0177332	0.39689	0.0453386	0.399865
0.661625	0.481204	-0.126142	0.827779
0.661625	0.481204	-0.126142	0.827779
0.661625	0.481204	-0.126142	0.827779
0.513545	-0.404133	0.523874	0.837554
0.513545	-0.404133	0.523874	0.837554
0.513545	-0.404133	0.523874	0.837554
0.513545	-0.404133	0.523874	0.837554
0.513545	-0.404133	0.523874	0.837554
0.34719	-0.753716	0.0287668	0.830335
0.34719	-0.753716	0.0287668	0.830335
0.34719	-0.753716	0.0287668	0.830335
0.34719	-0.753716	0.0287668	0.830335
0.34719	-0.753716	0.0287668	0.830335
0.34719	-0.753716	0.0287668	0.830335
0.34719	-0.753716	0.0287668	0.830335
0.34719	-0.753716	0.0287668	0.830335
1.32028	-0.276429	0.161305	1.35852
1.45482	-0.0938305	0.17484	1.46829
2.15577	-0.834893	1.36288	2.68362
3.06366	0.315684	1.54868	3.44733
2.49632	-0.869166	1.57874	3.07887
2.49632	-0.869166	1.57874	3.07887
2.49632	-0.869166	1.57874	3.07887
1.49689	-1.28896	1.05477	2.23933
1.49689	-1.28896	1.05477	2.23933
1.70189	-1.02047	0.517787	2.05083
1.70189	-1.02047	0.517787	2.05083
1.70189	-1.02047	0.517787	2.05083
0.767505	-1.81878	-0.369561	2.00838
0.767505	-1.81878	-0.369561	2.00838
0.767505	-1.81878	-0.369561	2.00838
0.767505	-1.81878	-0.369561	2.00838
1.25817	-1.02322	-0.206714	1.63484
1.25817	-1.02322	-0.206714	1.63484
1.25817	-1.02322	-0.206714	1.63484
1.50213	-0.369733	0.225217	1.56327
1.37965	-1.48886	-0.446759	2.0784
1.37965	-1.48886	-0.446759	2.0784
1.37965	-1.48886	-0.446759	2.0784
1.14877	-1.54157	-0.91724	2.13013
1.99899	-0.868758	-0.668202	2.27974
1.48922	-0.397948	-1.11258	1.90105
1.48922	-0.397948	-1.11258	1.90105
0.679144	0.217817	-0.172039	0.733675
0.679144	0.217817	-0.172039	0.733675
0.44121	0.752269	-0.0934091	0.877098
0.44121	0.752269	-0.0934091	0.877098
-0.60646	1.65418	-0.85351	1.95769
-0.60646	1.65418	-0.85351	1.95769
-1.00305	1.25121	0.0245439	1.60382
-0.928927	0.220313	-0.132396	0.963832
-0.21801	0.518203	-1.02257	1.16692
-0.21801	0.518203	-1.02257	1.16692
-0.21801	0.518203	-1.02257	1.16692
-0.929129	0.352531	-1.76252	2.02337
-0.929129	0.352531	-1.76252	2.02337
-0.987478	-0.375667	-1.59021	1.90919
0.0980836	0.442259	-1.56354	1.62784
-0.233205	-0.500206	-0.706403	0.896435
-0.233205	-0.500206	-0.706403	0.896435
-0.233205	-0.500206	-0.706403	0.896435
-0.233205	-0.500206	-0.706403	0.896435
-0.233205	-0.500206	-0.706403	0.896435
-0.233205	-0.500206	-0.706403	0.896435
0.266172	-0.71607	-0.344935	0.838203
-0.104827	-1.40268	-1.29925	1.91482
0.565239	-1.23469	-1.6344	2.12491
0.17626	-0.276742	-2.18624	2.21072
-0.202558	0.821353	-1.28869	1.54155
0.516858	0.180778	-1.52659	1.62182
-0.622371	-0.370517	-0.569935	0.921658
-0.556187	0.762617	-0.543744	1.08931
-0.556187	0.762617	-0.543744	1.08931
-0.556187	0.762617	-0.543744	1.08931
-0.556187	0.762617	-0.543744	1.08931
-0.556187	0.762617	-0.543744	1.08931
0.226591	-0.158041	-0.134577	0.307297
0.226591	-0.158041	-0.134577	0.307297
0.226591	-0.158041	-0.134577	0.307297
0.226591	-0.158041	-0.134577	0.307297
0.226591	-0.158041	-0.134577	0.307297
0.226591	-0.158041	-0.134577	0.307297
0.226591	-0.158041	-0.134577	0.307297
0.226591	-0.158041	-0.134577	0.307297
0.226591	-0.158041	-0.134577	0.307297
0.226591	-0.158041	-0.134577	0.307297
0.226591	-0.158041	-0.134577	0.307297
0.226591	-0.158041	-0.134577	0.307297
0.226591	-0.158041	-0.134577	0.307297
0.226591	-0.158041	-0.134577	0.307297
0.226591	-0.158041	-0.134577	0.307297
0.226591	-0.158041	-0.134577	0.307297
0.226591	-0.158041	-0.134577	0.307297
0.192205	0.152457	0.302856	0.389754
-0.742584	-0.188735	-0.340649	0.838506
-0.059783	0.911601	0.81397	1.22358
-0.059783	0.911601	0.81397	1.22358
-0.059783	0.911601	0.81397	1.22358
-1.2237	0.595553	-0.270969	1.38764
-0.113912	0.018535	0.601992	0.612955
-0.121238	-1.02082	-0.0380502	1.0287
0.309494	-0.423181	0.280206	0.594462
0.706181	0.44586	-0.392358	0.922728
0.706181	0.44586	-0.392358	0.922728
0.706181	0.44586	-0.392358	0.922728
-0.450637	0.442815	0.61785	0.883684
-0.450637	0.442815	0.61785	0.883684
-0.450637	0.442815	0.61785	0.883684
-0.450637	0.442815	0.61785	0.883684
-0.450637	0.442815	0.61785	0.883684
-0.450637	0.442815	0.61785	0.883684
0.334745	0.514913	1.1752	1.32601
-0.336703	1.15551	0.789692	1.43951
-0.336703	1.15551	0.789692	1.43951
0.609894	0.37008	1.76157	1.90054
-0.420781	0.84031	0.778552	1.22038
-0.420781	0.84031	0.778552	1.22038
0.0825908	0.290346	0.993254	1.03811
0.0825908	0.290346	0.993254	1.03811
0.0825908	0.290346	0.993254	1.03811
0.0825908	0.290346	0.993254	1.03811
0.0825908	0.290346	0.993254	1.03811
0.0825908	0.290346	0.993254	1.03811
0.0825908	0.290346	0.993254	1.03811
-0.928269	-0.103264	1.08236	1.42963
-1.91822	0.637164	1.30733	2.40721
-1.91822	0.637164	1.30733	2.40721
-1.91822	0.637164	1.30733	2.40721
-2.36629	0.121893	1.41286	2.75869
-2.36629	0.121893	1.41286	2.75869
-2.22255	-0.947089	1.81596	3.02232
-3.34475	-0.523348	1.02795	3.53806
-3.34475	-0.523348	1.02795	3.53806
-2.48343	0.669624	1.11604	2.80381
-2.46898	-0.403183	1.09034	2.72897
-1.49908	-1.16978	-0.0474104	1.90207
-1.49908	-1.16978	-0.0474104	1.90207
-0.852752	-1.97761	0.0755602	2.15495
-0.557856	-1.11379	1.18077	1.71637
-0.557856	-1.11379	1.18077	1.71637
-0.557856	-1.11379	1.18077	1.71637
-0.557856	-1.11379	1.18077	1.71637
-0.557856	-1.11379	1.18077	1.71637
-1.02876	-0.116414	0.936941	1.39634
-0.558104	-0.218511	1.2194	1.35874
-1.68423	0.91331	0.935443	2.13209
-1.68423	0.91331	0.935443	2.13209
-1.2207	1.64555	1.13612	2.3428
-1.2207	1.64555	1.13612	2.3428
-1.13654	1.44171	0.236966	1.85105
-0.593238	0.557991	-0.90274	1.21582
-0.593238	0.557991	-0.90274	1.21582
-0.918625	0.287576	-1.89177	2.12258
-0.918625	0.287576	-1.89177	2.12258
-1.41211	-0.71417	-2.27406	2.77046
-0.632171	0.238594	-3.33765	3.40536
-0.24495	-0.568165	-2.25835	2.34157
-0.0773223	-0.475009	-1.43265	1.51132
0.815993	0.0409555	-0.902238	1.21719
0.010753	-0.994803	-1.78591	2.04431
0.850841	0.0159889	-2.63598	2.76994
0.850841	0.0159889	-2.63598	2.76994
0.850841	0.0159889	-2.63598	2.76994
0.289306	0.328303	-2.02669	2.07339
-0.177064	0.927304	-2.36603	2.54742
-0.177064	0.927304	-2.36603	2.54742
0.284816	0.356887	-2.85118	2.88751
-0.816576	-0.370908	-2.26354	2.43474
-0.816576	-0.370908	-2.26354	2.43474
-0.696269	0.0537483	-1.66865	1.80888
-0.213667	-0.979278	-0.483832	1.11298
-0.213667	-0.979278	-0.483832	1.11298
0.586657	-0.752257	-0.749124	1.21295
0.586657	-0.752257	-0.749124	1.21295
0.586657	-0.752257	-0.749124	1.21295
0.586657	-0.752257	-0.749124	1.21295
0.586657	-0.752257	-0.749124	1.21295
0.586657	-0.752257	-0.749124	1.21295
0.461033	-0.284971	-0.441245	0.698897
-0.0688382	-0.567237	0.459201	0.73305
-1.13306	-1.50545	0.255809	1.90148
-1.13306	-1.50545	0.255809	1.90148
-1.13306	-1.50545	0.255809	1.90148
0.0505777	-1.43458	-0.305438	1.46761
0.704436	-1.51943	-0.798464	1.85538
1.04153	-1.27551	-0.646876	1.76923
1.2533	-0.728991	-0.568749	1.55746
1.2533	-0.728991	-0.568749	1.55746
0.782121	-0.574559	-0.180005	0.987033
1.24964	0.0085331	0.908647	1.54509
1.89819	-0.312111	1.31419	2.32973
1.51269	-0.20533	1.51425	2.1502
0.357636	0.337674	1.11111	1.21511
0.00682405	-0.575124	1.50175	1.60813
0.856478	-0.0367057	1.25824	1.52252
0.931324	1.134	0.631305	1.59746
1.25794	0.209541	0.0610069	1.27673
1.25794	0.209541	0.0610069	1.27673
1.40142	0.65929	0.516594	1.63264
1.40142	0.65929	0.516594	1.63264
0.626342	-0.369753	1.58082	1.74012
0.626342	-0.369753	1.58082	1.74012
-0.389199	-0.715688	0.917995	1.22735
0.420686	-0.758049	-0.144699	0.87895
0.420686	-0.758049	-0.144699	0.87895
0.420686	-0.758049	-0.144699	0.87895
0.150709	-1.65971	-0.916364	1.90186
0.150709	-1.65971	-0.916364	1.90186
0.141647	-1.91482	-0.464892	1.97554
1.2106	-0.983376	-1.232	1.98756
0.246683	-1.96485	-0.146855	1.98572
0.172858	-1.27875	-0.293548	1.32335
0.172858	-1.27875	-0.293548	1.32335
0.172858	-1.27875	-0.293548	1.32335
0.366559	-0.898745	0.226261	0.996646
0.366559	-0.898745	0.226261	0.996646
0.366559	-0.898745	0.226261	0.996646
0.366559	-0.898745	0.226261	0.996646
0.366559	-0.898745	0.226261	0.996646
0.366559	-0.898745	0.226261	0.996646
0.366559	-0.898745	0.226261	0.996646
0.366559	-0.898745	0.226261	0.996646
0.701568	-1.56252	1.15059	2.06337
0.701568	-1.56252	1.15059	2.06337
0.701568	-1.56252	1.15059	2.06337
1.01641	-1.69743	0.627815	2.07569
0.0441822	-2.29649	1.71245	2.86501
1.01638	-1.37643	1.23255	2.10874
1.01638	-1.37643	1.23255	2.10874
0.569413	-1.07857	1.74681	2.13047
0.569413	-1.07857	1.74681	2.13047
0.569413	-1.07857	1.74681	2.13047
-0.250139	-1.14369	1.45694	1.86903
-1.32003	0.0496228	1.08387	1.70871
-0.224392	-0.353737	0.287212	0.50791
-0.224392	-0.353737	0.287212	0.50791
-0.224392	-0.353737	0.287212	0.50791
-0.224392	-0.353737	0.287212	0.50791
-0.224392	-0.353737	0.287212	0.50791
0.0873546	0.277841	-0.127252	0.317836
0.159197	-0.0375315	0.649246	0.669532
0.159197	-0.0375315	0.649246	0.669532
-0.293749	-0.911591	0.392848	1.03519
-0.293749	-0.911591	0.392848	1.03519
-0.293749	-0.911591	0.392848	1.03519
-0.293749	-0.911591	0.392848	1.03519
0.64841	0.0747159	0.779977	1.01705
0.64841	0.0747159	0.779977	1.01705
1.10446	0.804395	0.0558022	1.36748
0.871001	0.775184	0.301864	1.20444
0.871001	0.775184	0.301864	1.20444
-0.0920262	0.581714	-0.0654922	0.592578
-0.0920262	0.581714	-0.0654922	0.592578
0.0559774	0.035573	-0.201435	0.212073
0.0559774	0.035573	-0.201435	0.212073
0.0559774	0.035573	-0.201435	0.212073
0.0559774	0.035573	-0.201435	0.212073
-0.736413	0.537068	0.52814	1.05341
-0.736413	0.537068	0.52814	1.05341
-0.0071762	1.1232	0.267177	1.15456
0.993081	0.418762	0.979659	1.45647
0.993081	0.418762	0.979659	1.45647
0.993081	0.418762	0.979659	1.45647
0.993081	0.418762	0.979659	1.45647
1.39827	0.480297	1.27041	1.94931
1.39827	0.480297	1.27041	1.94931
0.44115	-0.627798	1.04997	1.30045
0.443017	-1.06466	0.0236346	1.1534
0.443017	-1.06466	0.0236346	1.1534
0.443017	-1.06466	0.0236346	1.1534
0.0227081	-0.442959	0.589363	0.737616
0.0227081	-0.442959	0.589363	0.737616
0.0227081	-0.442959	0.589363	0.737616
0.0227081	-0.442959	0.589363	0.737616
0.0227081	-0.442959	0.589363	0.737616
0.386817	0.0964782	0.392705	0.5596
0.386817	0.0964782	0.392705	0.5596
0.386817	0.0964782	0.392705	0.5596
0.386817	0.0964782	0.392705	0.5596
0.386817	0.0964782	0.392705	0.5596
0.13795	0.201626	0.225635	0.332557
0.13795	0.201626	0.225635	0.332557
0.13795	0.201626	0.225635	0.332557
0.13795	0.201626	0.225635	0.332557
-0.0653728	-0.411994	-0.250191	0.486424
-0.0653728	-0.411994	-0.250191	0.486424
-0.0653728	-0.411994	-0.250191	0.486424
-0.0653728	-0.411994	-0.250191	0.486424
-0.0653728	-0.411994	-0.250191	0.486424
-0.0653728	-0.411994	-0.250191	0.486424
-0.0653728	-0.411994	-0.250191	0.486424
-0.0653728	-0.411994	-0.250191	0.486424
-0.0653728	-0.411994	-0.250191	0.486424
-0.0103621	-0.485243	-0.322825	0.58291
-0.0103621	-0.485243	-0.322825	0.58291
0.104343	-0.888683	0.777767	1.18557
0.104343	-0.888683	0.777767	1.18557
0.887676	-2.05312	-0.411253	2.27429
1.74941	-0.93576	-0.870338	2.16647
1.24698	-1.23671	-0.290146	1.78005
1.62161	-0.721618	0.0422575	1.77542
1.62161	-0.721618	0.0422575	1.77542
1.05911	0.169821	-0.234529	1.09798
1.01515	-0.0499477	0.312193	1.06324
2.07427	-0.931438	1.32735	2.63287
1.89214	-1.61877	1.61315	2.96696
1.89214	-1.61877	1.61315	2.96696
1.89214	-1.61877	1.61315	2.96696
2.04499	-1.01528	1.73574	2.86802
2.04499	-1.01528	1.73574	2.86802
2.04499	-1.01528	1.73574	2.86802
2.04499	-1.01528	1.73574	2.86802
1.0574	-1.67442	0.95549	2.1988
0.348087	-1.59281	-0.0698298	1.6319
0.348087	-1.59281	-0.0698298	1.6319
0.348087	-1.59281	-0.0698298	1.6319
-0.12861	-1.0074	-1.10366	1.49982
-0.12861	-1.0074	-1.10366	1.49982
-0.338335	-0.408453	-0.961205	1.09782
-0.849796	-0.265775	-0.935599	1.29156
0.144927	-0.0128374	0.11033	0.182596
0.144927	-0.0128374	0.11033	0.182596
0.198408	0.321926	-0.320492	0.495698
0.198408	0.321926	-0.320492	0.495698
-0.586315	-0.141773	0.215808	0.640654
-0.586315	-0.141773	0.215808	0.640654
-0.586315	-0.141773	0.215808	0.640654
0.0555892	-0.33708	0.600293	0.690699
0.0555892	-0.33708	0.600293	0.690699
-1.07292	0.647795	1.27869	1.79049
-1.14292	-0.0480163	1.45002	1.84693
-1.14292	-0.0480163	1.45002	1.84693
-1.83136	-0.00078899	1.07047	2.12127
-1.96413	-0.181045	1.06836	2.24321
-0.814532	0.93633	1.69779	2.10302
-0.669738	-0.140408	1.58292	1.7245
-1.39599	-0.793847	0.593478	1.71207
-0.457706	-0.935404	-0.364095	1.1032
-0.755814	-0.00541033	-0.116673	0.764785
-0.755814	-0.00541033	-0.116673	0.764785
-0.755814	-0.00541033	-0.116673	0.764785
-0.411657	-0.917972	0.69369	1.22202
-0.411657	-0.917972	0.69369	1.22202
-0.411657	-0.917972	0.69369	1.22202
-1.06939	0.025274	0.0048615	1.0697
-1.06939	0.025274	0.0048615	1.0697
-1.06939	0.025274	0.0048615	1.0697
-0.154095	-0.697137	0.288104	0.769902
-0.130396	-0.129155	1.00478	1.02141
-0.130396	-0.129155	1.00478	1.02141
-0.616263	0.910272	0.0901126	1.10295
-0.257058	1.79004	-0.579788	1.89907
-0.257058	1.79004	-0.579788	1.89907
0.638476	0.916548	-1.55512	1.91471
0.638476	0.916548	-1.55512	1.91471
0.848	0.978261	-1.011	1.64263
1.41222	0.518171	-0.931527	1.76935
0.222809	-0.384834	-0.628163	0.769629
0.222809	-0.384834	-0.628163	0.769629
0.222809	-0.384834	-0.628163	0.769629
0.222809	-0.384834	-0.628163	0.769629
-0.260847	-0.0247852	-0.00307903	0.26204
-0.260847	-0.0247852	-0.00307903	0.26204
-0.260847	-0.0247852	-0.00307903	0.26204
-0.260847	-0.0247852	-0.00307903	0.26204
-0.260847	-0.0247852	-0.00307903	0.26204
0.402544	1.10396	0.0912995	1.17861
0.402544	1.10396	0.0912995	1.17861
-0.282065	2.00669	-0.50116	2.08746
-0.418121	0.977386	0.527524	1.18676
-0.418121	0.977386	0.527524	1.18676
-0.320495	0.958928	0.829505	1.3078
-0.320495	0.958928	0.829505	1.3078
-1.37958	-0.058192	0.269939	1.40695
-1.37958	-0.058192	0.269939	1.40695
-0.64577	-0.762272	-0.438991	1.09123
-0.64577	-0.762272	-0.438991	1.09123
-0.64577	-0.762272	-0.438991	1.09123
-0.64577	-0.762272	-0.438991	1.09123
-0.668863	0.269706	-0.708886	1.01126
-0.376808	0.542307	-0.203431	0.690989
-0.376808	0.542307	-0.203431	0.690989
-0.535409	0.956263	0.670587	1.28483
0.262034	1.6867	0.382989	1.74937
0.842486	1.0306	0.274911	1.35923
0.842486	1.0306	0.274911	1.35923
1.13011	0.0740694	0.426118	1.21004
-0.0633034	0.460568	-0.236878	0.521767
-0.0633034	0.460568	-0.236878	0.521767
-0.0633034	0.460568	-0.236878	0.521767
-0.0633034	0.460568	-0.236878	0.521767
-0.0633034	0.460568	-0.236878	0.521767
-0.0633034	0.460568	-0.236878	0.521767
-0.0633034	0.460568	-0.236878	0.521767
-0.0633034	0.460568	-0.236878	0.521767
-0.0633034	0.460568	-0.236878	0.521767
-0.0633034	0.460568	-0.236878	0.521767
-0.0633034	0.460568	-0.236878	0.521767
-0.0633034	0.460568	-0.236878	0.521767
-0.0633034	0.460568	-0.236878	0.521767
-0.0633034	0.460568	-0.236878	0.521767
-0.0633034	0.460568	-0.236878	0.521767
0.384	0.0580647	-0.345921	0.520085
0.384	0.0580647	-0.345921	0.520085
1.09648	0.732246	-1.09662	1.71494
1.09648	0.732246	-1.09662	1.71494
0.478092	0.796399	-1.51243	1.7749
0.478092	0.796399	-1.51243	1.7749
0.478092	0.796399	-1.51243	1.7749
0.478092	0.796399	-1.51243	1.7749
0.478092	0.796399	-1.51243	1.7749
0.478092	0.796399	-1.51243	1.7749
-0.403615	1.78778	-1.06534	2.11991
0.0901916	1.03774	-1.17308	1.56881
0.0901916	1.03774	-1.17308	1.56881
-1.10551	1.25859	-1.1841	2.05141
-1.85023	0.109036	-1.2787	2.25173
-1.85023	0.109036	-1.2787	2.25173
-1.85023	0.109036	-1.2787	2.25173
-1.68403	0.464426	-1.33046	2.19585
-1.68403	0.464426	-1.33046	2.19585
-0.594103	1.23856	-0.827849	1.60385
0.469642	0.484557	-0.537977	0.863005
0.469642	0.484557	-0.537977	0.863005
0.469642	0.484557	-0.537977	0.863005
0.584261	-0.081168	0.368585	0.69556
0.584261	-0.081168	0.368585	0.69556
1.61884	-0.361413	0.328918	1.69099
1.12503	-0.19049	-0.732407	1.35588
1.12503	-0.19049	-0.732407	1.35588
1.76796	-0.789929	-1.5494	2.47998
0.870986	-1.35169	-1.61059	2.27589
0.870986	-1.35169	-1.61059	2.27589
0.870986	-1.35169	-1.61059	2.27589
0.0191927	-0.360594	-2.37304	2.40035
0.390241	0.458691	-2.51472	2.58583
0.390241	0.458691	-2.51472	2.58583
0.988637	-0.576427	-2.27521	2.54682
0.988637	-0.576427	-2.27521	2.54682
-0.210869	0.496439	-2.29861	2.36104
-0.59063	0.051298	-1.92342	2.01272
-0.576787	-0.464178	-1.4066	1.58955
-0.576787	-0.464178	-1.4066	1.58955
-0.0606654	-0.362906	-0.650936	0.747729
0.19405	-0.460501	0.100086	0.509641
0.19405	-0.460501	0.100086	0.509641
0.19405	-0.460501	0.100086	0.509641
0.19405	-0.460501	0.100086	0.509641
0.19405	-0.460501	0.100086	0.509641
0.19405	-0.460501	0.100086	0.509641
0.19405	-0.460501	0.100086	0.509641
-0.0512312	-0.313573	0.0755016	0.326578
-0.0512312	-0.313573	0.0755016	0.326578
-0.0512312	-0.313573	0.0755016	0.326578
-0.0512312	-0.313573	0.0755016	0.326578
-0.0512312	-0.313573	0.0755016	0.326578
-0.0512312	-0.313573	0.0755016	0.326578
-0.0512312	-0.313573	0.0755016	0.326578
0.177739	-0.660902	-0.353831	0.770441
-0.166196	-1.20655	0.210517	1.23601
0.168894	-0.916881	0.373083	1.00418
-0.63241	-0.498702	-0.201436	0.830194
-0.63241	-0.498702	-0.201436	0.830194
0.141167	0.117058	0.113921	0.21589
0.141167	0.117058	0.113921	0.21589
0.141167	0.117058	0.113921	0.21589
0.141167	0.117058	0.113921	0.21589
-0.682229	0.320028	0.000532287	0.753561
-0.682229	0.320028	0.000532287	0.753561
-0.682229	0.320028	0.000532287	0.753561
-0.988023	0.726058	0.449442	1.30589
-0.963545	1.13898	-0.00883652	1.4919
-0.963545	1.13898	-0.00883652	1.4919
-0.963545	1.13898	-0.00883652	1.4919
-0.963545	1.13898	-0.00883652	1.4919
0.128694	1.25357	0.778055	1.481
0.128694	1.25357	0.778055	1.481
0.128694	1.25357	0.778055	1.481
0.128694	1.25357	0.778055	1.481
0.619014	0.438984	0.812398	1.1117
-0.0411075	-0.546311	0.23397	0.595725
0.298992	0.605495	0.996422	1.20369
-0.3232	1.54209	0.465099	1.64281
0.432754	0.619709	0.220658	0.787404
0.432754	0.619709	0.220658	0.787404
0.432754	0.619709	0.220658	0.787404
1.32042	0.618158	-0.694177	1.61478
1.32042	0.618158	-0.694177	1.61478
1.32042	0.618158	-0.694177	1.61478
0.856581	-0.0144435	0.143797	0.868688
0.0746183	-0.121632	0.939342	0.950119
0.0746183	-0.121632	0.939342	0.950119
0.0746183	-0.121632	0.939342	0.950119
0.0364834	-0.777046	0.687228	1.03799
0.0313965	-1.31653	-0.0996692	1.32067
0.0313965	-1.31653	-0.0996692	1.32067
0.164036	-0.243586	-0.23608	0.376797
0.164036	-0.243586	-0.23608	0.376797
0.359723	0.828052	-0.133111	0.912573
0.359723	0.828052	-0.133111	0.912573
-0.339214	0.235687	-0.275474	0.496488
-0.770616	0.454014	0.277696	0.936533
-0.770616	0.454014	0.277696	0.936533
-0.770616	0.454014	0.277696	0.936533
-0.770616	0.454014	0.277696	0.936533
0.267181	-0.554203	0.543406	0.820863
-0.315229	-1.15829	0.717648	1.39858
-0.315229	-1.15829	0.717648	1.39858
0.107659	-0.639447	0.329114	0.727186
0.107659	-0.639447	0.329114	0.727186
0.107659	-0.639447	0.329114	0.727186
-0.444224	0.476445	1.01011	1.20194
-0.444224	0.476445	1.01011	1.20194
-0.444224	0.476445	1.01011	1.20194
-0.954251	0.477941	0.143004	1.07679
-0.954251	0.477941	0.143004	1.07679
-0.954251	0.477941	0.143004	1.07679
-0.326062	-0.45243	0.558374	0.789171
-1.00937	-0.617012	-0.425674	1.25727
-0.579925	-0.66845	0.637434	1.09062
-0.628212	-0.754791	0.976628	1.38498
-0.628212	-0.754791	0.976628	1.38498
-0.957502	-0.473713	0.617961	1.23414
-0.957502	-0.473713	0.617961	1.23414
-0.957502	-0.473713	0.617961	1.23414
-0.957502	-0.473713	0.617961	1.23414
-0.957502	-0.473713	0.617961	1.23414
-0.247778	-0.709758	0.374276	0.839781
-0.247778	-0.709758	0.374276	0.839781
-0.247778	-0.709758	0.374276	0.839781
-0.00173633	-0.81573	-0.741805	1.10258
-1.04973	-0.870747	-0.266658	1.38969
-0.754069	-1.02838	-0.077044	1.27754
-0.754069	-1.02838	-0.077044	1.27754
0.247506	-1.17441	0.643938	1.36204
1.40656	-0.922746	0.233668	1.69837
1.40656	-0.922746	0.233668	1.69837
1.40656	-0.922746	0.233668	1.69837
1.40656	-0.922746	0.233668	1.69837
1.40656	-0.922746	0.233668	1.69837
1.56506	-0.958629	-0.52772	1.90968
1.56506	-0.958629	-0.52772	1.90968
1.56506	-0.958629	-0.52772	1.90968
1.56506	-0.958629	-0.52772	1.90968
1.90972	-0.350373	0.466985	1.99697
1.90972	-0.350373	0.466985	1.99697
1.90972	-0.350373	0.466985	1.99697
0.765007	0.011094	0.985412	1.24756
0.765007	0.011094	0.985412	1.24756
0.505913	-1.17722	0.55711	1.3972
0.273444	-0.223222	0.923371	0.988541
-0.0533893	-0.682279	-0.0237928	0.684778
-1.01471	-0.957286	0.340933	1.43606
-1.01471	-0.957286	0.340933	1.43606
-1.79276	-0.502956	0.757544	2.01018
-1.18289	-0.0235924	1.62162	2.00734
-1.63486	0.550867	0.510234	1.79904
-1.63486	0.550867	0.510234	1.79904
-1.78999	0.298553	-0.178891	1.82352
-1.78999	0.298553	-0.178891	1.82352
-1.78999	0.298553	-0.178891	1.82352
-1.4982	0.421044	1.00033	1.85001
-0.559953	0.817327	0.703559	1.21514
-0.559953	0.817327	0.703559	1.21514
0.452513	-0.0535521	0.720083	0.852148
0.34496	-0.278087	0.344076	0.560997
0.35987	-0.565727	-0.227442	0.708013
0.35987	-0.565727	-0.227442	0.708013
0.35987	-0.565727	-0.227442	0.708013
-0.786907	-0.286798	-1.13608	1.41143
-0.786907	-0.286798	-1.13608	1.41143
-0.47543	0.912726	-0.509991	1.14856
-0.47543	0.912726	-0.509991	1.14856
-0.47543	0.912726	-0.509991	1.14856
-0.47543	0.912726	-0.509991	1.14856
-0.47543	0.912726	-0.509991	1.14856
-0.352551	0.0617602	-0.264316	0.444938
-0.352551	0.0617602	-0.264316	0.444938
-0.352551	0.0617602	-0.264316	0.444938
-0.352551	0.0617602	-0.264316	0.444938
0.161193	-0.459081	-1.25171	1.34295
0.316383	0.304682	-2.02513	2.07221
1.11392	-0.358153	-2.37956	2.65168
2.18438	-0.0596804	-3.17666	3.85568
1.21174	0.820836	-2.96513	3.30667
1.13443	0.699758	-2.25483	2.61933
1.87597	-0.135021	-2.35162	3.01125
0.984388	-0.722386	-2.81113	3.06485
0.984388	-0.722386	-2.81113	3.06485
0.904618	-1.61712	-2.21725	2.88957
0.904618	-1.61712	-2.21725	2.88957
0.904618	-1.61712	-2.21725	2.88957
0.904618	-1.61712	-2.21725	2.88957
0.081163	-0.626926	-1.28179	1.4292
0.081163	-0.626926	-1.28179	1.4292
0.081163	-0.626926	-1.28179	1.4292
0.454208	-1.37236	-0.478222	1.52262
-0.157915	-1.01537	0.226858	1.05232
-0.157915	-1.01537	0.226858	1.05232
-0.334498	-0.598578	-0.157406	0.703535
0.628908	-0.935864	-0.485197	1.22751
0.628908	-0.935864	-0.485197	1.22751
0.628908	-0.935864	-0.485197	1.22751
0.628908	-0.935864	-0.485197	1.22751
0.628908	-0.935864	-0.485197	1.22751
0.692932	-1.01181	0.178788	1.2393
-0.398663	-0.571632	1.0597	1.26833
-0.398663	-0.571632	1.0597	1.26833
-0.398663	-0.571632	1.0597	1.26833
0.584481	-0.603821	1.33464	1.57717
0.584481	-0.603821	1.33464	1.57717
-0.185179	-0.210978	1.6288	1.65281
-0.185179	-0.210978	1.6288	1.65281
-0.185179	-0.210978	1.6288	1.65281
-0.185179	-0.210978	1.6288	1.65281
-1.34718	-0.116661	1.96496	2.38528
-1.34718	-0.116661	1.96496	2.38528
-1.34718	-0.116661	1.96496	2.38528
-1.57342	-0.192322	1.50735	2.18741
-1.57342	-0.192322	1.50735	2.18741
-1.67746	-0.614225	2.17792	2.81683
-1.09519	-1.56634	1.0191	2.16597
-1.09519	-1.56634	1.0191	2.16597
-1.02154	-1.67602	2.06007	2.84543
-0.0408148	-2.86489	1.19047	3.10266
-0.536831	-1.94947	0.249029	2.03731
0.351712	-0.898808	1.28354	1.60593
-0.717211	-1.66584	0.238866	1.82934
-0.13573	-1.9604	-0.444928	2.01484
-0.0049714	-2.75577	-0.233571	2.76566
0.917978	-2.62664	0.170988	2.78768
1.42329	-2.06987	-0.100545	2.51401
1.42329	-2.06987	-0.100545	2.51401
2.58091	-1.54325	0.291777	3.02123
2.58091	-1.54325	0.291777	3.02123
2.51934	-1.66229	-0.610435	3.07943
1.77889	-2.33147	0.559736	2.98555
0.808564	-2.66782	-0.293892	2.80311
0.920359	-1.78311	0.25538	2.02281
1.02251	-1.34186	1.15524	2.04468
1.12473	-0.805918	0.0276634	1.38394
0.435498	-0.382579	0.410901	0.710538
0.435498	-0.382579	0.410901	0.710538
0.136872	0.646804	-0.0365835	0.662139
0.136872	0.646804	-0.0365835	0.662139
0.136872	0.646804	-0.0365835	0.662139
0.136872	0.646804	-0.0365835	0.662139
0.136872	0.646804	-0.0365835	0.662139
0.136872	0.646804	-0.0365835	0.662139
-0.149222	-0.23557	-0.106086	0.298353
-0.149222	-0.23557	-0.106086	0.298353
-0.149222	-0.23557	-0.106086	0.298353
-0.149222	-0.23557	-0.106086	0.298353
-0.149222	-0.23557	-0.106086	0.298353
-0.149222	-0.23557	-0.106086	0.298353
-0.149222	-0.23557	-0.106086	0.298353
0.493344	-0.0494878	-0.804697	0.945185
0.493344	-0.0494878	-0.804697	0.945185
0.493344	-0.0494878	-0.804697	0.945185
-0.276571	0.524044	-0.707757	0.923057
-0.276571	0.524044	-0.707757	0.923057
-0.276571	0.524044	-0.707757	0.923057
0.821742	0.740756	-0.84119	1.38981
-0.074022	-0.0168161	-1.76058	1.76221
-0.074022	-0.0168161	-1.76058	1.76221
-0.54032	-1.03405	-0.878311	1.46035
-0.54032	-1.03405	-0.878311	1.46035
-1.47403	-0.72139	-1.14369	2.0003
-0.51816	0.234674	-1.41368	1.52383
-0.51816	0.234674	-1.41368	1.52383
0.32317	-0.893531	-0.627397	1.13862
0.32317	-0.893531	-0.627397	1.13862
0.32317	-0.893531	-0.627397	1.13862
0.32317	-0.893531	-0.627397	1.13862
-0.00650999	-2.09213	-0.189578	2.10071
-0.00650999	-2.09213	-0.189578	2.10071
0.566017	-1.34662	0.270462	1.48557
0.575131	-0.172005	0.878887	1.06433
-0.535547	-0.46269	1.59243	1.74262
-0.535547	-0.46269	1.59243	1.74262
-0.535547	-0.46269	1.59243	1.74262
-1.73508	-0.587068	0.63301	1.938
-1.73508	-0.587068	0.63301	1.938
-1.73508	-0.587068	0.63301	1.938
-1.71852	0.357914	0.872313	1.96019
-1.71852	0.357914	0.872313	1.96019
-2.07209	-0.714473	0.0944826	2.19385
-1.6373	-0.284518	-0.00278346	1.66184
-0.53512	0.821062	-0.591596	1.14476
-0.994166	0.137505	0.10158	1.00876
-0.994166	0.137505	0.10158	1.00876
-0.994166	0.137505	0.10158	1.00876
-0.994166	0.137505	0.10158	1.00876
-0.781487	0.805572	-0.696021	1.32065
0.0504199	1.39577	-1.72016	2.21578
0.0504199	1.39577	-1.72016	2.21578
0.0504199	1.39577	-1.72016	2.21578
-0.76487	2.20961	-1.26601	2.65898
-0.76487	2.20961	-1.26601	2.65898
-0.418699	1.16418	-0.538167	1.34917
-0.418699	1.16418	-0.538167	1.34917
-0.418699	1.16418	-0.538167	1.34917
-1.35693	0.37333	-0.301295	1.43924
-1.35693	0.37333	-0.301295	1.43924
-1.35693	0.37333	-0.301295	1.43924
-0.452164	0.0777294	0.466878	0.654575
-0.452164	0.0777294	0.466878	0.654575
-0.452164	0.0777294	0.466878	0.654575
0.307756	0.0121452	-0.72131	0.784314
0.16325	-0.444109	-0.405963	0.62345
-0.0608985	0.734793	-1.41442	1.59506
-0.0980712	0.636758	-1.14616	1.31482
-0.714511	-0.375631	-1.11108	1.37337
-0.714511	-0.375631	-1.11108	1.37337
-0.999062	0.800184	-1.34668	1.85795
-1.08966	1.0969	-1.22603	1.97325
-1.08966	1.0969	-1.22603	1.97325
-0.770184	0.127299	-1.37729	1.58313
-0.770184	0.127299	-1.37729	1.58313
-0.770184	0.127299	-1.37729	1.58313
-0.770184	0.127299	-1.37729	1.58313
-0.770184	0.127299	-1.37729	1.58313
-0.770184	0.127299	-1.37729	1.58313
0.374412	1.05817	-1.12331	1.588
0.374412	1.05817	-1.12331	1.588
0.374412	1.05817	-1.12331	1.588
0.374412	1.05817	-1.12331	1.588
-0.409959	0.603488	-1.81581	1.95689
-0.409959	0.603488	-1.81581	1.95689
0.0604989	1.04808	-1.59286	1.9077
-0.827296	1.57523	-2.15724	2.79633
-0.827296	1.57523	-2.15724	2.79633
0.270114	0.886266	-3.16634	3.29911
1.32288	0.0659151	-3.02802	3.30503
1.3546	-0.542966	-2.36796	2.78155
1.27915	-0.721873	-1.85044	2.36251
0.566847	-1.02231	-2.07968	2.38568
0.566847	-1.02231	-2.07968	2.38568
1.38984	0.0861691	-2.03852	2.46873
1.38984	0.0861691	-2.03852	2.46873
1.38984	0.0861691	-2.03852	2.46873
0.388781	-0.12302	-1.38686	1.44557
0.388781	-0.12302	-1.38686	1.44557
0.388781	-0.12302	-1.38686	1.44557
1.02839	-0.655403	-0.553146	1.33907
1.19433	-1.48794	0.0566382	1.90882
0.865075	-0.970731	0.938229	1.60342
0.865075	-0.970731	0.938229	1.60342
-0.300274	-0.142134	1.35961	1.39961
-0.300274	-0.142134	1.35961	1.39961
-0.300274	-0.142134	1.35961	1.39961
-0.109225	-0.802876	0.768459	1.11672
-0.109225	-0.802876	0.768459	1.11672
-0.126207	0.0309854	0.0693082	0.147282
-0.126207	0.0309854	0.0693082	0.147282
-0.126207	0.0309854	0.0693082	0.147282
-0.126207	0.0309854	0.0693082	0.147282
-0.126207	0.0309854	0.0693082	0.147282
0.186271	-0.333958	0.782826	0.87123
0.186271	-0.333958	0.782826	0.87123
0.186271	-0.333958	0.782826	0.87123
0.186271	-0.333958	0.782826	0.87123
0.186271	-0.333958	0.782826	0.87123
0.186271	-0.333958	0.782826	0.87123
0.186271	-0.333958	0.782826	0.87123
0.186271	-0.333958	0.782826	0.87123
0.186271	-0.333958	0.782826	0.87123
0.186271	-0.333958	0.782826	0.87123
0.186271	-0.333958	0.782826	0.87123
0.937538	0.329695	-0.249099	1.02456
0.641764	-0.0279853	0.652444	0.915602
-0.127854	-0.447203	0.667666	0.813705
-0.127854	-0.447203	0.667666	0.813705
-0.127854	-0.447203	0.667666	0.813705
-0.127854	-0.447203	0.667666	0.813705
-0.127854	-0.447203	0.667666	0.813705
0.878356	-1.33385	1.50839	2.19679
0.528386	-1.00174	1.93946	2.24593
-0.166904	0.0143664	2.5425	2.54801
-0.166904	0.0143664	2.5425	2.54801
-0.166904	0.0143664	2.5425	2.54801
-0.166904	0.0143664	2.5425	2.54801
-0.166904	0.0143664	2.5425	2.54801
0.255813	0.486048	1.87267	1.95156
0.831889	0.432317	1.70173	1.94289
0.940202	0.368155	1.05665	1.46151
0.555484	-0.480374	0.428487	0.850248
0.290089	0.307623	0.740334	0.852572
0.0907246	-0.636839	-0.111848	0.65292
0.0907246	-0.636839	-0.111848	0.65292
0.0907246	-0.636839	-0.111848	0.65292
0.425837	0.108309	-0.731591	0.853401
0.0548758	-0.109631	0.431663	0.448735
0.0548758	-0.109631	0.431663	0.448735
0.573549	-0.948504	1.33506	1.73523
-0.29135	-1.11733	1.67462	2.03413
-1.06026	-1.05303	1.3179	1.99246
-0.539722	-0.11966	0.620133	0.830773
-0.822923	0.359109	0.835005	1.22613
-1.16199	-0.191203	0.241017	1.20203
-1.16199	-0.191203	0.241017	1.20203
-1.16199	-0.191203	0.241017	1.20203
-1.16199	-0.191203	0.241017	1.20203
-1.66592	-0.865874	0.27919	1.89815
-1.66592	-0.865874	0.27919	1.89815
-1.66592	-0.865874	0.27919	1.89815
-1.66592	-0.865874	0.27919	1.89815
-2.70745	-0.808478	1.2405	3.0859
-1.82298	-0.305272	0.050711	1.84906
-1.82298	-0.305272	0.050711	1.84906
-1.82298	-0.305272	0.050711	1.84906
-1.82298	-0.305272	0.050711	1.84906
-1.82298	-0.305272	0.050711	1.84906
-0.81514	-1.22907	-0.416742	1.53256
0.193513	-0.377233	-0.499245	0.654979
0.193513	-0.377233	-0.499245	0.654979
0.193513	-0.377233	-0.499245	0.654979
1.33102	0.355433	-0.667364	1.53079
0.689638	-0.470193	0.0752252	0.838058
0.689638	-0.470193	0.0752252	0.838058
0.494747	-1.32414	0.91665	1.68474
0.494747	-1.32414	0.91665	1.68474
0.494747	-1.32414	0.91665	1.68474
0.494747	-1.32414	0.91665	1.68474
0.928337	-1.31784	0.440397	1.67107
1.09172	-1.90681	0.193919	2.20576
0.735264	-1.0615	-0.375778	1.34484
-0.414152	-0.00227467	0.484225	0.637182
-0.414152	-0.00227467	0.484225	0.637182
-0.414152	-0.00227467	0.484225	0.637182
-0.414152	-0.00227467	0.484225	0.637182
-0.414152	-0.00227467	0.484225	0.637182
0.301084	0.48165	-0.273589	0.630467
0.301084	0.48165	-0.273589	0.630467
0.301084	0.48165	-0.273589	0.630467
0.301084	0.48165	-0.273589	0.630467
-0.336855	-0.399055	0.670889	0.850181
-0.336855	-0.399055	0.670889	0.850181
-0.336855	-0.399055	0.670889	0.850181
0.73268	-0.0886748	0.0451548	0.739407
-0.331156	0.324148	-0.558915	0.726032
-0.331156	0.324148	-0.558915	0.726032
-0.331156	0.324148	-0.558915	0.726032
-0.331156	0.324148	-0.558915	0.726032
0.0839707	-0.210772	-0.564843	0.608706
-0.498077	0.231473	0.0305522	0.550086
0.33716	0.0137835	0.779059	0.848999
0.33716	0.0137835	0.779059	0.848999
0.5547	0.369289	0.497262	0.831466
0.805769	-0.369938	0.206411	0.910342
0.805769	-0.369938	0.206411	0.910342
0.805769	-0.369938	0.206411	0.910342
0.805769	-0.369938	0.206411	0.910342
0.805769	-0.369938	0.206411	0.910342
0.805769	-0.369938	0.206411	0.910342
0.805769	-0.369938	0.206411	0.910342
0.929798	0.531091	-0.776065	1.32244
0.929798	0.531091	-0.776065	1.32244
0.402529	0.235109	-1.31364	1.3939
0.360293	0.0096454	-0.494395	0.611825
0.360293	0.0096454	-0.494395	0.611825
-0.174512	0.61729	-0.819993	1.0411
0.406213	0.191905	0.201458	0.492363
0.406213	0.191905	0.201458	0.492363
0.406213	0.191905	0.201458	0.492363
0.406213	0.191905	0.201458	0.492363
0.406213	0.191905	0.201458	0.492363
0.406213	0.191905	0.201458	0.492363
0.406213	0.191905	0.201458	0.492363
0.406213	0.191905	0.201458	0.492363
0.406213	0.191905	0.201458	0.492363
0.973125	1.2786	1.15729	1.98018
0.973125	1.2786	1.15729	1.98018
1.21985	0.511796	0.811232	1.55179
0.375154	-0.0177937	-0.294313	0.477156
0.0680646	-0.431326	-0.254561	0.505446
0.895919	0.508106	0.479546	1.13614
0.252428	0.524818	-0.655926	0.87715
0.252428	0.524818	-0.655926	0.87715
0.252428	0.524818	-0.655926	0.87715
0.252428	0.524818	-0.655926	0.87715
-0.335363	-0.407825	0.449124	0.693183
-0.335363	-0.407825	0.449124	0.693183
-0.335363	-0.407825	0.449124	0.693183
-0.335363	-0.407825	0.449124	0.693183
-0.381686	0.601162	-0.535932	0.891236
-0.381686	0.601162	-0.535932	0.891236
0.739054	0.840904	0.0938552	1.12345
0.026625	0.573326	0.609686	0.837335
0.026625	0.573326	0.609686	0.837335
0.026625	0.573326	0.609686	0.837335
0.026625	0.573326	0.609686	0.837335
0.026625	0.573326	0.609686	0.837335
-0.692511	-0.156683	0.495114	0.865598
-0.692511	-0.156683	0.495114	0.865598
-0.692511	-0.156683	0.495114	0.865598
-0.692511	-0.156683	0.495114	0.865598
-0.692511	-0.156683	0.495114	0.865598
-0.692511	-0.156683	0.495114	0.865598
-1.18405	-0.0687585	1.23428	1.71177
-1.18405	-0.0687585	1.23428	1.71177
-1.18405	-0.0687585	1.23428	1.71177
-1.18405	-0.0687585	1.23428	1.71177
-0.538621	-0.59355	1.81929	1.98802
-0.258129	0.529499	2.26622	2.34153
-0.258129	0.529499	2.26622	2.34153
-0.0254882	1.31824	1.24017	1.81009
-0.0254882	1.31824	1.24017	1.81009
0.663811	1.43053	1.13672	1.94402
1.36956	0.907305	0.195541	1.65443
1.36956	0.907305	0.195541	1.65443
0.349031	1.6883	-0.219176	1.73788
0.349031	1.6883	-0.219176	1.73788
-0.513042	1.49034	-1.33299	2.06427
-0.7837	0.681156	-1.33163	1.68861
-0.0329563	1.38253	-0.359308	1.42884
-0.0329563	1.38253	-0.359308	1.42884
0.217604	0.225889	-0.711729	0.777776
0.184664	0.730445	-0.220682	0.78508
0.5257	1.18137	-1.0277	1.65172
0.5257	1.18137	-1.0277	1.65172
1.21721	0.619391	-1.94222	2.37434
2.13533	0.886197	-0.798084	2.4458
1.27452	0.434806	0.197342	1.36103
1.27452	0.434806	0.197342	1.36103
1.18671	0.108539	-0.46175	1.27799
1.03669	-0.190248	-1.57038	1.8913
1.03669	-0.190248	-1.57038	1.8913
1.03669	-0.190248	-1.57038	1.8913
1.03669	-0.190248	-1.57038	1.8913
0.93274	-0.432124	-0.904283	1.36911
0.944398	0.145272	-0.0327613	0.956067
0.48027	-0.442611	-1.04956	1.23618
0.48027	-0.442611	-1.04956	1.23618
1.01921	-0.419508	-1.17607	1.61181
1.33271	-0.229336	-0.999762	1.68174
1.33271	-0.229336	-0.999762	1.68174
1.40205	0.295405	0.0932258	1.43587
1.40205	0.295405	0.0932258	1.43587
0.765526	-0.473318	-0.370689	0.973381
0.765526	-0.473318	-0.370689	0.973381
0.765526	-0.473318	-0.370689	0.973381
0.765526	-0.473318	-0.370689	0.973381
0.765526	-0.473318	-0.370689	0.973381
-0.0522982	0.0798595	0.391136	0.402616
-0.0522982	0.0798595	0.391136	0.402616
0.297454	0.822516	-0.758363	1.15764
0.264624	0.14635	-0.696792	0.759581
0.264624	0.14635	-0.696792	0.759581
0.264624	0.14635	-0.696792	0.759581
0.264624	0.14635	-0.696792	0.759581
-0.747022	-0.582265	-0.18542	0.965119
-0.747022	-0.582265	-0.18542	0.965119
-0.873516	-0.367227	0.0948362	0.952302
-0.84156	0.668335	0.990974	1.46182
-1.91117	0.516916	1.10745	2.26853
-0.721497	1.03316	0.416277	1.32712
-0.630758	0.301527	1.00784	1.22659
-0.782504	0.361822	0.471225	0.982487
-0.782504	0.361822	0.471225	0.982487
0.125041	0.178708	-0.0439323	0.22249
1.05395	0.247332	0.252404	1.11162
0.477935	-0.0425416	-0.607109	0.77383
-0.45215	0.067937	-0.43523	0.631253
0.0618364	0.750765	-0.725256	1.04569
0.0618364	0.750765	-0.725256	1.04569
-0.647507	0.716054	-0.202565	0.986423
-0.647507	0.716054	-0.202565	0.986423
-0.647507	0.716054	-0.202565	0.986423
-0.647507	0.716054	-0.202565	0.986423
0.22877	0.384388	-1.1108	1.19748
0.22877	0.384388	-1.1108	1.19748
0.981041	1.19286	-0.542514	1.63697
1.10213	0.531688	0.306317	1.26143
2.09494	0.256227	0.273792	2.12824
2.09494	0.256227	0.273792	2.12824
1.29937	0.159694	0.553237	1.42125
1.17693	0.619613	1.49064	1.99778
1.17693	0.619613	1.49064	1.99778
1.17693	0.619613	1.49064	1.99778
0.568122	1.12516	1.56454	2.00912
-0.233099	0.247767	1.18577	1.2336
-0.233099	0.247767	1.18577	1.2336
-0.233099	0.247767	1.18577	1.2336
-0.233099	0.247767	1.18577	1.2336
-0.765948	-0.0137628	0.847975	1.14277
-0.403689	-0.808787	-0.0839873	0.90783
0.0254485	0.343537	-1.18859	1.2375
0.976978	0.130626	-1.04875	1.43924
0.865689	-0.702079	-0.473216	1.21089
0.865689	-0.702079	-0.473216	1.21089
1.69972	-0.0924958	0.170742	1.71077
0.854514	0.855133	-0.970405	1.5502
0.6074	1.99673	-0.388529	2.12293
0.6074	1.99673	-0.388529	2.12293
1.43715	0.963011	-1.43012	2.24456
0.626705	1.6881	-0.412909	1.84741
0.447326	2.78309	-1.24648	3.08211
0.447326	2.78309	-1.24648	3.08211
-0.432062	2.59542	-0.265838	2.64453
0.741064	2.03774	0.674994	2.27094
0.943804	1.82331	1.45832	2.51832
0.943804	1.82331	1.45832	2.51832
0.571699	0.792234	2.20118	2.40825
1.16588	0.351761	1.31568	1.79277
1.16588	0.351761	1.31568	1.79277
1.49922	1.51874	1.52943	2.62553
0.311997	1.65499	1.69814	2.39165
0.311997	1.65499	1.69814	2.39165
-0.791682	2.6618	0.609054	2.84304
0.27284	2.09776	-0.124125	2.11907
1.25125	1.10839	-0.0459172	1.6722
2.06931	1.31635	0.522122	2.50747
1.35198	1.15158	0.505507	1.84649
1.937	0.349742	1.26277	2.33857
0.906099	0.413116	1.19751	1.55747
0.906099	0.413116	1.19751	1.55747
0.333325	1.53468	1.08924	1.91123
-0.0867967	1.42141	1.35992	1.96909
0.757758	0.402363	0.634842	1.06729
1.57769	0.132755	0.422197	1.63859
0.424705	0.337033	1.07371	1.20284
0.424705	0.337033	1.07371	1.20284
0.462389	-0.84766	0.35662	1.02932
