walk_id	step	x	y	z
0	0	0	0	0
1	0	0	0	0
2	0	0	0	0
3	0	0	0	0
4	0	0	0	0
5	0	0	0	0
6	0	0	0	0
7	0	0	0	0
8	0	0	0	0
9	0	0	0	0
0	1	0.181237	0.329267	0.92668
1	1	-0.639387	0.276435	0.717473
2	1	-0.281776	-0.870717	0.403056
3	1	0.975932	-0.216068	0.0295352
4	1	0.114807	0.93032	-0.348317
5	1	-0.737451	0.0204249	-0.675092
6	1	0.0289569	-0.428934	-0.902872
7	1	0.0582669	0.00955276	-0.998255
8	1	-0.0816451	0.309905	0.947256
9	1	-0.612812	-0.225567	0.757351
0	2	-0.185292	0.984565	0.266195
1	2	0.0256216	-0.0145837	0.0296712
2	2	-0.962371	-1.03424	-0.311121
3	2	1.40265	0.304455	-0.71004
4	2	0.0900507	0.285533	-1.11228
5	2	-1.09063	0.525816	-1.46239
6	2	0.587544	-0.609439	-1.71244
7	2	-0.467335	-0.173865	-1.82898
8	2	0.20934	0.747585	0.0965128
9	2	-0.582427	-0.718391	-0.112247
0	3	-1.08283	0.549511	0.338029
1	3	-0.659371	0.265333	0.702302
2	3	-1.01842	-0.87757	0.674937
3	3	1.63014	0.725158	-1.58825
4	3	0.983239	0.500144	-1.50745
5	3	-0.294853	-0.0226772	-1.20569
6	3	0.66434	-1.20597	-0.913533
7	3	-0.480741	-0.189423	-2.82877
8	3	-0.424287	0.734746	-0.67702
9	3	-1.24912	-0.00528505	-0.329047
0	4	-0.397141	0.960904	-0.262464
1	4	-1.2694	1.02045	0.942428
2	4	-1.31048	-1.18971	1.57897
3	4	1.98215	0.47752	-2.49089
4	4	1.42664	1.36457	-1.74442
5	4	-1.04823	0.239454	-0.602607
6	4	0.65718	-1.24208	0.085789
7	4	0.269198	-0.231927	-3.48891
8	4	-0.505562	1.71771	-0.512168
9	4	-1.73264	-0.114226	0.53948
0	5	0.334066	0.467218	-0.73322
1	5	-1.82582	1.69119	0.452014
2	5	-0.969064	-1.97933	1.06914
3	5	1.87745	1.31967	-3.01988
4	5	1.29276	0.538792	-2.2923
5	5	-0.693396	0.983217	-1.16909
6	5	0.116503	-1.84678	-0.499028
7	5	0.946527	0.189729	-4.09176
8	5	-1.26079	1.50674	-1.13275
9	5	-0.962666	-0.123476	-0.0985275
0	6	0.809955	-0.319684	-0.34039
1	6	-1.59758	2.51182	0.975908
2	6	-1.64643	-2.33573	1.71269
3	6	2.50389	1.10451	-2.27069
4	6	1.06821	1.03525	-1.45379
5	6	-0.851539	0.59894	-0.259522
6	6	0.375382	-1.7478	0.461797
7	6	0.827008	0.24746	-3.10061
8	6	-1.2564	1.49283	-2.13265
9	6	-0.883848	0.0175804	-1.08539
0	7	1.4512	-0.234015	-1.10293
1	7	-1.37119	3.42268	0.630822
2	7	-2.44956	-1.76233	1.87455
3	7	1.84975	0.681209	-1.64386
4	7	1.14085	0.67301	-0.524538
5	7	-0.717648	0.574782	-1.25022
6	7	0.694821	-1.2325	-0.333453
7	7	0.27842	0.985124	-3.49419
8	7	-2.21613	1.23441	-2.02249
9	7	-0.975596	-0.788011	-0.500061
0	8	0.998055	-0.455792	-0.239521
1	8	-0.9511	3.6127	-0.256542
2	8	-3.36955	-2.14528	1.79106
3	8	2.41257	0.895684	-0.845594
4	8	0.806572	0.557116	-1.45986
5	8	0.217442	0.867502	-1.45003
6	8	0.0286658	-1.41903	0.388657
7	8	0.512983	1.04319	-4.46455
8	8	-3.14444	1.0343	-2.33585
9	8	-0.21663	-0.648365	0.135918
0	9	0.26078	-0.674307	0.399758
1	9	-0.18081	3.01268	-0.472478
2	9	-3.35207	-1.71794	0.887129
3	9	2.03428	0.647845	0.0463022
4	9	1.7221	0.202115	-1.2707
5	9	0.0308748	1.59518	-2.11009
6	9	-0.0107589	-1.46594	1.38678
7	9	1.33678	0.97877	-3.90134
8	9	-3.63593	1.84896	-2.64371
9	9	-0.351139	-0.96035	-0.804599
0	10	0.213704	-0.701425	1.39828
1	10	0.306203	2.91671	-1.34058
2	10	-3.89591	-1.01583	0.427482
3	10	1.97644	-0.345851	0.142333
4	10	2.27076	0.761928	-0.649745
5	10	-0.289406	1.57006	-1.1631
6	10	0.185283	-1.61157	0.417057
7	10	1.18095	1.69346	-4.5832
8	10	-4.11007	0.986201	-2.81932
9	10	0.514737	-0.643202	-0.417719
0	11	0.219601	-0.903027	2.37773
1	11	-0.294735	3.5962	-0.919659
2	11	-3.02784	-1.1486	-0.0508767
3	11	1.85802	-0.417334	-0.848055
4	11	2.50385	1.43629	0.0509045
5	11	0.0604853	0.646399	-1.3194
6	11	-0.21734	-1.38435	-0.469659
7	11	1.61114	1.77223	-3.68391
8	11	-4.7394	0.23112	-2.63547
9	11	0.514677	0.0896118	-1.09815
0	12	0.452856	-0.276309	3.12125
1	12	-1.093	3.12566	-0.543683
2	12	-2.0412	-1.29695	-0.118237
3	12	1.27316	0.22361	-1.34517
4	12	2.53636	0.874518	-0.77575
5	12	0.144801	0.763495	-2.30893
6	12	-0.509981	-1.46372	0.483264
7	12	2.24164	1.49292	-2.95971
8	12	-5.16533	1.06566	-2.286
9	12	0.30722	-0.883939	-1.19386
0	13	0.490836	-1.27536	3.14253
1	13	-0.51925	3.86234	-0.185769
2	13	-2.7825	-1.45449	0.534191
3	13	1.70787	-0.00842699	-0.475008
4	13	2.47329	1.03205	0.209749
5	13	0.0904468	0.598871	-3.29379
6	13	-0.0876907	-1.20354	-0.385053
7	13	1.48961	1.60466	-3.6093
8	13	-4.54622	0.364875	-2.64042
9	13	0.283329	0.115622	-1.2114
0	14	-0.506368	-1.23938	3.20802
1	14	-0.629814	3.21737	0.570396
2	14	-2.70763	-1.47793	-0.462727
3	14	2.0316	0.68426	-1.11951
4	14	1.6354	1.57017	0.301139
5	14	-0.32055	0.11545	-2.52089
6	14	-0.0179323	-1.2811	-1.3796
7	14	2.1348	2.04491	-4.23373
8	14	-4.99162	1.2525	-2.5232
9	14	-0.297486	-0.0842104	-0.422271
0	15	-0.457557	-0.516602	3.89737
1	15	-0.0991176	4.05206	0.423239
2	15	-2.27686	-1.23948	-1.33311
3	15	2.415	0.686817	-0.195934
4	15	2.48498	1.11458	0.566924
5	15	0.119033	-0.55598	-3.1175
6	15	-0.0160584	-1.30425	-2.37933
7	15	1.82054	1.33763	-3.60049
8	15	-5.76584	0.659317	-2.74393
9	15	-0.718272	-0.149905	-1.32705
0	16	-1.31519	-1.0232	3.98586
1	16	-0.66774	4.23747	-0.378191
2	16	-2.42259	-0.901244	-0.403404
3	16	2.83612	1.57689	-0.0214925
4	16	3.12432	1.2985	-0.179683
5	16	0.36034	-0.710185	-2.15938
6	16	0.13153	-2.25876	-2.12024
7	16	1.3545	0.779075	-4.28666
8	16	-5.96806	0.653918	-1.7646
9	16	-1.35799	0.538532	-0.985269
0	17	-2.13182	-1.47528	3.62708
1	17	-0.351164	4.0573	0.553108
2	17	-2.45082	0.0274736	-0.773116
3	17	2.52194	1.37187	0.905469
4	17	3.95907	0.900583	-0.56027
5	17	0.320666	-0.326226	-1.23688
6	17	-0.600619	-2.81622	-2.51165
7	17	1.72412	0.634754	-3.36876
8	17	-6.12796	1.55541	-2.16678
9	17	-1.66349	0.268786	-0.072082
0	18	-1.99111	-1.25582	4.5925
1	18	-0.311389	3.61786	-0.344282
2	18	-3.08093	0.702933	-1.15616
3	18	3.45669	1.22129	1.22728
4	18	3.52133	0.661053	0.306339
5	18	0.399137	-0.145529	-2.21729
6	18	-0.403384	-3.58637	-3.11825
7	18	0.935814	1.24616	-3.29985
8	18	-5.42389	1.55592	-1.45665
9	18	-1.71112	0.231733	0.926095
0	19	-1.9857	-1.46817	3.61532
1	19	0.0349168	3.1452	0.466066
2	19	-2.14058	0.379143	-1.05171
3	19	4.1703	1.42282	0.556349
4	19	3.52436	0.664732	1.30633
5	19	0.460266	0.599852	-1.55346
6	19	-0.901364	-2.7267	-3.23217
7	19	0.412416	1.49186	-4.11575
8	19	-5.64249	1.51885	-0.48154
9	19	-2.33574	-0.379815	1.41175
0	20	-0.997336	-1.31618	3.60948
1	20	-0.381272	2.34664	0.900916
2	20	-2.41312	0.932943	-0.264924
3	20	4.37508	1.38647	1.53448
4	20	3.34805	0.496461	0.336483
5	20	0.377174	1.24016	-2.31707
6	20	-0.099384	-3.16898	-3.63369
7	20	-0.494142	1.07193	-4.07323
8	20	-5.46863	2.3799	-0.00365903
9	20	-1.94631	-0.807564	2.22746
0	21	-1.56581	-0.705848	3.05782
1	21	-0.64644	3.26216	1.20344
2	21	-2.34592	1.28993	0.666764
3	21	4.67734	1.78076	0.666629
4	21	4.23764	0.924847	0.17798
5	21	1.12053	1.22589	-1.64832
6	21	-0.0522048	-3.19397	-4.63227
7	21	-0.0260551	0.410186	-4.65888
8	21	-5.32668	1.42557	0.259221
9	21	-2.07271	-1.18859	3.14334
0	22	-1.36581	0.159543	2.59837
1	22	0.35016	3.19039	1.16297
2	22	-2.26912	0.370684	1.05287
3	22	4.02396	1.62184	1.40679
4	22	4.12401	1.19827	1.13314
5	22	1.23643	1.29681	-2.63905
6	22	0.29896	-3.60724	-5.47244
7	22	-0.578866	-0.23138	-5.19067
8	22	-6.16956	1.94931	0.135728
9	22	-1.70158	-0.31258	3.45133
0	23	-0.67499	0.649704	2.06684
1	23	0.0612856	2.48319	0.517667
2	23	-2.38705	1.0258	0.306609
3	23	4.39926	1.21412	0.574372
4	23	3.70696	1.3096	0.231102
5	23	1.52314	1.38708	-3.5928
6	23	0.193616	-3.73235	-6.45897
7	23	-0.575758	-0.208319	-6.1904
8	23	-6.12038	1.84263	1.1288
9	23	-1.9166	-0.173866	4.41804
0	24	-0.832634	0.313944	2.99551
1	24	0.102411	1.86208	1.30032
2	24	-1.943	0.33484	0.877039
3	24	5.23611	0.762886	0.88433
4	24	4.70664	1.32015	0.254368
5	24	2.36192	1.86249	-3.8582
6	24	0.636384	-3.0103	-6.99058
7	24	-0.546151	0.449213	-6.94324
8	24	-6.30408	2.21333	0.218402
9	24	-2.02698	-0.0974369	3.42709
0	25	-0.312492	-0.505614	2.75513
1	25	0.505402	2.01089	2.20334
2	25	-2.056	1.12572	0.275584
3	25	4.4889	0.815191	1.54686
4	25	4.56782	0.840439	-0.612005
5	25	3.19745	1.41308	-3.54209
6	25	0.714201	-2.9189	-7.98335
7	25	-1.15229	1.24045	-7.02411
8	25	-6.55584	2.09422	1.17884
9	25	-1.82505	-0.959462	2.96219
0	26	-0.470497	-0.458098	3.74143
1	26	-0.308498	2.08802	2.7792
2	26	-3.03501	1.02437	0.0987912
3	26	3.94828	0.647492	0.722475
4	26	4.40219	0.750297	0.370056
5	26	2.55969	0.880182	-2.98597
6	26	0.100362	-3.68249	-8.18366
7	26	-1.40423	0.755901	-7.86181
8	26	-6.6148	1.89056	2.1561
9	26	-1.89604	-1.80065	3.49825
0	27	0.189059	-0.582768	3.00018
1	27	-0.235724	2.25624	3.76226
2	27	-3.75691	1.55046	0.548339
3	27	3.27234	0.0551958	0.28396
4	27	4.49553	0.578654	-0.610672
5	27	3.19658	1.06097	-2.23652
6	27	0.0454268	-2.68667	-8.25656
7	27	-1.94272	0.846326	-8.69957
8	27	-6.74185	1.57959	3.09799
9	27	-1.1146	-2.34603	3.80141
0	28	0.840781	-0.604846	3.75832
1	28	0.161748	2.06393	2.86503
2	28	-3.11105	0.788934	0.602516
3	28	3.369	-0.272741	1.2237
4	28	4.40076	-0.145463	-1.29381
5	28	2.72081	0.279555	-1.83276
6	28	0.0351593	-2.6938	-9.25649
7	28	-2.85069	0.671375	-9.08034
8	28	-7.43664	1.73965	3.79917
9	28	-1.40688	-2.12696	2.87051
0	29	1.07517	-0.69786	2.79064
1	29	0.108591	1.52139	3.70337
2	29	-4.08145	0.609901	0.764563
3	29	3.01888	0.42943	0.603725
4	29	4.45273	-0.0977553	-2.29131
5	29	3.30937	-0.0797073	-1.10852
6	29	-0.22951	-3.6579	-9.27804
7	29	-3.50834	0.663363	-9.83361
8	29	-7.46933	1.8483	4.79271
9	29	-0.725483	-1.6879	3.4561
0	30	1.62517	-0.635591	1.9578
1	30	-0.857173	1.73084	3.55031
2	30	-3.4128	0.209198	1.39093
3	30	2.97787	0.477667	1.60172
4	30	4.70909	-0.742796	-3.01118
5	30	3.25743	0.918579	-1.08158
6	30	-0.406762	-4.28776	-8.52183
7	30	-3.44223	0.759876	-10.8267
8	30	-8.11887	1.36078	4.20925
9	30	0.204129	-1.38236	3.66217
0	31	2.01044	-0.501031	2.87074
1	31	-0.786511	2.38447	4.30383
2	31	-4.13613	0.654073	1.91902
3	31	2.16709	-0.0485425	1.85812
4	31	4.84059	-1.73339	-3.04892
5	31	4.15638	0.628895	-1.41016
6	31	0.146487	-3.70034	-9.11246
7	31	-3.65965	1.31772	-11.6277
8	31	-8.45605	1.38513	3.26812
9	31	0.18056	-1.42393	2.66332
0	32	2.60854	0.00511128	2.24938
1	32	-1.50052	3.02825	4.57903
2	32	-4.32559	0.376528	2.86086
3	32	2.67682	-0.303767	1.03651
4	32	5.16408	-0.787282	-3.06386
5	32	3.57327	0.743886	-0.605947
6	32	0.128049	-4.00754	-10.0639
7	32	-2.70958	1.38893	-11.9315
8	32	-8.62284	2.16932	3.8658
9	32	0.162589	-1.43037	1.6635
0	33	2.5718	0.0321495	1.25042
1	33	-1.07785	2.69196	5.42061
2	33	-5.02892	0.980685	3.23547
3	33	3.39064	-0.96519	0.806341
4	33	4.69638	-0.320013	-3.81413
5	33	3.64531	0.666279	-1.60032
6	33	-0.190471	-3.63744	-9.19125
7	33	-2.14679	0.682946	-11.5016
8	33	-9.2076	2.96231	3.69485
9	33	0.559511	-2.01333	0.954542
0	34	2.56532	0.787921	1.90522
1	34	-0.920662	2.00813	6.13312
2	34	-5.30477	1.56164	4.00123
3	34	3.7469	-1.42359	1.62056
4	34	4.30058	0.00849497	-2.95656
5	34	4.04092	0.462629	-0.704768
6	34	-0.550875	-3.54232	-8.26332
7	34	-1.84883	0.67082	-10.5471
8	34	-9.42595	2.92332	4.66995
9	34	0.692482	-1.95804	1.94412
0	35	2.36586	1.76051	1.78565
1	35	-1.45658	1.41337	5.53391
2	35	-4.91208	1.52293	3.08238
3	35	3.68718	-1.32325	2.61372
4	35	4.06876	-0.541608	-2.15429
5	35	4.93316	0.677478	-0.307592
6	35	-1.31113	-2.90278	-8.37729
7	35	-1.90044	-0.131474	-11.1417
8	35	-9.08958	3.13934	3.75332
9	35	0.58862	-1.91837	2.93792
0	36	3.3635	1.79741	1.84365
1	36	-1.00206	1.90265	6.27823
2	36	-4.91392	1.57309	2.08364
3	36	3.14583	-0.820065	1.94011
4	36	3.07032	-0.577937	-2.11189
5	36	4.47049	0.180019	0.426213
6	36	-1.30989	-2.93735	-9.37669
7	36	-1.36717	-0.62776	-11.8268
8	36	-8.09058	3.17508	3.78012
9	36	1.05934	-1.41287	3.66103
0	37	3.98412	1.86735	2.62463
1	37	-0.676902	1.49162	7.12989
2	37	-5.0543	1.18177	2.99312
3	37	2.85151	-0.883609	2.8937
4	37	2.94372	-0.447293	-1.12858
5	37	4.48498	0.238249	1.42441
6	37	-1.25012	-2.91801	-10.3747
7	37	-1.22598	-0.746837	-12.8096
8	37	-8.13405	2.87442	2.82738
9	37	0.676302	-1.58094	2.75272
0	38	3.64903	1.7619	3.5609
1	38	-0.898897	1.91948	6.25373
2	38	-4.27645	1.77602	2.78863
3	38	3.43421	-1.42069	3.50362
4	38	2.91512	-0.491815	-0.129977
5	38	3.81774	0.518145	0.73416
6	38	-1.02964	-1.94774	-10.2748
7	38	-0.654777	-0.775245	-11.9893
8	38	-8.10307	2.62597	1.85923
9	38	-0.182072	-1.8444	2.31251
0	39	4.11068	2.32335	4.24767
1	39	-1.49271	2.44513	6.86289
2	39	-4.86332	1.1598	3.31385
3	39	4.06293	-2.06473	3.93942
4	39	3.61104	0.139713	0.21189
5	39	3.19268	1.25948	0.97853
6	39	-1.80889	-2.55762	-10.1305
7	39	-0.0680724	-1.58391	-11.9465
8	39	-7.27426	3.18237	1.80003
9	39	-0.702004	-1.00542	2.15194
0	40	4.30929	2.55119	3.29444
1	40	-1.65104	1.46211	6.77013
2	40	-5.04651	1.59603	4.19484
3	40	4.57488	-2.42712	3.16059
4	40	2.6511	0.19614	0.48636
5	40	3.29949	1.31763	1.97111
6	40	-2.23585	-3.31207	-10.629
7	40	-0.101738	-0.787922	-11.3421
8	40	-7.1352	2.9789	0.83088
9	40	-1.60711	-0.607714	2.00158
0	41	4.64502	1.95569	4.02428
1	41	-2.03644	1.30772	7.67987
2	41	-5.07195	1.69623	5.18948
3	41	4.79262	-2.40166	2.18492
4	41	2.64281	-0.322725	-0.368457
5	41	2.54344	1.43058	1.32642
6	41	-1.97825	-2.41833	-10.9962
7	41	0.812989	-1.18871	-11.3936
8	41	-7.63463	2.1556	1.10061
9	41	-2.25112	-0.089468	2.56432
0	42	4.18951	1.41129	3.31991
1	42	-1.77955	0.987132	8.59159
2	42	-4.18548	2.15441	5.12437
3	42	4.7132	-2.12395	1.22754
4	42	1.85001	-0.386303	0.237696
5	42	2.44337	0.590003	0.794049
6	42	-1.78649	-2.48124	-10.0168
7	42	1.30006	-0.329094	-11.2392
8	42	-8.00565	2.47711	0.22942
9	42	-2.7604	-0.483302	3.32952
0	43	4.50894	1.90838	4.12667
1	43	-1.88137	0.790686	7.61637
2	43	-3.85436	2.97102	4.6516
3	43	4.44385	-3.0192	1.58246
4	43	1.9184	-0.0476992	1.17614
5	43	2.39226	0.111061	-0.0823083
6	43	-1.77344	-1.50392	-10.2282
7	43	1.36375	-1.1273	-10.6402
8	43	-8.01822	2.54923	1.22674
9	43	-2.57546	-1.16329	2.62001
0	44	5.29321	2.24319	3.60436
1	44	-2.53052	0.331657	8.22291
2	44	-3.66593	3.17602	3.69115
3	44	3.93912	-3.87806	1.49522
4	44	2.05688	0.371159	2.07357
5	44	2.3197	-0.562557	-0.817817
6	44	-1.87069	-0.578455	-9.86206
7	44	1.3654	-1.13235	-11.6402
8	44	-8.48954	3.35606	0.870525
9	44	-2.12358	-1.6575	3.36268
0	45	4.85162	3.08541	3.91364
1	45	-2.8465	0.436077	7.27991
2	45	-4.50754	2.76994	4.04724
3	45	3.8082	-4.23391	0.569892
4	45	2.42705	-0.466309	2.47559
5	45	2.7131	-0.722377	-1.72319
6	45	-1.04089	-0.244298	-9.41509
7	45	1.55633	-0.703942	-12.5234
8	45	-8.78786	4.17466	1.36133
9	45	-2.58427	-1.43347	2.50386
0	46	4.82811	3.12085	2.91454
1	46	-3.46963	-0.289227	7.57257
2	46	-4.03228	2.54938	3.19548
3	46	3.91801	-3.55024	1.29137
4	46	1.56036	-0.567299	1.98707
5	46	2.80963	-0.956383	-0.755756
6	46	-0.25491	0.37395	-9.41655
7	46	1.35392	-0.556661	-13.4915
8	46	-9.09064	3.35482	1.84731
9	46	-1.89606	-1.48762	1.78037
0	47	5.79262	3.29666	3.11152
1	47	-3.3613	-0.340386	6.57977
2	47	-3.54624	1.67645	3.23737
3	47	3.9139	-3.58629	2.29072
4	47	0.894159	-1.30427	1.87285
5	47	2.62253	-0.997097	0.225741
6	47	-1.13964	0.755602	-9.6841
7	47	1.1775	-0.26368	-12.5518
8	47	-9.01835	4.26206	1.43296
9	47	-1.58377	-1.11762	2.65534
0	48	5.33325	3.21957	2.22663
1	48	-3.35087	-0.318897	5.58006
2	48	-3.3432	1.30535	4.1435
3	48	3.13759	-3.49457	2.91436
4	48	1.55022	-0.579704	2.08399
5	48	2.83101	-1.94384	-0.0196321
6	48	-1.83857	1.05232	-10.3348
7	48	1.51051	-0.0590022	-13.4723
8	48	-9.02231	4.20317	2.43121
9	48	-1.96825	-0.803292	3.52331
0	49	5.92249	2.44702	1.99006
1	49	-4.19557	0.207804	5.67532
2	49	-2.45148	1.1284	4.56004
3	49	2.42533	-3.61373	3.60608
4	49	1.94363	-0.350566	2.97434
5	49	2.74405	-2.051	0.9708
6	49	-1.77736	1.23699	-11.3157
7	49	1.53152	-0.564127	-14.3351
8	49	-9.32077	4.90279	1.78202
9	49	-1.32323	-1.47534	3.15956
0	50	6.38821	1.78928	1.39805
1	50	-3.36347	-0.0337106	5.17604
2	50	-1.60385	1.47653	4.15963
3	50	2.89061	-2.77975	3.30944
4	50	1.78399	0.618302	2.78511
5	50	2.00477	-1.38231	0.891295
6	50	-2.77488	1.30002	-11.2845
7	50	0.71961	-1.13049	-14.1935
8	50	-9.59718	3.97487	2.03213
9	50	-0.974234	-2.34236	3.51519
0	51	7.09817	1.49016	2.0356
1	51	-3.37232	-0.0349333	6.176
2	51	-1.01052	1.94968	3.5084
3	51	2.54139	-3.70292	3.47007
4	51	1.69498	1.12374	3.64336
5	51	2.21705	-1.62914	-0.0542272
6	51	-3.659	1.59748	-11.6449
7	51	1.57678	-0.946524	-13.7125
8	51	-9.74174	3.8409	3.01251
9	51	-0.797703	-1.74525	2.7327
0	52	7.23272	1.42183	1.04706
1	52	-3.08031	-0.478064	5.32844
2	52	-0.957518	1.128	2.94092
3	52	2.11134	-4.58458	3.2758
4	52	0.887503	0.572807	3.85418
5	52	1.40601	-1.69458	0.527087
6	52	-4.12662	1.81633	-10.7885
7	52	1.49937	-0.83691	-12.7215
8	52	-9.76778	4.10959	2.04964
9	52	-0.53996	-1.17062	1.95593
0	53	7.14165	1.7727	0.115072
1	53	-3.22526	-0.639354	4.35223
2	53	-0.892054	1.11829	1.94311
3	53	2.0749	-4.50665	4.27209
4	53	0.764292	0.371248	4.82588
5	53	1.78673	-1.68084	1.45167
6	53	-4.42728	2.23677	-9.93243
7	53	1.27047	-1.43546	-11.9538
8	53	-9.03586	4.27285	2.71118
9	53	-1.14617	-0.586804	2.49599
0	54	7.77285	1.81697	-0.659281
1	54	-2.95698	-0.386826	5.28189
2	54	-0.763056	2.10128	2.07378
3	54	1.76063	-3.99939	3.46965
4	54	0.376064	0.504655	5.73773
5	54	0.852206	-2.02638	1.53693
6	54	-4.71082	1.75449	-10.7613
7	54	1.33961	-1.88186	-11.0617
8	54	-8.2926	3.60502	2.75083
9	54	-0.625728	-0.611205	1.64244
0	55	8.09976	1.42757	-1.52039
1	55	-3.12002	-1.3679	5.17744
2	55	-1.342	1.75184	2.81047
3	55	1.5812	-3.93993	2.48767
4	55	0.0352576	1.33913	5.30473
5	55	1.25707	-1.23977	2.00311
6	55	-4.5625	1.7896	-9.77298
7	55	1.90748	-2.29647	-11.7727
8	55	-8.21637	2.61799	2.89214
9	55	-0.962574	-0.947661	2.52183
0	56	8.5492	2.00529	-2.20174
1	56	-2.1699	-1.59859	5.38732
2	56	-1.27074	1.37062	3.7322
3	56	1.14319	-4.2446	1.64191
4	56	-0.821468	1.85277	5.25782
5	56	1.32839	-0.633485	2.79516
6	56	-4.27666	1.87986	-10.727
7	56	2.54268	-3.00793	-12.0733
8	56	-8.53882	1.89398	3.50191
9	56	-1.0086	-0.947844	1.52289
0	57	9.0027	1.43337	-1.51819
1	57	-1.48422	-1.89113	6.05385
2	57	-0.513425	1.4419	4.38135
3	57	1.78712	-3.81256	2.27333
4	57	-0.454837	2.55232	5.87118
5	57	1.31684	0.170183	3.39012
6	57	-4.67669	2.59253	-10.1507
7	57	1.84014	-2.56531	-11.5161
8	57	-9.38003	1.94882	4.03985
9	57	-1.78521	-1.3059	2.04123
0	58	9.84375	1.95323	-1.6678
1	58	-0.662578	-2.13444	5.53838
2	58	-0.259056	0.903488	3.57797
3	58	1.69208	-4.03727	1.30355
4	58	-0.591497	2.50565	6.86069
5	58	0.871509	0.420705	4.24972
6	58	-4.84886	3.37403	-9.55106
7	58	2.40655	-1.77973	-11.267
8	58	-8.39517	2.05219	3.90064
9	58	-1.14668	-1.88538	1.53479
0	59	9.1576	1.2788	-1.94046
1	59	-1.07513	-1.8783	4.6642
2	59	-0.172692	1.16655	4.53888
3	59	2.56566	-4.10626	1.78531
4	59	-0.438987	1.55817	6.5796
5	59	0.430953	0.23548	3.37132
6	59	-5.01841	3.60348	-8.59262
7	59	2.97108	-1.10402	-10.793
8	59	-7.53647	1.62932	3.61114
9	59	-1.24891	-2.34432	0.652219
0	60	9.911	1.0084	-2.53984
1	60	-1.05158	-2.5705	5.38553
2	60	-0.751103	0.91335	3.76343
3	60	1.96346	-3.51104	2.31735
4	60	-0.273217	1.94921	5.67428
5	60	1.38111	0.214242	3.68237
6	60	-4.95119	3.42284	-9.57387
7	60	2.23106	-1.77279	-10.7214
8	60	-7.58198	1.65172	4.60985
9	60	-1.17146	-1.36231	0.479982
0	61	9.96642	0.131374	-2.0626
1	61	-1.27312	-2.94292	4.48429
2	61	-1.58702	0.525522	4.1518
3	61	1.62565	-3.45467	1.37782
4	61	-0.96226	2.61084	5.97002
5	61	1.33034	0.457275	2.71369
6	61	-4.57524	4.32759	-9.37365
7	61	2.35816	-1.69003	-11.7098
8	61	-6.58753	1.62931	4.7126
9	61	-1.12792	-1.39355	-0.518581
0	62	9.87266	0.0509766	-1.07025
1	62	-1.20879	-3.66598	5.17208
2	62	-0.726983	0.02009	4.22165
3	62	2.36972	-3.12291	0.797901
4	62	-0.910325	2.8662	5.00457
5	62	1.04931	0.758876	3.62476
6	62	-5.46489	4.21125	-8.93207
7	62	1.90003	-2.54887	-11.939
8	62	-6.31809	1.08645	3.91718
9	62	-1.09095	-1.39949	0.480718
0	63	9.25218	0.0654585	-0.286166
1	63	-1.66501	-4.13669	4.41691
2	63	-0.679851	-0.842173	4.72591
3	63	2.62811	-3.33697	-0.144124
4	63	0.068892	2.99676	5.15977
5	63	1.06689	0.783816	4.6243
6	63	-5.66893	5.16627	-9.14724
7	63	1.56267	-2.34851	-11.0192
8	63	-7.11494	0.850018	3.36118
9	63	-1.40062	-2.02767	1.1945
0	64	9.73749	0.0419951	-1.1602
1	64	-2.65837	-4.11519	4.52992
2	64	-0.40269	-0.84078	5.68673
3	64	1.84776	-3.36171	-0.768977
4	64	0.944141	3.0479	5.64073
5	64	0.959837	0.774691	3.63009
6	64	-4.71566	5.2732	-9.42979
7	64	0.939458	-2.4353	-10.2419
8	64	-6.64537	0.928226	2.48176
9	64	-2.37719	-2.21721	1.29637
0	65	9.89356	0.12503	-0.175945
1	65	-3.46764	-4.29783	5.08824
2	65	0.574687	-0.884819	5.47987
3	65	1.34085	-3.1982	-1.61533
4	65	1.14231	2.91835	6.6123
5	65	0.388154	1.42021	4.13652
6	65	-4.28964	4.4086	-9.69621
7	65	0.848456	-1.96424	-11.1193
8	65	-6.66788	0.633245	3.43699
9	65	-2.07719	-1.37751	1.74902
0	66	10.1341	0.00324307	0.787011
1	66	-2.486	-4.48719	5.0653
2	66	0.799034	-0.865145	4.50555
3	66	2.17044	-2.88072	-1.15599
4	66	1.67421	3.3173	5.86536
5	66	0.726194	1.8656	4.96559
6	66	-3.94807	5.28614	-10.0328
7	66	0.857109	-1.87161	-10.1237
8	66	-6.84945	1.60412	3.59329
9	66	-2.25398	-1.02329	0.830718
0	67	10.6032	0.385809	-0.00899461
1	67	-2.86465	-4.82852	5.9256
2	67	1.49993	-0.167541	4.35691
3	67	2.01272	-3.05404	-2.12814
4	67	2.19073	3.94456	6.44824
5	67	0.221474	1.18694	4.43205
6	67	-3.85008	5.43249	-9.0484
7	67	0.353631	-2.71042	-9.9165
8	67	-6.58531	2.09795	2.76481
9	67	-2.49205	-1.52673	1.6613
0	68	10.9705	-0.420167	0.455228
1	68	-2.87989	-4.90065	4.92832
2	68	0.794181	-0.795013	4.02797
3	68	1.33817	-3.11555	-1.39248
4	68	1.84383	4.15481	5.53421
5	68	-0.158797	2.11177	4.44076
6	68	-3.75529	5.81044	-8.12744
7	68	0.886156	-2.27156	-10.6402
8	68	-5.64817	2.14809	3.11015
9	68	-2.445	-1.55772	2.65971
0	69	11.8768	-0.801359	0.637851
1	69	-1.98866	-5.19871	5.27019
2	69	1.6384	-1.00819	4.51976
3	69	2.10466	-3.24865	-0.76416
4	69	2.50474	4.09081	6.28194
5	69	0.373044	2.10053	5.28753
6	69	-3.37044	5.83135	-7.2047
7	69	1.11263	-2.24202	-9.66668
8	69	-5.58441	2.16135	4.10803
9	69	-2.349	-1.53006	1.66471
0	70	12.1248	-0.722204	-0.327652
1	70	-1.95745	-5.18067	4.27084
2	70	1.7789	-0.880081	5.50152
3	70	2.33966	-2.91691	0.14947
4	70	2.73982	4.64504	7.08041
5	70	0.514769	2.85384	5.92975
6	70	-3.39649	6.72253	-6.75179
7	70	0.877722	-1.30017	-9.4264
8	70	-6.02796	3.05747	4.12332
9	70	-2.95975	-0.766728	1.45422
0	71	12.0952	-0.481671	0.642535
1	71	-1.83083	-4.18873	4.26629
2	71	1.86481	-0.662931	4.52917
3	71	2.86081	-2.19686	0.607655
4	71	3.24427	5.06524	6.32611
5	71	1.03511	3.10184	6.7469
6	71	-2.48329	6.90288	-7.11723
7	71	1.01097	-1.30748	-8.43534
8	71	-5.07937	2.75931	4.22952
9	71	-2.67088	-0.94556	0.513708
0	72	11.9613	-0.752269	-0.310802
1	72	-2.31599	-4.13348	5.13897
2	72	1.64104	0.281335	4.77059
3	72	3.56424	-1.73724	0.0655034
4	72	3.38799	4.95689	5.34244
5	72	0.859677	2.53448	7.55146
6	72	-3.47527	6.85704	-6.99939
7	72	0.718276	-0.599961	-9.07858
8	72	-5.03853	2.79647	3.23104
9	72	-2.06084	-1.26813	1.23746
0	73	11.6428	-1.16892	-1.16226
1	73	-2.30356	-3.67186	4.25198
2	73	1.86467	-0.0463936	3.85267
3	73	3.25415	-1.62534	-0.878593
4	73	3.63874	5.02883	4.37707
5	73	0.74189	2.38448	6.56982
6	73	-3.47049	6.97652	-7.99221
7	73	0.74471	-0.639808	-10.0774
8	73	-5.06117	2.80498	4.23075
9	73	-1.96816	-1.24284	2.23283
0	74	11.6122	-0.614372	-0.33067
1	74	-2.43813	-3.74268	3.26361
2	74	2.48206	-0.522552	3.22648
3	74	3.47928	-0.65317	-0.8138
4	74	2.96064	4.89009	5.09882
5	74	0.755448	2.36593	7.56955
6	74	-3.14903	7.55096	-8.745
7	74	-0.245917	-0.559599	-10.188
8	74	-4.7853	2.04594	4.82046
9	74	-1.82761	-1.10436	3.21317
0	75	11.7391	-0.476111	0.651567
1	75	-2.83942	-4.64255	3.09275
2	75	2.4969	-0.369247	4.21455
3	75	3.70169	-1.61843	-0.950942
4	75	2.89786	4.99262	6.09156
5	75	1.51722	1.72637	7.46628
6	75	-3.2293	7.5826	-7.74873
7	75	0.750308	-0.611933	-10.2573
8	75	-4.83564	2.03198	5.81909
9	75	-0.999107	-0.545485	3.17798
0	76	11.7097	-0.447917	1.65074
1	76	-3.69363	-4.97563	2.69353
2	76	2.45324	-1.07161	4.92503
3	76	4.06051	-1.81257	-1.86394
4	76	3.69834	5.58986	6.14183
5	76	1.45259	2.0339	8.41563
6	76	-3.98105	7.75601	-8.38497
7	76	0.215192	-1.30061	-9.76802
8	76	-4.77107	1.90685	4.82906
9	76	-0.026017	-0.504093	2.9513
0	77	12.1634	-0.512194	2.53958
1	77	-3.27643	-4.55315	1.88889
2	77	2.30292	-0.0987106	5.10074
3	77	3.81394	-1.68261	-0.903563
4	77	3.03348	5.27087	5.46639
5	77	1.27558	1.11858	8.77739
6	77	-3.92108	7.69051	-7.38892
7	77	1.06422	-1.21284	-10.289
8	77	-4.33984	2.63387	5.36336
9	77	-0.0663906	-0.407811	1.95677
0	78	12.2097	-1.03542	1.68864
1	78	-3.33974	-4.40103	2.87522
2	78	2.80146	-0.689895	5.73474
3	78	2.96926	-1.14828	-0.935397
4	78	3.74072	5.08436	4.78447
5	78	1.17402	1.11367	7.78257
6	78	-3.37869	7.89127	-6.57313
7	78	0.296459	-1.80957	-10.0557
8	78	-3.83694	3.36282	4.8989
9	78	-0.172259	-0.75282	1.02416
0	79	12.2233	-1.04638	0.688793
1	79	-4.16421	-4.88746	2.58599
2	79	2.70239	-0.130438	6.55766
3	79	3.56883	-1.25894	-1.72803
4	79	3.25663	4.27728	5.1225
5	79	1.15286	1.14024	6.78315
6	79	-2.4641	8.18928	-6.84649
7	79	0.272749	-2.36353	-9.22345
8	79	-4.41037	3.60563	4.11646
9	79	0.47102	-0.0737073	1.37771
0	80	12.0482	-2.01647	0.856974
1	80	-4.68198	-4.12581	2.19637
2	80	3.25709	-0.241827	5.7331
3	80	3.54189	-1.27649	-2.72752
4	80	3.36718	4.77678	5.98173
5	80	1.62606	0.381718	7.23117
6	80	-3.43073	8.42321	-6.95095
7	80	0.943724	-1.96302	-9.84746
8	80	-4.49221	3.29431	3.16969
9	80	0.352508	0.133993	2.34869
0	81	12.0575	-1.06392	0.552719
1	81	-4.00908	-4.05062	2.93228
2	81	3.34512	-0.613946	4.8091
3	81	2.60449	-1.6222	-2.76975
4	81	3.15753	5.18511	6.87016
5	81	2.13323	0.725244	6.44074
6	81	-2.79057	7.68798	-6.72817
7	81	0.804202	-2.11787	-8.86942
8	81	-5.1463	3.75377	2.56881
9	81	0.768456	0.911293	2.8207
0	82	11.4036	-0.848626	-0.172604
1	82	-4.15942	-4.35321	3.87348
2	82	4.16197	-1.17778	4.93099
3	82	2.98205	-1.21463	-3.60122
4	82	2.84767	5.56785	7.7405
5	82	1.27524	0.213825	6.39271
6	82	-2.63427	7.31254	-7.64175
7	82	1.41709	-1.96043	-8.09509
8	82	-5.25193	4.72431	2.35224
9	82	0.522597	0.919811	1.85143
0	83	12.1639	-1.49807	-0.159439
1	83	-3.5625	-5.15549	3.87778
2	83	4.56558	-2.0927	4.92643
3	83	3.17214	-2.19631	-3.61464
4	83	2.81476	4.56864	7.71822
5	83	1.02106	-0.752832	6.36157
6	83	-3.09685	6.42687	-7.68174
7	83	0.769435	-2.7208	-8.14394
8	83	-6.05205	4.12724	2.29455
9	83	-0.389731	0.515793	1.78489
0	84	12.7035	-0.773407	0.269181
1	84	-3.35504	-6.02169	3.42318
2	84	4.4017	-2.01138	3.94331
3	84	3.78316	-1.92747	-2.87007
4	84	2.53802	3.61062	7.64329
5	84	0.713969	-0.298023	5.52561
6	84	-2.77073	6.39356	-6.737
7	84	0.0905909	-3.38342	-7.82755
8	84	-6.11634	4.95403	1.73572
9	84	-0.338473	0.479348	0.786874
0	85	12.5835	-0.181742	-0.528021
1	85	-3.42817	-6.05785	2.42651
2	85	4.70841	-2.36225	4.82808
3	85	4.26854	-1.2078	-2.37361
4	85	1.59441	3.93833	7.59635
5	85	0.652573	-1.11339	4.94993
6	85	-2.39615	6.46325	-7.66157
7	85	0.0157044	-3.2256	-6.84293
8	85	-6.63229	4.51755	2.4728
9	85	0.453403	-0.0735653	1.04614
0	86	12.0654	-0.406093	-1.35342
1	86	-3.85299	-5.22695	2.78585
2	86	4.82429	-2.29334	3.83721
3	86	4.83094	-2.02896	-2.47055
4	86	1.33973	3.73885	8.54258
5	86	0.0891963	-0.481837	4.41725
6	86	-1.89534	6.97107	-6.96064
7	86	0.406924	-3.56494	-7.69838
8	86	-7.20867	3.76023	2.7798
9	86	0.387086	-0.0294868	0.0493146
0	87	11.4134	-0.890258	-1.93689
1	87	-3.93024	-5.42065	1.80784
2	87	4.911	-2.78931	4.70121
3	87	5.46387	-2.74239	-2.16984
4	87	2.20917	3.47699	8.12364
5	87	0.466234	-0.381518	3.49651
6	87	-1.66804	7.2111	-6.01686
7	87	0.586445	-2.70404	-7.22233
8	87	-7.53888	4.67332	2.54059
9	87	-0.0495733	0.317317	-0.780779
0	88	10.9751	-1.46604	-2.62712
1	88	-3.71244	-4.44545	1.84721
2	88	5.05078	-3.44153	5.44624
3	88	5.4214	-2.68558	-3.16732
4	88	2.88191	3.11124	7.48048
5	88	-0.526269	-0.314793	3.59891
6	88	-1.08986	7.43119	-5.23119
7	88	0.492722	-2.7995	-8.21334
8	88	-7.26641	5.43062	1.94707
9	88	0.0346288	-0.665372	-0.61576
0	89	10.975	-1.46621	-1.62712
1	89	-3.99361	-4.84981	2.71752
2	89	4.5473	-4.13524	5.96128
3	89	4.81798	-3.48258	-3.14105
4	89	2.33475	2.41814	7.01119
5	89	-0.867814	-0.7299	2.75568
6	89	-1.12419	7.39115	-6.2298
7	89	0.195825	-3.13198	-7.31818
8	89	-7.83077	4.82379	2.50677
9	89	-0.658873	-1.38146	-0.536592
0	90	10.5407	-2.14069	-1.03013
1	90	-4.78264	-5.04003	3.30169
2	90	3.83725	-3.72348	6.53249
3	90	4.58613	-2.68586	-2.58294
4	90	2.72114	3.16233	7.55605
5	90	-0.0663998	-0.455555	3.28716
6	90	-0.347466	7.0328	-5.71184
7	90	0.513275	-3.93503	-6.81386
8	90	-8.15855	4.01637	2.99731
9	90	-1.46046	-1.7424	-0.0599506
0	91	9.91195	-2.81882	-1.41076
1	91	-4.18248	-4.242	3.24734
2	91	3.34171	-4.54638	6.81048
3	91	4.93278	-1.94808	-2.0037
4	91	2.53015	2.61625	8.37172
5	91	-0.00222566	-0.185936	4.24798
6	91	-0.354674	6.97804	-6.71031
7	91	0.523991	-3.55375	-7.73826
8	91	-8.10893	3.35327	2.25043
9	91	-1.61477	-0.882054	-0.545747
0	92	10.0394	-3.13398	-0.470322
1	92	-3.19602	-4.38872	3.17405
2	92	3.4667	-4.39172	5.83045
3	92	4.62006	-1.11495	-1.54752
4	92	1.86068	2.73321	7.63814
5	92	-0.340961	-0.584045	5.10049
6	92	-0.0395123	6.06911	-6.9833
7	92	0.526907	-3.55433	-6.73826
8	92	-7.4661	4.07114	2.51769
9	92	-1.77192	-0.38885	-1.40135
0	93	10.9409	-3.4599	-0.185403
1	93	-3.09043	-4.18485	4.14733
2	93	2.86774	-3.97411	5.14719
3	93	3.9756	-1.82097	-1.25391
4	93	2.00288	2.56437	8.61347
5	93	0.279364	-0.187317	4.42388
6	93	-0.443817	6.93234	-6.68104
7	93	0.324932	-3.61837	-5.76097
8	93	-7.33606	3.34017	1.84779
9	93	-0.822445	-0.346007	-1.09044
0	94	11.4663	-4.03904	-0.808724
1	94	-3.40694	-4.31756	3.20807
2	94	2.85654	-3.77854	6.12781
3	94	4.62643	-2.00993	-0.518581
4	94	1.44241	1.78321	8.88855
5	94	-0.271849	0.603647	4.15828
6	94	0.216498	7.11427	-7.40966
7	94	0.310361	-3.82338	-6.73962
8	94	-7.64222	3.47351	2.79039
9	94	-0.293331	0.221345	-0.459454
0	95	11.5984	-3.70938	-1.74354
1	95	-2.55068	-4.72862	3.52089
2	95	2.72383	-4.01353	5.16492
3	95	3.81201	-1.47564	-0.292195
4	95	1.5524	1.92877	7.90533
5	95	0.476887	-0.0446691	4.29642
6	95	0.1507	7.04778	-8.40527
7	95	-0.351329	-3.07519	-6.69085
8	95	-7.63914	3.47589	1.79039
9	95	0.263467	-0.608291	-0.500448
0	96	11.597	-3.61352	-2.73894
1	96	-1.91058	-4.29488	2.88674
2	96	3.64252	-4.39545	5.26571
3	96	3.92936	-2.09494	0.484143
4	96	1.4764	1.85529	6.91093
5	96	-0.283598	0.126194	3.66994
6	96	-0.199647	7.97784	-8.29465
7	96	0.0151203	-2.57184	-5.90832
8	96	-7.52374	3.47034	0.79709
9	96	0.662804	-1.28482	-1.11919
0	97	12.1387	-4.28627	-2.23498
1	97	-0.941318	-4.29234	2.64073
2	97	3.96579	-3.98964	4.41084
3	97	3.87871	-1.87141	1.45752
4	97	0.715744	2.22504	7.4445
5	97	-1.16645	-0.292733	3.45764
6	97	-0.325801	7.44443	-9.13104
7	97	0.135398	-2.72577	-4.92759
8	97	-6.69702	3.46041	1.35962
9	97	1.28709	-0.524253	-1.29753
0	98	12.7022	-4.46804	-3.04083
1	98	-0.0415728	-3.91089	2.85276
2	98	4.05618	-3.80573	5.38962
3	98	3.6734	-1.08772	0.871282
4	98	0.0020557	2.71493	7.94515
5	98	-1.26994	-0.304316	2.46308
6	98	-0.971184	6.74652	-9.44153
7	98	0.113056	-3.39653	-4.18625
8	98	-6.44357	3.1468	0.444516
9	98	2.27127	-0.701366	-1.30252
0	99	13.2514	-3.71514	-3.40353
1	99	0.704815	-3.28474	3.07821
2	99	4.66492	-3.50757	6.12483
3	99	3.81584	-1.05693	1.86061
4	99	0.438908	2.70195	7.04571
5	99	-0.434049	-0.537696	1.96627
6	99	-0.103502	6.25565	-9.36296
7	99	0.679325	-3.93196	-3.55963
8	99	-6.28647	2.90214	1.40131
9	99	2.36763	-0.984318	-2.2568
