ch_index	index	x	y
0	0	0.717473	0.696586
0	23	0.34881	0.937194
0	2	-0.127518	-0.991836
0	3	-0.488159	0.872755
0	4	-0.98968	0.143298
0	5	-0.899859	-0.436181
0	31	-0.861008	-0.508592
0	7	0.857503	0.514478
0	8	-0.556778	-0.830661
0	9	0.828785	-0.559567
0	10	-0.69137	0.722501
0	11	0.517489	-0.85569
0	12	0.162934	-0.986637
0	13	0.991194	0.132421
0	14	0.490951	0.871187
0	15	-0.898197	-0.439593
0	16	-0.182645	0.983179
0	25	0.0379884	-0.999278
0	18	0.994097	0.108496
0	19	-0.866511	-0.499159
0	20	0.918643	0.395088
0	21	0.029236	-0.999573
0	22	0.105631	0.994405
0	1	0.482205	0.876058
0	24	-0.999094	0.0425475
0	17	-0.958776	-0.284163
0	26	-0.991421	0.130705
0	27	-0.99935	0.0360596
0	28	-0.0495759	0.99877
0	29	0.067379	0.997727
0	30	-0.98434	0.176281
0	6	-0.278816	-0.960344
0	32	-0.742544	-0.669797
0	33	-0.874885	-0.48433
0	0	0.717473	0.696586
1	0	0.717473	0.696586
1	27	-0.99935	0.0360596
1	5	-0.899859	-0.436181
1	3	-0.488159	0.872755
1	24	-0.999094	0.0425475
1	15	-0.898197	-0.439593
1	6	-0.278816	-0.960344
1	7	0.857503	0.514478
1	26	-0.991421	0.130705
1	10	-0.69137	0.722501
1	9	0.828785	-0.559567
1	11	0.517489	-0.85569
1	12	0.162934	-0.986637
1	13	0.991194	0.132421
1	22	0.105631	0.994405
1	2	-0.127518	-0.991836
1	16	-0.182645	0.983179
1	17	-0.958776	-0.284163
1	18	0.994097	0.108496
1	19	-0.866511	-0.499159
1	28	-0.0495759	0.99877
1	21	0.029236	-0.999573
1	8	-0.556778	-0.830661
1	23	0.34881	0.937194
1	4	-0.98968	0.143298
1	25	0.0379884	-0.999278
1	33	-0.874885	-0.48433
1	1	0.482205	0.876058
1	20	0.918643	0.395088
1	29	0.067379	0.997727
1	30	-0.98434	0.176281
1	32	-0.742544	-0.669797
1	31	-0.861008	-0.508592
1	14	0.490951	0.871187
1	0	0.717473	0.696586
2	0	0.717473	0.696586
2	25	0.0379884	-0.999278
2	2	-0.127518	-0.991836
2	14	0.490951	0.871187
2	8	-0.556778	-0.830661
2	1	0.482205	0.876058
2	23	0.34881	0.937194
2	22	0.105631	0.994405
2	30	-0.98434	0.176281
2	19	-0.866511	-0.499159
2	4	-0.98968	0.143298
2	33	-0.874885	-0.48433
2	15	-0.898197	-0.439593
2	13	0.991194	0.132421
2	3	-0.488159	0.872755
2	12	0.162934	-0.986637
2	10	-0.69137	0.722501
2	17	-0.958776	-0.284163
2	20	0.918643	0.395088
2	9	0.828785	-0.559567
2	18	0.994097	0.108496
2	21	0.029236	-0.999573
2	7	0.857503	0.514478
2	6	-0.278816	-0.960344
2	29	0.067379	0.997727
2	28	-0.0495759	0.99877
2	26	-0.991421	0.130705
2	27	-0.99935	0.0360596
2	16	-0.182645	0.983179
2	24	-0.999094	0.0425475
2	32	-0.742544	-0.669797
2	5	-0.899859	-0.436181
2	31	-0.861008	-0.508592
2	11	0.517489	-0.85569
2	0	0.717473	0.696586
3	0	0.717473	0.696586
3	26	-0.991421	0.130705
3	20	0.918643	0.395088
3	19	-0.866511	-0.499159
3	4	-0.98968	0.143298
3	25	0.0379884	-0.999278
3	6	-0.278816	-0.960344
3	7	0.857503	0.514478
3	17	-0.958776	-0.284163
3	28	-0.0495759	0.99877
3	10	-0.69137	0.722501
3	11	0.517489	-0.85569
3	1	0.482205	0.876058
3	13	0.991194	0.132421
3	14	0.490951	0.871187
3	15	-0.898197	-0.439593
3	16	-0.182645	0.983179
3	8	-0.556778	-0.830661
3	18	0.994097	0.108496
3	3	-0.488159	0.872755
3	21	0.029236	-0.999573
3	2	-0.127518	-0.991836
3	22	0.105631	0.994405
3	23	0.34881	0.937194
3	32	-0.742544	-0.669797
3	5	-0.899859	-0.436181
3	12	0.162934	-0.986637
3	27	-0.99935	0.0360596
3	29	0.067379	0.997727
3	9	0.828785	-0.559567
3	30	-0.98434	0.176281
3	31	-0.861008	-0.508592
3	24	-0.999094	0.0425475
3	33	-0.874885	-0.48433
3	0	0.717473	0.696586
4	0	0.717473	0.696586
4	7	0.857503	0.514478
4	30	-0.98434	0.176281
4	33	-0.874885	-0.48433
4	13	0.991194	0.132421
4	15	-0.898197	-0.439593
4	6	-0.278816	-0.960344
4	22	0.105631	0.994405
4	8	-0.556778	-0.830661
4	23	0.34881	0.937194
4	5	-0.899859	-0.436181
4	11	0.517489	-0.85569
4	31	-0.861008	-0.508592
4	1	0.482205	0.876058
4	10	-0.69137	0.722501
4	17	-0.958776	-0.284163
4	16	-0.182645	0.983179
4	9	0.828785	-0.559567
4	18	0.994097	0.108496
4	20	0.918643	0.395088
4	25	0.0379884	-0.999278
4	12	0.162934	-0.986637
4	21	0.029236	-0.999573
4	28	-0.0495759	0.99877
4	32	-0.742544	-0.669797
4	24	-0.999094	0.0425475
4	3	-0.488159	0.872755
4	14	0.490951	0.871187
4	2	-0.127518	-0.991836
4	29	0.067379	0.997727
4	4	-0.98968	0.143298
4	27	-0.99935	0.0360596
4	19	-0.866511	-0.499159
4	26	-0.991421	0.130705
4	0	0.717473	0.696586
5	0	0.717473	0.696586
5	25	0.0379884	-0.999278
5	7	0.857503	0.514478
5	14	0.490951	0.871187
5	3	-0.488159	0.872755
5	31	-0.861008	-0.508592
5	8	-0.556778	-0.830661
5	1	0.482205	0.876058
5	22	0.105631	0.994405
5	32	-0.742544	-0.669797
5	13	0.991194	0.132421
5	15	-0.898197	-0.439593
5	29	0.067379	0.997727
5	27	-0.99935	0.0360596
5	28	-0.0495759	0.99877
5	2	-0.127518	-0.991836
5	12	0.162934	-0.986637
5	16	-0.182645	0.983179
5	20	0.918643	0.395088
5	17	-0.958776	-0.284163
5	18	0.994097	0.108496
5	5	-0.899859	-0.436181
5	21	0.029236	-0.999573
5	23	0.34881	0.937194
5	24	-0.999094	0.0425475
5	4	-0.98968	0.143298
5	26	-0.991421	0.130705
5	9	0.828785	-0.559567
5	30	-0.98434	0.176281
5	11	0.517489	-0.85569
5	19	-0.866511	-0.499159
5	6	-0.278816	-0.960344
5	10	-0.69137	0.722501
5	33	-0.874885	-0.48433
5	0	0.717473	0.696586
6	0	0.717473	0.696586
6	19	-0.866511	-0.499159
6	2	-0.127518	-0.991836
6	7	0.857503	0.514478
6	25	0.0379884	-0.999278
6	17	-0.958776	-0.284163
6	18	0.994097	0.108496
6	20	0.918643	0.395088
6	27	-0.99935	0.0360596
6	5	-0.899859	-0.436181
6	12	0.162934	-0.986637
6	9	0.828785	-0.559567
6	15	-0.898197	-0.439593
6	6	-0.278816	-0.960344
6	4	-0.98968	0.143298
6	24	-0.999094	0.0425475
6	16	-0.182645	0.983179
6	22	0.105631	0.994405
6	14	0.490951	0.871187
6	8	-0.556778	-0.830661
6	32	-0.742544	-0.669797
6	10	-0.69137	0.722501
6	21	0.029236	-0.999573
6	33	-0.874885	-0.48433
6	13	0.991194	0.132421
6	30	-0.98434	0.176281
6	3	-0.488159	0.872755
6	31	-0.861008	-0.508592
6	28	-0.0495759	0.99877
6	29	0.067379	0.997727
6	11	0.517489	-0.85569
6	1	0.482205	0.876058
6	23	0.34881	0.937194
6	26	-0.991421	0.130705
6	0	0.717473	0.696586
7	0	0.717473	0.696586
7	1	0.482205	0.876058
7	2	-0.127518	-0.991836
7	3	-0.488159	0.872755
7	4	-0.98968	0.143298
7	24	-0.999094	0.0425475
7	21	0.029236	-0.999573
7	7	0.857503	0.514478
7	8	-0.556778	-0.830661
7	9	0.828785	-0.559567
7	10	-0.69137	0.722501
7	29	0.067379	0.997727
7	12	0.162934	-0.986637
7	13	0.991194	0.132421
7	14	0.490951	0.871187
7	15	-0.898197	-0.439593
7	23	0.34881	0.937194
7	17	-0.958776	-0.284163
7	18	0.994097	0.108496
7	19	-0.866511	-0.499159
7	20	0.918643	0.395088
7	6	-0.278816	-0.960344
7	22	0.105631	0.994405
7	16	-0.182645	0.983179
7	30	-0.98434	0.176281
7	25	0.0379884	-0.999278
7	26	-0.991421	0.130705
7	27	-0.99935	0.0360596
7	28	-0.0495759	0.99877
7	31	-0.861008	-0.508592
7	5	-0.899859	-0.436181
7	11	0.517489	-0.85569
7	32	-0.742544	-0.669797
7	33	-0.874885	-0.48433
7	0	0.717473	0.696586
8	0	0.717473	0.696586
8	1	0.482205	0.876058
8	29	0.067379	0.997727
8	31	-0.861008	-0.508592
8	20	0.918643	0.395088
8	22	0.105631	0.994405
8	32	-0.742544	-0.669797
8	7	0.857503	0.514478
8	9	0.828785	-0.559567
8	8	-0.556778	-0.830661
8	6	-0.278816	-0.960344
8	5	-0.899859	-0.436181
8	12	0.162934	-0.986637
8	13	0.991194	0.132421
8	14	0.490951	0.871187
8	2	-0.127518	-0.991836
8	16	-0.182645	0.983179
8	17	-0.958776	-0.284163
8	18	0.994097	0.108496
8	19	-0.866511	-0.499159
8	28	-0.0495759	0.99877
8	21	0.029236	-0.999573
8	27	-0.99935	0.0360596
8	23	0.34881	0.937194
8	24	-0.999094	0.0425475
8	25	0.0379884	-0.999278
8	26	-0.991421	0.130705
8	11	0.517489	-0.85569
8	4	-0.98968	0.143298
8	10	-0.69137	0.722501
8	30	-0.98434	0.176281
8	3	-0.488159	0.872755
8	15	-0.898197	-0.439593
8	33	-0.874885	-0.48433
8	0	0.717473	0.696586
9	0	0.717473	0.696586
9	11	0.517489	-0.85569
9	2	-0.127518	-0.991836
9	21	0.029236	-0.999573
9	30	-0.98434	0.176281
9	5	-0.899859	-0.436181
9	6	-0.278816	-0.960344
9	15	-0.898197	-0.439593
9	18	0.994097	0.108496
9	9	0.828785	-0.559567
9	20	0.918643	0.395088
9	23	0.34881	0.937194
9	22	0.105631	0.994405
9	12	0.162934	-0.986637
9	33	-0.874885	-0.48433
9	3	-0.488159	0.872755
9	28	-0.0495759	0.99877
9	17	-0.958776	-0.284163
9	32	-0.742544	-0.669797
9	16	-0.182645	0.983179
9	10	-0.69137	0.722501
9	13	0.991194	0.132421
9	4	-0.98968	0.143298
9	1	0.482205	0.876058
9	14	0.490951	0.871187
9	25	0.0379884	-0.999278
9	24	-0.999094	0.0425475
9	27	-0.99935	0.0360596
9	31	-0.861008	-0.508592
9	29	0.067379	0.997727
9	7	0.857503	0.514478
9	8	-0.556778	-0.830661
9	26	-0.991421	0.130705
9	19	-0.866511	-0.499159
9	0	0.717473	0.696586
10	0	0.717473	0.696586
10	1	0.482205	0.876058
10	2	-0.127518	-0.991836
10	31	-0.861008	-0.508592
10	26	-0.991421	0.130705
10	21	0.029236	-0.999573
10	29	0.067379	0.997727
10	10	-0.69137	0.722501
10	8	-0.556778	-0.830661
10	19	-0.866511	-0.499159
10	13	0.991194	0.132421
10	17	-0.958776	-0.284163
10	30	-0.98434	0.176281
10	6	-0.278816	-0.960344
10	28	-0.0495759	0.99877
10	15	-0.898197	-0.439593
10	23	0.34881	0.937194
10	22	0.105631	0.994405
10	18	0.994097	0.108496
10	9	0.828785	-0.559567
10	20	0.918643	0.395088
10	7	0.857503	0.514478
10	12	0.162934	-0.986637
10	14	0.490951	0.871187
10	3	-0.488159	0.872755
10	16	-0.182645	0.983179
10	25	0.0379884	-0.999278
10	27	-0.99935	0.0360596
10	32	-0.742544	-0.669797
10	4	-0.98968	0.143298
10	5	-0.899859	-0.436181
10	24	-0.999094	0.0425475
10	33	-0.874885	-0.48433
10	11	0.517489	-0.85569
10	0	0.717473	0.696586
11	0	0.717473	0.696586
11	1	0.482205	0.876058
11	2	-0.127518	-0.991836
11	3	-0.488159	0.872755
11	17	-0.958776	-0.284163
11	5	-0.899859	-0.436181
11	9	0.828785	-0.559567
11	7	0.857503	0.514478
11	8	-0.556778	-0.830661
11	22	0.105631	0.994405
11	10	-0.69137	0.722501
11	13	0.991194	0.132421
11	21	0.029236	-0.999573
11	28	-0.0495759	0.99877
11	4	-0.98968	0.143298
11	15	-0.898197	-0.439593
11	16	-0.182645	0.983179
11	19	-0.866511	-0.499159
11	24	-0.999094	0.0425475
11	14	0.490951	0.871187
11	30	-0.98434	0.176281
11	26	-0.991421	0.130705
11	6	-0.278816	-0.960344
11	31	-0.861008	-0.508592
11	11	0.517489	-0.85569
11	18	0.994097	0.108496
11	12	0.162934	-0.986637
11	20	0.918643	0.395088
11	25	0.0379884	-0.999278
11	29	0.067379	0.997727
11	27	-0.99935	0.0360596
11	23	0.34881	0.937194
11	32	-0.742544	-0.669797
11	33	-0.874885	-0.48433
11	0	0.717473	0.696586
12	0	0.717473	0.696586
12	31	-0.861008	-0.508592
12	4	-0.98968	0.143298
12	17	-0.958776	-0.284163
12	28	-0.0495759	0.99877
12	20	0.918643	0.395088
12	1	0.482205	0.876058
12	7	0.857503	0.514478
12	25	0.0379884	-0.999278
12	9	0.828785	-0.559567
12	10	-0.69137	0.722501
12	11	0.517489	-0.85569
12	8	-0.556778	-0.830661
12	13	0.991194	0.132421
12	33	-0.874885	-0.48433
12	3	-0.488159	0.872755
12	23	0.34881	0.937194
12	6	-0.278816	-0.960344
12	15	-0.898197	-0.439593
12	30	-0.98434	0.176281
12	26	-0.991421	0.130705
12	5	-0.899859	-0.436181
12	21	0.029236	-0.999573
12	16	-0.182645	0.983179
12	24	-0.999094	0.0425475
12	22	0.105631	0.994405
12	19	-0.866511	-0.499159
12	2	-0.127518	-0.991836
12	32	-0.742544	-0.669797
12	29	0.067379	0.997727
12	12	0.162934	-0.986637
12	18	0.994097	0.108496
12	27	-0.99935	0.0360596
12	14	0.490951	0.871187
12	0	0.717473	0.696586
13	0	0.717473	0.696586
13	1	0.482205	0.876058
13	2	-0.127518	-0.991836
13	3	-0.488159	0.872755
13	4	-0.98968	0.143298
13	17	-0.958776	-0.284163
13	6	-0.278816	-0.960344
13	7	0.857503	0.514478
13	8	-0.556778	-0.830661
13	9	0.828785	-0.559567
13	27	-0.99935	0.0360596
13	11	0.517489	-0.85569
13	12	0.162934	-0.986637
13	24	-0.999094	0.0425475
13	14	0.490951	0.871187
13	15	-0.898197	-0.439593
13	16	-0.182645	0.983179
13	5	-0.899859	-0.436181
13	19	-0.866511	-0.499159
13	18	0.994097	0.108496
13	20	0.918643	0.395088
13	21	0.029236	-0.999573
13	22	0.105631	0.994405
13	23	0.34881	0.937194
13	13	0.991194	0.132421
13	25	0.0379884	-0.999278
13	26	-0.991421	0.130705
13	10	-0.69137	0.722501
13	28	-0.0495759	0.99877
13	29	0.067379	0.997727
13	30	-0.98434	0.176281
13	31	-0.861008	-0.508592
13	32	-0.742544	-0.669797
13	33	-0.874885	-0.48433
13	0	0.717473	0.696586
14	0	0.717473	0.696586
14	6	-0.278816	-0.960344
14	17	-0.958776	-0.284163
14	3	-0.488159	0.872755
14	9	0.828785	-0.559567
14	5	-0.899859	-0.436181
14	27	-0.99935	0.0360596
14	7	0.857503	0.514478
14	33	-0.874885	-0.48433
14	31	-0.861008	-0.508592
14	23	0.34881	0.937194
14	19	-0.866511	-0.499159
14	14	0.490951	0.871187
14	24	-0.999094	0.0425475
14	12	0.162934	-0.986637
14	25	0.0379884	-0.999278
14	16	-0.182645	0.983179
14	15	-0.898197	-0.439593
14	18	0.994097	0.108496
14	1	0.482205	0.876058
14	20	0.918643	0.395088
14	28	-0.0495759	0.99877
14	8	-0.556778	-0.830661
14	10	-0.69137	0.722501
14	13	0.991194	0.132421
14	2	-0.127518	-0.991836
14	26	-0.991421	0.130705
14	11	0.517489	-0.85569
14	21	0.029236	-0.999573
14	29	0.067379	0.997727
14	30	-0.98434	0.176281
14	4	-0.98968	0.143298
14	32	-0.742544	-0.669797
14	22	0.105631	0.994405
14	0	0.717473	0.696586
15	0	0.717473	0.696586
15	29	0.067379	0.997727
15	19	-0.866511	-0.499159
15	12	0.162934	-0.986637
15	4	-0.98968	0.143298
15	26	-0.991421	0.130705
15	1	0.482205	0.876058
15	7	0.857503	0.514478
15	33	-0.874885	-0.48433
15	9	0.828785	-0.559567
15	3	-0.488159	0.872755
15	28	-0.0495759	0.99877
15	14	0.490951	0.871187
15	27	-0.99935	0.0360596
15	23	0.34881	0.937194
15	13	0.991194	0.132421
15	16	-0.182645	0.983179
15	17	-0.958776	-0.284163
15	18	0.994097	0.108496
15	22	0.105631	0.994405
15	24	-0.999094	0.0425475
15	31	-0.861008	-0.508592
15	32	-0.742544	-0.669797
15	21	0.029236	-0.999573
15	2	-0.127518	-0.991836
15	11	0.517489	-0.85569
15	25	0.0379884	-0.999278
15	20	0.918643	0.395088
15	6	-0.278816	-0.960344
15	15	-0.898197	-0.439593
15	10	-0.69137	0.722501
15	30	-0.98434	0.176281
15	5	-0.899859	-0.436181
15	8	-0.556778	-0.830661
15	0	0.717473	0.696586
16	0	0.717473	0.696586
16	2	-0.127518	-0.991836
16	1	0.482205	0.876058
16	23	0.34881	0.937194
16	6	-0.278816	-0.960344
16	4	-0.98968	0.143298
16	14	0.490951	0.871187
16	17	-0.958776	-0.284163
16	26	-0.991421	0.130705
16	9	0.828785	-0.559567
16	11	0.517489	-0.85569
16	12	0.162934	-0.986637
16	10	-0.69137	0.722501
16	13	0.991194	0.132421
16	5	-0.899859	-0.436181
16	15	-0.898197	-0.439593
16	29	0.067379	0.997727
16	7	0.857503	0.514478
16	18	0.994097	0.108496
16	21	0.029236	-0.999573
16	20	0.918643	0.395088
16	19	-0.866511	-0.499159
16	22	0.105631	0.994405
16	30	-0.98434	0.176281
16	24	-0.999094	0.0425475
16	25	0.0379884	-0.999278
16	8	-0.556778	-0.830661
16	27	-0.99935	0.0360596
16	31	-0.861008	-0.508592
16	16	-0.182645	0.983179
16	3	-0.488159	0.872755
16	28	-0.0495759	0.99877
16	32	-0.742544	-0.669797
16	33	-0.874885	-0.48433
16	0	0.717473	0.696586
17	0	0.717473	0.696586
17	1	0.482205	0.876058
17	2	-0.127518	-0.991836
17	3	-0.488159	0.872755
17	4	-0.98968	0.143298
17	5	-0.899859	-0.436181
17	6	-0.278816	-0.960344
17	7	0.857503	0.514478
17	8	-0.556778	-0.830661
17	9	0.828785	-0.559567
17	10	-0.69137	0.722501
17	18	0.994097	0.108496
17	12	0.162934	-0.986637
17	13	0.991194	0.132421
17	14	0.490951	0.871187
17	15	-0.898197	-0.439593
17	16	-0.182645	0.983179
17	17	-0.958776	-0.284163
17	11	0.517489	-0.85569
17	31	-0.861008	-0.508592
17	20	0.918643	0.395088
17	21	0.029236	-0.999573
17	22	0.105631	0.994405
17	23	0.34881	0.937194
17	24	-0.999094	0.0425475
17	25	0.0379884	-0.999278
17	26	-0.991421	0.130705
17	19	-0.866511	-0.499159
17	28	-0.0495759	0.99877
17	29	0.067379	0.997727
17	30	-0.98434	0.176281
17	27	-0.99935	0.0360596
17	32	-0.742544	-0.669797
17	33	-0.874885	-0.48433
17	0	0.717473	0.696586
18	0	0.717473	0.696586
18	10	-0.69137	0.722501
18	3	-0.488159	0.872755
18	30	-0.98434	0.176281
18	29	0.067379	0.997727
18	5	-0.899859	-0.436181
18	8	-0.556778	-0.830661
18	7	0.857503	0.514478
18	6	-0.278816	-0.960344
18	2	-0.127518	-0.991836
18	1	0.482205	0.876058
18	33	-0.874885	-0.48433
18	12	0.162934	-0.986637
18	13	0.991194	0.132421
18	18	0.994097	0.108496
18	15	-0.898197	-0.439593
18	28	-0.0495759	0.99877
18	25	0.0379884	-0.999278
18	16	-0.182645	0.983179
18	19	-0.866511	-0.499159
18	20	0.918643	0.395088
18	21	0.029236	-0.999573
18	27	-0.99935	0.0360596
18	14	0.490951	0.871187
18	4	-0.98968	0.143298
18	32	-0.742544	-0.669797
18	26	-0.991421	0.130705
18	9	0.828785	-0.559567
18	11	0.517489	-0.85569
18	24	-0.999094	0.0425475
18	17	-0.958776	-0.284163
18	31	-0.861008	-0.508592
18	22	0.105631	0.994405
18	23	0.34881	0.937194
18	0	0.717473	0.696586
19	0	0.717473	0.696586
19	1	0.482205	0.876058
19	2	-0.127518	-0.991836
19	32	-0.742544	-0.669797
19	4	-0.98968	0.143298
19	5	-0.899859	-0.436181
19	33	-0.874885	-0.48433
19	24	-0.999094	0.0425475
19	3	-0.488159	0.872755
19	13	0.991194	0.132421
19	10	-0.69137	0.722501
19	15	-0.898197	-0.439593
19	11	0.517489	-0.85569
19	9	0.828785	-0.559567
19	12	0.162934	-0.986637
19	20	0.918643	0.395088
19	8	-0.556778	-0.830661
19	21	0.029236	-0.999573
19	18	0.994097	0.108496
19	31	-0.861008	-0.508592
19	7	0.857503	0.514478
19	29	0.067379	0.997727
19	22	0.105631	0.994405
19	19	-0.866511	-0.499159
19	6	-0.278816	-0.960344
19	25	0.0379884	-0.999278
19	30	-0.98434	0.176281
19	27	-0.99935	0.0360596
19	16	-0.182645	0.983179
19	14	0.490951	0.871187
19	26	-0.991421	0.130705
19	28	-0.0495759	0.99877
19	23	0.34881	0.937194
19	17	-0.958776	-0.284163
19	0	0.717473	0.696586
20	0	0.717473	0.696586
20	1	0.482205	0.876058
20	15	-0.898197	-0.439593
20	3	-0.488159	0.872755
20	4	-0.98968	0.143298
20	31	-0.861008	-0.508592
20	17	-0.958776	-0.284163
20	7	0.857503	0.514478
20	9	0.828785	-0.559567
20	25	0.0379884	-0.999278
20	2	-0.127518	-0.991836
20	23	0.34881	0.937194
20	30	-0.98434	0.176281
20	10	-0.69137	0.722501
20	19	-0.866511	-0.499159
20	21	0.029236	-0.999573
20	22	0.105631	0.994405
20	12	0.162934	-0.986637
20	18	0.994097	0.108496
20	33	-0.874885	-0.48433
20	5	-0.899859	-0.436181
20	6	-0.278816	-0.960344
20	29	0.067379	0.997727
20	11	0.517489	-0.85569
20	27	-0.99935	0.0360596
20	24	-0.999094	0.0425475
20	32	-0.742544	-0.669797
20	28	-0.0495759	0.99877
20	14	0.490951	0.871187
20	16	-0.182645	0.983179
20	13	0.991194	0.132421
20	20	0.918643	0.395088
20	26	-0.991421	0.130705
20	8	-0.556778	-0.830661
20	0	0.717473	0.696586
21	0	0.717473	0.696586
21	1	0.482205	0.876058
21	23	0.34881	0.937194
21	3	-0.488159	0.872755
21	7	0.857503	0.514478
21	26	-0.991421	0.130705
21	33	-0.874885	-0.48433
21	9	0.828785	-0.559567
21	8	-0.556778	-0.830661
21	20	0.918643	0.395088
21	6	-0.278816	-0.960344
21	11	0.517489	-0.85569
21	19	-0.866511	-0.499159
21	27	-0.99935	0.0360596
21	31	-0.861008	-0.508592
21	21	0.029236	-0.999573
21	16	-0.182645	0.983179
21	17	-0.958776	-0.284163
21	5	-0.899859	-0.436181
21	13	0.991194	0.132421
21	12	0.162934	-0.986637
21	18	0.994097	0.108496
21	4	-0.98968	0.143298
21	30	-0.98434	0.176281
21	24	-0.999094	0.0425475
21	15	-0.898197	-0.439593
21	2	-0.127518	-0.991836
21	22	0.105631	0.994405
21	14	0.490951	0.871187
21	29	0.067379	0.997727
21	28	-0.0495759	0.99877
21	10	-0.69137	0.722501
21	32	-0.742544	-0.669797
21	25	0.0379884	-0.999278
21	0	0.717473	0.696586
22	0	0.717473	0.696586
22	33	-0.874885	-0.48433
22	1	0.482205	0.876058
22	3	-0.488159	0.872755
22	16	-0.182645	0.983179
22	5	-0.899859	-0.436181
22	25	0.0379884	-0.999278
22	22	0.105631	0.994405
22	8	-0.556778	-0.830661
22	9	0.828785	-0.559567
22	18	0.994097	0.108496
22	4	-0.98968	0.143298
22	23	0.34881	0.937194
22	21	0.029236	-0.999573
22	11	0.517489	-0.85569
22	30	-0.98434	0.176281
22	13	0.991194	0.132421
22	17	-0.958776	-0.284163
22	20	0.918643	0.395088
22	10	-0.69137	0.722501
22	27	-0.99935	0.0360596
22	6	-0.278816	-0.960344
22	24	-0.999094	0.0425475
22	14	0.490951	0.871187
22	12	0.162934	-0.986637
22	19	-0.866511	-0.499159
22	2	-0.127518	-0.991836
22	26	-0.991421	0.130705
22	28	-0.0495759	0.99877
22	29	0.067379	0.997727
22	15	-0.898197	-0.439593
22	31	-0.861008	-0.508592
22	32	-0.742544	-0.669797
22	7	0.857503	0.514478
22	0	0.717473	0.696586
23	0	0.717473	0.696586
23	11	0.517489	-0.85569
23	2	-0.127518	-0.991836
23	3	-0.488159	0.872755
23	4	-0.98968	0.143298
23	5	-0.899859	-0.436181
23	6	-0.278816	-0.960344
23	7	0.857503	0.514478
23	17	-0.958776	-0.284163
23	9	0.828785	-0.559567
23	10	-0.69137	0.722501
23	26	-0.991421	0.130705
23	12	0.162934	-0.986637
23	13	0.991194	0.132421
23	14	0.490951	0.871187
23	15	-0.898197	-0.439593
23	16	-0.182645	0.983179
23	22	0.105631	0.994405
23	18	0.994097	0.108496
23	19	-0.866511	-0.499159
23	20	0.918643	0.395088
23	21	0.029236	-0.999573
23	8	-0.556778	-0.830661
23	23	0.34881	0.937194
23	24	-0.999094	0.0425475
23	25	0.0379884	-0.999278
23	28	-0.0495759	0.99877
23	27	-0.99935	0.0360596
23	1	0.482205	0.876058
23	29	0.067379	0.997727
23	30	-0.98434	0.176281
23	31	-0.861008	-0.508592
23	32	-0.742544	-0.669797
23	33	-0.874885	-0.48433
23	0	0.717473	0.696586
24	0	0.717473	0.696586
24	31	-0.861008	-0.508592
24	32	-0.742544	-0.669797
24	23	0.34881	0.937194
24	29	0.067379	0.997727
24	11	0.517489	-0.85569
24	6	-0.278816	-0.960344
24	20	0.918643	0.395088
24	9	0.828785	-0.559567
24	8	-0.556778	-0.830661
24	10	-0.69137	0.722501
24	12	0.162934	-0.986637
24	5	-0.899859	-0.436181
24	13	0.991194	0.132421
24	14	0.490951	0.871187
24	15	-0.898197	-0.439593
24	27	-0.99935	0.0360596
24	17	-0.958776	-0.284163
24	28	-0.0495759	0.99877
24	19	-0.866511	-0.499159
24	16	-0.182645	0.983179
24	21	0.029236	-0.999573
24	22	0.105631	0.994405
24	30	-0.98434	0.176281
24	2	-0.127518	-0.991836
24	25	0.0379884	-0.999278
24	18	0.994097	0.108496
24	24	-0.999094	0.0425475
24	4	-0.98968	0.143298
24	3	-0.488159	0.872755
24	33	-0.874885	-0.48433
24	1	0.482205	0.876058
24	7	0.857503	0.514478
24	26	-0.991421	0.130705
24	0	0.717473	0.696586
25	0	0.717473	0.696586
25	21	0.029236	-0.999573
25	3	-0.488159	0.872755
25	27	-0.99935	0.0360596
25	1	0.482205	0.876058
25	29	0.067379	0.997727
25	32	-0.742544	-0.669797
25	12	0.162934	-0.986637
25	23	0.34881	0.937194
25	9	0.828785	-0.559567
25	10	-0.69137	0.722501
25	13	0.991194	0.132421
25	31	-0.861008	-0.508592
25	7	0.857503	0.514478
25	18	0.994097	0.108496
25	4	-0.98968	0.143298
25	19	-0.866511	-0.499159
25	17	-0.958776	-0.284163
25	24	-0.999094	0.0425475
25	26	-0.991421	0.130705
25	25	0.0379884	-0.999278
25	14	0.490951	0.871187
25	22	0.105631	0.994405
25	28	-0.0495759	0.99877
25	20	0.918643	0.395088
25	11	0.517489	-0.85569
25	5	-0.899859	-0.436181
25	2	-0.127518	-0.991836
25	8	-0.556778	-0.830661
25	6	-0.278816	-0.960344
25	15	-0.898197	-0.439593
25	30	-0.98434	0.176281
25	16	-0.182645	0.983179
25	33	-0.874885	-0.48433
25	0	0.717473	0.696586
26	0	0.717473	0.696586
26	1	0.482205	0.876058
26	21	0.029236	-0.999573
26	3	-0.488159	0.872755
26	10	-0.69137	0.722501
26	11	0.517489	-0.85569
26	6	-0.278816	-0.960344
26	7	0.857503	0.514478
26	8	-0.556778	-0.830661
26	29	0.067379	0.997727
26	24	-0.999094	0.0425475
26	27	-0.99935	0.0360596
26	30	-0.98434	0.176281
26	19	-0.866511	-0.499159
26	18	0.994097	0.108496
26	17	-0.958776	-0.284163
26	16	-0.182645	0.983179
26	33	-0.874885	-0.48433
26	14	0.490951	0.871187
26	15	-0.898197	-0.439593
26	5	-0.899859	-0.436181
26	12	0.162934	-0.986637
26	25	0.0379884	-0.999278
26	9	0.828785	-0.559567
26	28	-0.0495759	0.99877
26	4	-0.98968	0.143298
26	13	0.991194	0.132421
26	23	0.34881	0.937194
26	22	0.105631	0.994405
26	26	-0.991421	0.130705
26	32	-0.742544	-0.669797
26	31	-0.861008	-0.508592
26	20	0.918643	0.395088
26	2	-0.127518	-0.991836
26	0	0.717473	0.696586
27	0	0.717473	0.696586
27	16	-0.182645	0.983179
27	20	0.918643	0.395088
27	31	-0.861008	-0.508592
27	14	0.490951	0.871187
27	11	0.517489	-0.85569
27	18	0.994097	0.108496
27	6	-0.278816	-0.960344
27	27	-0.99935	0.0360596
27	1	0.482205	0.876058
27	10	-0.69137	0.722501
27	30	-0.98434	0.176281
27	12	0.162934	-0.986637
27	13	0.991194	0.132421
27	26	-0.991421	0.130705
27	15	-0.898197	-0.439593
27	2	-0.127518	-0.991836
27	17	-0.958776	-0.284163
27	23	0.34881	0.937194
27	7	0.857503	0.514478
27	33	-0.874885	-0.48433
27	22	0.105631	0.994405
27	3	-0.488159	0.872755
27	19	-0.866511	-0.499159
27	5	-0.899859	-0.436181
27	25	0.0379884	-0.999278
27	24	-0.999094	0.0425475
27	29	0.067379	0.997727
27	9	0.828785	-0.559567
27	21	0.029236	-0.999573
27	4	-0.98968	0.143298
27	8	-0.556778	-0.830661
27	32	-0.742544	-0.669797
27	28	-0.0495759	0.99877
27	0	0.717473	0.696586
28	0	0.717473	0.696586
28	8	-0.556778	-0.830661
28	29	0.067379	0.997727
28	7	0.857503	0.514478
28	4	-0.98968	0.143298
28	6	-0.278816	-0.960344
28	24	-0.999094	0.0425475
28	13	0.991194	0.132421
28	19	-0.866511	-0.499159
28	15	-0.898197	-0.439593
28	10	-0.69137	0.722501
28	27	-0.99935	0.0360596
28	23	0.34881	0.937194
28	32	-0.742544	-0.669797
28	33	-0.874885	-0.48433
28	12	0.162934	-0.986637
28	18	0.994097	0.108496
28	17	-0.958776	-0.284163
28	26	-0.991421	0.130705
28	3	-0.488159	0.872755
28	31	-0.861008	-0.508592
28	25	0.0379884	-0.999278
28	2	-0.127518	-0.991836
28	5	-0.899859	-0.436181
28	20	0.918643	0.395088
28	16	-0.182645	0.983179
28	1	0.482205	0.876058
28	11	0.517489	-0.85569
28	28	-0.0495759	0.99877
28	22	0.105631	0.994405
28	30	-0.98434	0.176281
28	21	0.029236	-0.999573
28	9	0.828785	-0.559567
28	14	0.490951	0.871187
28	0	0.717473	0.696586
29	0	0.717473	0.696586
29	8	-0.556778	-0.830661
29	15	-0.898197	-0.439593
29	3	-0.488159	0.872755
29	19	-0.866511	-0.499159
29	5	-0.899859	-0.436181
29	6	-0.278816	-0.960344
29	7	0.857503	0.514478
29	24	-0.999094	0.0425475
29	9	0.828785	-0.559567
29	14	0.490951	0.871187
29	11	0.517489	-0.85569
29	33	-0.874885	-0.48433
29	2	-0.127518	-0.991836
29	4	-0.98968	0.143298
29	31	-0.861008	-0.508592
29	16	-0.182645	0.983179
29	29	0.067379	0.997727
29	25	0.0379884	-0.999278
29	26	-0.991421	0.130705
29	20	0.918643	0.395088
29	1	0.482205	0.876058
29	32	-0.742544	-0.669797
29	23	0.34881	0.937194
29	10	-0.69137	0.722501
29	28	-0.0495759	0.99877
29	18	0.994097	0.108496
29	27	-0.99935	0.0360596
29	13	0.991194	0.132421
29	21	0.029236	-0.999573
29	17	-0.958776	-0.284163
29	12	0.162934	-0.986637
29	30	-0.98434	0.176281
29	22	0.105631	0.994405
29	0	0.717473	0.696586
30	0	0.717473	0.696586
30	7	0.857503	0.514478
30	2	-0.127518	-0.991836
30	3	-0.488159	0.872755
30	4	-0.98968	0.143298
30	5	-0.899859	-0.436181
30	20	0.918643	0.395088
30	27	-0.99935	0.0360596
30	8	-0.556778	-0.830661
30	9	0.828785	-0.559567
30	10	-0.69137	0.722501
30	11	0.517489	-0.85569
30	12	0.162934	-0.986637
30	13	0.991194	0.132421
30	14	0.490951	0.871187
30	32	-0.742544	-0.669797
30	16	-0.182645	0.983179
30	17	-0.958776	-0.284163
30	18	0.994097	0.108496
30	31	-0.861008	-0.508592
30	6	-0.278816	-0.960344
30	21	0.029236	-0.999573
30	22	0.105631	0.994405
30	23	0.34881	0.937194
30	24	-0.999094	0.0425475
30	25	0.0379884	-0.999278
30	26	-0.991421	0.130705
30	1	0.482205	0.876058
30	28	-0.0495759	0.99877
30	29	0.067379	0.997727
30	30	-0.98434	0.176281
30	19	-0.866511	-0.499159
30	15	-0.898197	-0.439593
30	33	-0.874885	-0.48433
30	0	0.717473	0.696586
31	0	0.717473	0.696586
31	1	0.482205	0.876058
31	2	-0.127518	-0.991836
31	3	-0.488159	0.872755
31	24	-0.999094	0.0425475
31	5	-0.899859	-0.436181
31	6	-0.278816	-0.960344
31	7	0.857503	0.514478
31	8	-0.556778	-0.830661
31	27	-0.99935	0.0360596
31	10	-0.69137	0.722501
31	13	0.991194	0.132421
31	32	-0.742544	-0.669797
31	11	0.517489	-0.85569
31	14	0.490951	0.871187
31	15	-0.898197	-0.439593
31	16	-0.182645	0.983179
31	33	-0.874885	-0.48433
31	18	0.994097	0.108496
31	26	-0.991421	0.130705
31	20	0.918643	0.395088
31	21	0.029236	-0.999573
31	22	0.105631	0.994405
31	23	0.34881	0.937194
31	4	-0.98968	0.143298
31	25	0.0379884	-0.999278
31	19	-0.866511	-0.499159
31	9	0.828785	-0.559567
31	28	-0.0495759	0.99877
31	29	0.067379	0.997727
31	30	-0.98434	0.176281
31	31	-0.861008	-0.508592
31	12	0.162934	-0.986637
31	17	-0.958776	-0.284163
31	0	0.717473	0.696586
32	0	0.717473	0.696586
32	12	0.162934	-0.986637
32	2	-0.127518	-0.991836
32	29	0.067379	0.997727
32	4	-0.98968	0.143298
32	5	-0.899859	-0.436181
32	6	-0.278816	-0.960344
32	33	-0.874885	-0.48433
32	8	-0.556778	-0.830661
32	14	0.490951	0.871187
32	24	-0.999094	0.0425475
32	11	0.517489	-0.85569
32	1	0.482205	0.876058
32	13	0.991194	0.132421
32	9	0.828785	-0.559567
32	28	-0.0495759	0.99877
32	16	-0.182645	0.983179
32	17	-0.958776	-0.284163
32	18	0.994097	0.108496
32	19	-0.866511	-0.499159
32	30	-0.98434	0.176281
32	22	0.105631	0.994405
32	10	-0.69137	0.722501
32	23	0.34881	0.937194
32	21	0.029236	-0.999573
32	25	0.0379884	-0.999278
32	26	-0.991421	0.130705
32	27	-0.99935	0.0360596
32	15	-0.898197	-0.439593
32	3	-0.488159	0.872755
32	20	0.918643	0.395088
32	31	-0.861008	-0.508592
32	32	-0.742544	-0.669797
32	7	0.857503	0.514478
32	0	0.717473	0.696586
33	0	0.717473	0.696586
33	26	-0.991421	0.130705
33	18	0.994097	0.108496
33	3	-0.488159	0.872755
33	10	-0.69137	0.722501
33	15	-0.898197	-0.439593
33	23	0.34881	0.937194
33	16	-0.182645	0.983179
33	6	-0.278816	-0.960344
33	22	0.105631	0.994405
33	19	-0.866511	-0.499159
33	11	0.517489	-0.85569
33	9	0.828785	-0.559567
33	12	0.162934	-0.986637
33	32	-0.742544	-0.669797
33	17	-0.958776	-0.284163
33	25	0.0379884	-0.999278
33	14	0.490951	0.871187
33	21	0.029236	-0.999573
33	4	-0.98968	0.143298
33	31	-0.861008	-0.508592
33	2	-0.127518	-0.991836
33	5	-0.899859	-0.436181
33	8	-0.556778	-0.830661
33	20	0.918643	0.395088
33	7	0.857503	0.514478
33	13	0.991194	0.132421
33	28	-0.0495759	0.99877
33	33	-0.874885	-0.48433
33	29	0.067379	0.997727
33	30	-0.98434	0.176281
33	24	-0.999094	0.0425475
33	27	-0.99935	0.0360596
33	1	0.482205	0.876058
33	0	0.717473	0.696586
34	0	0.717473	0.696586
34	25	0.0379884	-0.999278
34	26	-0.991421	0.130705
34	3	-0.488159	0.872755
34	2	-0.127518	-0.991836
34	29	0.067379	0.997727
34	17	-0.958776	-0.284163
34	14	0.490951	0.871187
34	12	0.162934	-0.986637
34	24	-0.999094	0.0425475
34	30	-0.98434	0.176281
34	7	0.857503	0.514478
34	6	-0.278816	-0.960344
34	20	0.918643	0.395088
34	33	-0.874885	-0.48433
34	19	-0.866511	-0.499159
34	9	0.828785	-0.559567
34	4	-0.98968	0.143298
34	11	0.517489	-0.85569
34	10	-0.69137	0.722501
34	13	0.991194	0.132421
34	8	-0.556778	-0.830661
34	22	0.105631	0.994405
34	5	-0.899859	-0.436181
34	28	-0.0495759	0.99877
34	1	0.482205	0.876058
34	27	-0.99935	0.0360596
34	16	-0.182645	0.983179
34	32	-0.742544	-0.669797
34	15	-0.898197	-0.439593
34	23	0.34881	0.937194
34	31	-0.861008	-0.508592
34	18	0.994097	0.108496
34	21	0.029236	-0.999573
34	0	0.717473	0.696586
35	0	0.717473	0.696586
35	1	0.482205	0.876058
35	17	-0.958776	-0.284163
35	11	0.517489	-0.85569
35	4	-0.98968	0.143298
35	5	-0.899859	-0.436181
35	28	-0.0495759	0.99877
35	18	0.994097	0.108496
35	8	-0.556778	-0.830661
35	13	0.991194	0.132421
35	24	-0.999094	0.0425475
35	26	-0.991421	0.130705
35	12	0.162934	-0.986637
35	2	-0.127518	-0.991836
35	16	-0.182645	0.983179
35	15	-0.898197	-0.439593
35	19	-0.866511	-0.499159
35	9	0.828785	-0.559567
35	21	0.029236	-0.999573
35	14	0.490951	0.871187
35	20	0.918643	0.395088
35	6	-0.278816	-0.960344
35	22	0.105631	0.994405
35	23	0.34881	0.937194
35	10	-0.69137	0.722501
35	25	0.0379884	-0.999278
35	33	-0.874885	-0.48433
35	29	0.067379	0.997727
35	7	0.857503	0.514478
35	3	-0.488159	0.872755
35	30	-0.98434	0.176281
35	32	-0.742544	-0.669797
35	31	-0.861008	-0.508592
35	27	-0.99935	0.0360596
35	0	0.717473	0.696586
36	0	0.717473	0.696586
36	1	0.482205	0.876058
36	2	-0.127518	-0.991836
36	31	-0.861008	-0.508592
36	22	0.105631	0.994405
36	5	-0.899859	-0.436181
36	33	-0.874885	-0.48433
36	24	-0.999094	0.0425475
36	10	-0.69137	0.722501
36	7	0.857503	0.514478
36	9	0.828785	-0.559567
36	28	-0.0495759	0.99877
36	12	0.162934	-0.986637
36	13	0.991194	0.132421
36	14	0.490951	0.871187
36	11	0.517489	-0.85569
36	8	-0.556778	-0.830661
36	17	-0.958776	-0.284163
36	30	-0.98434	0.176281
36	19	-0.866511	-0.499159
36	3	-0.488159	0.872755
36	21	0.029236	-0.999573
36	23	0.34881	0.937194
36	18	0.994097	0.108496
36	16	-0.182645	0.983179
36	15	-0.898197	-0.439593
36	26	-0.991421	0.130705
36	27	-0.99935	0.0360596
36	25	0.0379884	-0.999278
36	4	-0.98968	0.143298
36	29	0.067379	0.997727
36	20	0.918643	0.395088
36	32	-0.742544	-0.669797
36	6	-0.278816	-0.960344
36	0	0.717473	0.696586
37	0	0.717473	0.696586
37	32	-0.742544	-0.669797
37	18	0.994097	0.108496
37	3	-0.488159	0.872755
37	27	-0.99935	0.0360596
37	20	0.918643	0.395088
37	10	-0.69137	0.722501
37	14	0.490951	0.871187
37	9	0.828785	-0.559567
37	33	-0.874885	-0.48433
37	6	-0.278816	-0.960344
37	2	-0.127518	-0.991836
37	22	0.105631	0.994405
37	19	-0.866511	-0.499159
37	30	-0.98434	0.176281
37	26	-0.991421	0.130705
37	7	0.857503	0.514478
37	1	0.482205	0.876058
37	16	-0.182645	0.983179
37	13	0.991194	0.132421
37	17	-0.958776	-0.284163
37	24	-0.999094	0.0425475
37	11	0.517489	-0.85569
37	23	0.34881	0.937194
37	4	-0.98968	0.143298
37	12	0.162934	-0.986637
37	15	-0.898197	-0.439593
37	25	0.0379884	-0.999278
37	28	-0.0495759	0.99877
37	29	0.067379	0.997727
37	5	-0.899859	-0.436181
37	8	-0.556778	-0.830661
37	31	-0.861008	-0.508592
37	21	0.029236	-0.999573
37	0	0.717473	0.696586
38	0	0.717473	0.696586
38	33	-0.874885	-0.48433
38	2	-0.127518	-0.991836
38	30	-0.98434	0.176281
38	4	-0.98968	0.143298
38	11	0.517489	-0.85569
38	20	0.918643	0.395088
38	7	0.857503	0.514478
38	10	-0.69137	0.722501
38	17	-0.958776	-0.284163
38	27	-0.99935	0.0360596
38	25	0.0379884	-0.999278
38	8	-0.556778	-0.830661
38	19	-0.866511	-0.499159
38	24	-0.999094	0.0425475
38	14	0.490951	0.871187
38	32	-0.742544	-0.669797
38	23	0.34881	0.937194
38	18	0.994097	0.108496
38	13	0.991194	0.132421
38	15	-0.898197	-0.439593
38	1	0.482205	0.876058
38	22	0.105631	0.994405
38	9	0.828785	-0.559567
38	3	-0.488159	0.872755
38	12	0.162934	-0.986637
38	26	-0.991421	0.130705
38	31	-0.861008	-0.508592
38	21	0.029236	-0.999573
38	29	0.067379	0.997727
38	28	-0.0495759	0.99877
38	6	-0.278816	-0.960344
38	16	-0.182645	0.983179
38	5	-0.899859	-0.436181
38	0	0.717473	0.696586
39	0	0.717473	0.696586
39	4	-0.98968	0.143298
39	2	-0.127518	-0.991836
39	31	-0.861008	-0.508592
39	32	-0.742544	-0.669797
39	5	-0.899859	-0.436181
39	3	-0.488159	0.872755
39	29	0.067379	0.997727
39	8	-0.556778	-0.830661
39	9	0.828785	-0.559567
39	15	-0.898197	-0.439593
39	27	-0.99935	0.0360596
39	12	0.162934	-0.986637
39	13	0.991194	0.132421
39	19	-0.866511	-0.499159
39	18	0.994097	0.108496
39	16	-0.182645	0.983179
39	20	0.918643	0.395088
39	22	0.105631	0.994405
39	11	0.517489	-0.85569
39	17	-0.958776	-0.284163
39	21	0.029236	-0.999573
39	10	-0.69137	0.722501
39	23	0.34881	0.937194
39	24	-0.999094	0.0425475
39	25	0.0379884	-0.999278
39	26	-0.991421	0.130705
39	1	0.482205	0.876058
39	28	-0.0495759	0.99877
39	7	0.857503	0.514478
39	30	-0.98434	0.176281
39	6	-0.278816	-0.960344
39	14	0.490951	0.871187
39	33	-0.874885	-0.48433
39	0	0.717473	0.696586
40	0	0.717473	0.696586
40	8	-0.556778	-0.830661
40	22	0.105631	0.994405
40	16	-0.182645	0.983179
40	27	-0.99935	0.0360596
40	24	-0.999094	0.0425475
40	4	-0.98968	0.143298
40	7	0.857503	0.514478
40	29	0.067379	0.997727
40	33	-0.874885	-0.48433
40	5	-0.899859	-0.436181
40	19	-0.866511	-0.499159
40	12	0.162934	-0.986637
40	15	-0.898197	-0.439593
40	18	0.994097	0.108496
40	1	0.482205	0.876058
40	3	-0.488159	0.872755
40	17	-0.958776	-0.284163
40	32	-0.742544	-0.669797
40	25	0.0379884	-0.999278
40	31	-0.861008	-0.508592
40	21	0.029236	-0.999573
40	13	0.991194	0.132421
40	23	0.34881	0.937194
40	20	0.918643	0.395088
40	30	-0.98434	0.176281
40	26	-0.991421	0.130705
40	11	0.517489	-0.85569
40	10	-0.69137	0.722501
40	28	-0.0495759	0.99877
40	14	0.490951	0.871187
40	9	0.828785	-0.559567
40	6	-0.278816	-0.960344
40	2	-0.127518	-0.991836
40	0	0.717473	0.696586
41	0	0.717473	0.696586
41	6	-0.278816	-0.960344
41	2	-0.127518	-0.991836
41	3	-0.488159	0.872755
41	4	-0.98968	0.143298
41	28	-0.0495759	0.99877
41	18	0.994097	0.108496
41	5	-0.899859	-0.436181
41	20	0.918643	0.395088
41	9	0.828785	-0.559567
41	22	0.105631	0.994405
41	11	0.517489	-0.85569
41	31	-0.861008	-0.508592
41	27	-0.99935	0.0360596
41	24	-0.999094	0.0425475
41	19	-0.866511	-0.499159
41	16	-0.182645	0.983179
41	33	-0.874885	-0.48433
41	10	-0.69137	0.722501
41	23	0.34881	0.937194
41	8	-0.556778	-0.830661
41	21	0.029236	-0.999573
41	12	0.162934	-0.986637
41	13	0.991194	0.132421
41	14	0.490951	0.871187
41	15	-0.898197	-0.439593
41	25	0.0379884	-0.999278
41	1	0.482205	0.876058
41	7	0.857503	0.514478
41	17	-0.958776	-0.284163
41	30	-0.98434	0.176281
41	32	-0.742544	-0.669797
41	29	0.067379	0.997727
41	26	-0.991421	0.130705
41	0	0.717473	0.696586
42	0	0.717473	0.696586
42	16	-0.182645	0.983179
42	8	-0.556778	-0.830661
42	3	-0.488159	0.872755
42	22	0.105631	0.994405
42	26	-0.991421	0.130705
42	9	0.828785	-0.559567
42	6	-0.278816	-0.960344
42	30	-0.98434	0.176281
42	19	-0.866511	-0.499159
42	21	0.029236	-0.999573
42	25	0.0379884	-0.999278
42	12	0.162934	-0.986637
42	32	-0.742544	-0.669797
42	14	0.490951	0.871187
42	10	-0.69137	0.722501
42	15	-0.898197	-0.439593
42	28	-0.0495759	0.99877
42	27	-0.99935	0.0360596
42	7	0.857503	0.514478
42	20	0.918643	0.395088
42	17	-0.958776	-0.284163
42	1	0.482205	0.876058
42	23	0.34881	0.937194
42	4	-0.98968	0.143298
42	13	0.991194	0.132421
42	31	-0.861008	-0.508592
42	18	0.994097	0.108496
42	2	-0.127518	-0.991836
42	29	0.067379	0.997727
42	11	0.517489	-0.85569
42	24	-0.999094	0.0425475
42	5	-0.899859	-0.436181
42	33	-0.874885	-0.48433
42	0	0.717473	0.696586
43	0	0.717473	0.696586
43	18	0.994097	0.108496
43	2	-0.127518	-0.991836
43	17	-0.958776	-0.284163
43	4	-0.98968	0.143298
43	27	-0.99935	0.0360596
43	6	-0.278816	-0.960344
43	7	0.857503	0.514478
43	8	-0.556778	-0.830661
43	9	0.828785	-0.559567
43	10	-0.69137	0.722501
43	20	0.918643	0.395088
43	13	0.991194	0.132421
43	12	0.162934	-0.986637
43	14	0.490951	0.871187
43	15	-0.898197	-0.439593
43	33	-0.874885	-0.48433
43	3	-0.488159	0.872755
43	11	0.517489	-0.85569
43	19	-0.866511	-0.499159
43	1	0.482205	0.876058
43	21	0.029236	-0.999573
43	22	0.105631	0.994405
43	23	0.34881	0.937194
43	24	-0.999094	0.0425475
43	25	0.0379884	-0.999278
43	26	-0.991421	0.130705
43	5	-0.899859	-0.436181
43	28	-0.0495759	0.99877
43	29	0.067379	0.997727
43	30	-0.98434	0.176281
43	31	-0.861008	-0.508592
43	32	-0.742544	-0.669797
43	16	-0.182645	0.983179
43	0	0.717473	0.696586
44	0	0.717473	0.696586
44	6	-0.278816	-0.960344
44	2	-0.127518	-0.991836
44	14	0.490951	0.871187
44	26	-0.991421	0.130705
44	32	-0.742544	-0.669797
44	4	-0.98968	0.143298
44	31	-0.861008	-0.508592
44	8	-0.556778	-0.830661
44	9	0.828785	-0.559567
44	10	-0.69137	0.722501
44	11	0.517489	-0.85569
44	3	-0.488159	0.872755
44	13	0.991194	0.132421
44	19	-0.866511	-0.499159
44	15	-0.898197	-0.439593
44	16	-0.182645	0.983179
44	17	-0.958776	-0.284163
44	18	0.994097	0.108496
44	1	0.482205	0.876058
44	5	-0.899859	-0.436181
44	7	0.857503	0.514478
44	22	0.105631	0.994405
44	24	-0.999094	0.0425475
44	23	0.34881	0.937194
44	25	0.0379884	-0.999278
44	30	-0.98434	0.176281
44	27	-0.99935	0.0360596
44	28	-0.0495759	0.99877
44	29	0.067379	0.997727
44	21	0.029236	-0.999573
44	12	0.162934	-0.986637
44	20	0.918643	0.395088
44	33	-0.874885	-0.48433
44	0	0.717473	0.696586
45	0	0.717473	0.696586
45	1	0.482205	0.876058
45	15	-0.898197	-0.439593
45	3	-0.488159	0.872755
45	4	-0.98968	0.143298
45	5	-0.899859	-0.436181
45	24	-0.999094	0.0425475
45	7	0.857503	0.514478
45	8	-0.556778	-0.830661
45	16	-0.182645	0.983179
45	10	-0.69137	0.722501
45	20	0.918643	0.395088
45	12	0.162934	-0.986637
45	18	0.994097	0.108496
45	19	-0.866511	-0.499159
45	2	-0.127518	-0.991836
45	9	0.828785	-0.559567
45	17	-0.958776	-0.284163
45	13	0.991194	0.132421
45	14	0.490951	0.871187
45	11	0.517489	-0.85569
45	21	0.029236	-0.999573
45	22	0.105631	0.994405
45	23	0.34881	0.937194
45	6	-0.278816	-0.960344
45	25	0.0379884	-0.999278
45	26	-0.991421	0.130705
45	28	-0.0495759	0.99877
45	27	-0.99935	0.0360596
45	29	0.067379	0.997727
45	30	-0.98434	0.176281
45	31	-0.861008	-0.508592
45	32	-0.742544	-0.669797
45	33	-0.874885	-0.48433
45	0	0.717473	0.696586
46	0	0.717473	0.696586
46	14	0.490951	0.871187
46	12	0.162934	-0.986637
46	2	-0.127518	-0.991836
46	21	0.029236	-0.999573
46	30	-0.98434	0.176281
46	6	-0.278816	-0.960344
46	32	-0.742544	-0.669797
46	8	-0.556778	-0.830661
46	15	-0.898197	-0.439593
46	10	-0.69137	0.722501
46	16	-0.182645	0.983179
46	22	0.105631	0.994405
46	13	0.991194	0.132421
46	27	-0.99935	0.0360596
46	17	-0.958776	-0.284163
46	29	0.067379	0.997727
46	4	-0.98968	0.143298
46	18	0.994097	0.108496
46	19	-0.866511	-0.499159
46	20	0.918643	0.395088
46	24	-0.999094	0.0425475
46	7	0.857503	0.514478
46	23	0.34881	0.937194
46	1	0.482205	0.876058
46	9	0.828785	-0.559567
46	26	-0.991421	0.130705
46	11	0.517489	-0.85569
46	25	0.0379884	-0.999278
46	3	-0.488159	0.872755
46	5	-0.899859	-0.436181
46	31	-0.861008	-0.508592
46	28	-0.0495759	0.99877
46	33	-0.874885	-0.48433
46	0	0.717473	0.696586
47	0	0.717473	0.696586
47	1	0.482205	0.876058
47	2	-0.127518	-0.991836
47	6	-0.278816	-0.960344
47	9	0.828785	-0.559567
47	25	0.0379884	-0.999278
47	3	-0.488159	0.872755
47	11	0.517489	-0.85569
47	17	-0.958776	-0.284163
47	23	0.34881	0.937194
47	5	-0.899859	-0.436181
47	19	-0.866511	-0.499159
47	28	-0.0495759	0.99877
47	24	-0.999094	0.0425475
47	33	-0.874885	-0.48433
47	18	0.994097	0.108496
47	12	0.162934	-0.986637
47	7	0.857503	0.514478
47	26	-0.991421	0.130705
47	22	0.105631	0.994405
47	20	0.918643	0.395088
47	21	0.029236	-0.999573
47	32	-0.742544	-0.669797
47	4	-0.98968	0.143298
47	31	-0.861008	-0.508592
47	10	-0.69137	0.722501
47	14	0.490951	0.871187
47	27	-0.99935	0.0360596
47	8	-0.556778	-0.830661
47	13	0.991194	0.132421
47	30	-0.98434	0.176281
47	16	-0.182645	0.983179
47	29	0.067379	0.997727
47	15	-0.898197	-0.439593
47	0	0.717473	0.696586
48	0	0.717473	0.696586
48	20	0.918643	0.395088
48	2	-0.127518	-0.991836
48	1	0.482205	0.876058
48	8	-0.556778	-0.830661
48	10	-0.69137	0.722501
48	17	-0.958776	-0.284163
48	29	0.067379	0.997727
48	9	0.828785	-0.559567
48	33	-0.874885	-0.48433
48	31	-0.861008	-0.508592
48	3	-0.488159	0.872755
48	14	0.490951	0.871187
48	13	0.991194	0.132421
48	12	0.162934	-0.986637
48	15	-0.898197	-0.439593
48	16	-0.182645	0.983179
48	5	-0.899859	-0.436181
48	18	0.994097	0.108496
48	19	-0.866511	-0.499159
48	4	-0.98968	0.143298
48	7	0.857503	0.514478
48	27	-0.99935	0.0360596
48	23	0.34881	0.937194
48	24	-0.999094	0.0425475
48	25	0.0379884	-0.999278
48	26	-0.991421	0.130705
48	11	0.517489	-0.85569
48	28	-0.0495759	0.99877
48	6	-0.278816	-0.960344
48	30	-0.98434	0.176281
48	22	0.105631	0.994405
48	32	-0.742544	-0.669797
48	21	0.029236	-0.999573
48	0	0.717473	0.696586
49	0	0.717473	0.696586
49	18	0.994097	0.108496
49	2	-0.127518	-0.991836
49	3	-0.488159	0.872755
49	4	-0.98968	0.143298
49	5	-0.899859	-0.436181
49	33	-0.874885	-0.48433
49	7	0.857503	0.514478
49	8	-0.556778	-0.830661
49	9	0.828785	-0.559567
49	10	-0.69137	0.722501
49	16	-0.182645	0.983179
49	12	0.162934	-0.986637
49	13	0.991194	0.132421
49	27	-0.99935	0.0360596
49	15	-0.898197	-0.439593
49	11	0.517489	-0.85569
49	19	-0.866511	-0.499159
49	1	0.482205	0.876058
49	26	-0.991421	0.130705
49	20	0.918643	0.395088
49	21	0.029236	-0.999573
49	22	0.105631	0.994405
49	17	-0.958776	-0.284163
49	24	-0.999094	0.0425475
49	14	0.490951	0.871187
49	23	0.34881	0.937194
49	25	0.0379884	-0.999278
49	28	-0.0495759	0.99877
49	29	0.067379	0.997727
49	30	-0.98434	0.176281
49	31	-0.861008	-0.508592
49	32	-0.742544	-0.669797
49	6	-0.278816	-0.960344
49	0	0.717473	0.696586
